# Blender v2.79 (sub 0) OBJ File: 'god-of-war-axe.blend'
# www.blender.org
mtllib god-of-war-axe.mtl
o Blade_Cube.001
v 0.012472 3.449687 0.002655
v 0.022018 3.449687 0.002655
v 0.012472 3.443939 -0.075162
v 0.005574 3.449687 0.002655
v 0.012472 3.454732 0.082413
v 0.022018 3.454732 0.082413
v 0.022018 3.443939 -0.075162
v 0.005574 3.443939 -0.075162
v 0.005574 3.454732 0.082413
v 0.126034 3.548295 1.534248
v 0.127660 3.538741 1.491603
v 0.121156 3.573741 1.536911
v 0.121156 3.553304 1.564246
v 0.127660 3.502517 1.539141
v 0.129332 3.493044 1.496141
v 0.122643 3.564634 1.494451
v 0.116696 3.577320 1.565608
v 0.122643 3.507868 1.569721
v 0.012472 1.569836 1.015672
v 0.012472 1.606561 1.052451
v 0.005574 1.561488 1.018103
v 0.012472 1.550621 0.994078
v 0.022018 1.585978 1.011408
v 0.022018 1.621903 1.047594
v 0.005574 1.598679 1.055211
v 0.005574 1.542083 0.996321
v 0.022018 1.567029 0.990139
v 0.012472 3.609303 1.688044
v 0.012472 3.603922 1.636302
v 0.005574 3.609491 1.694965
v 0.012472 3.607016 1.718044
v 0.022018 3.608741 1.675324
v 0.022018 3.603198 1.624483
v 0.005574 3.604163 1.642735
v 0.005574 3.607138 1.725248
v 0.022018 3.606652 1.704800
v 0.012472 3.559530 1.754592
v 0.022018 3.559509 1.740816
v 0.012472 3.585310 1.745830
v 0.005574 3.559539 1.762081
v 0.012472 3.513362 1.763565
v 0.022018 3.513359 1.749762
v 0.022018 3.585234 1.732137
v 0.005574 3.585336 1.753274
v 0.005574 3.513364 1.771069
v 0.012472 3.462074 0.304000
v 0.012472 3.460990 0.234230
v 0.005574 3.462074 0.304000
v 0.012472 3.462194 0.371136
v 0.022018 3.462074 0.304000
v 0.022018 3.460990 0.234230
v 0.005574 3.460990 0.234230
v 0.005574 3.462194 0.371136
v 0.022018 3.462194 0.371136
v 0.012472 3.456941 0.825306
v 0.012472 3.455585 0.756187
v 0.005574 3.456944 0.825397
v 0.012472 3.463606 0.908536
v 0.022018 3.456926 0.825136
v 0.022018 3.455587 0.756199
v 0.005574 3.455583 0.756180
v 0.005574 3.463627 0.908930
v 0.022018 3.463538 0.907808
v 0.075688 2.950521 0.279171
v 0.076355 2.951699 0.199896
v 0.096773 2.960027 0.280175
v 0.075466 2.943288 0.355747
v 0.054351 2.947352 0.278835
v 0.054351 2.951109 0.199591
v 0.099441 2.953467 0.200813
v 0.095884 2.955529 0.356484
v 0.054351 2.939207 0.355499
v 0.062746 2.601146 0.853783
v 0.067259 2.684491 0.782488
v 0.079473 2.616019 0.854618
v 0.059056 2.509807 0.913728
v 0.046144 2.596185 0.853487
v 0.049056 2.679166 0.782774
v 0.085293 2.700455 0.781562
v 0.074721 2.520403 0.920948
v 0.043761 2.506273 0.911310
v 0.127698 3.444749 0.304058
v 0.127814 3.445170 0.234458
v 0.122643 3.453207 0.303991
v 0.127660 3.444139 0.371137
v 0.129486 3.430016 0.304268
v 0.129949 3.434599 0.235299
v 0.122643 3.452207 0.234192
v 0.122643 3.453185 0.371136
v 0.129332 3.427810 0.371139
v 0.127660 3.421929 0.823958
v 0.127660 3.425557 0.756800
v 0.122643 3.439320 0.823627
v 0.127660 3.422905 0.900580
v 0.129332 3.390556 0.824652
v 0.129332 3.398375 0.757211
v 0.122643 3.440613 0.756555
v 0.122643 3.442644 0.900276
v 0.129332 3.387367 0.901664
v 0.075303 1.674432 0.943347
v 0.075466 1.695355 0.936067
v 0.095233 1.716420 0.939218
v 0.074815 1.664342 0.949964
v 0.054351 1.633194 0.949683
v 0.054351 1.656032 0.941782
v 0.095884 1.736051 0.932407
v 0.093282 1.704622 0.945622
v 0.054351 1.623006 0.956727
v 0.126021 1.813228 0.959643
v 0.127607 1.844070 0.986877
v 0.121156 1.793761 0.965149
v 0.121156 1.785281 0.944817
v 0.127607 1.832093 0.952796
v 0.129121 1.862764 0.978853
v 0.122643 1.824372 0.993154
v 0.116696 1.767884 0.950485
v 0.122643 1.804095 0.938376
v 0.074893 2.003522 0.864939
v 0.073824 2.034872 0.874650
v 0.094704 1.996338 0.869254
v 0.074815 1.975335 0.862847
v 0.054087 2.005493 0.863569
v 0.053292 2.037581 0.872942
v 0.093766 2.026744 0.879773
v 0.093282 1.970861 0.866509
v 0.054351 1.975131 0.861899
v 0.127660 3.438765 0.566514
v 0.127660 3.441317 0.501876
v 0.122643 3.449201 0.566496
v 0.127660 3.435343 0.630585
v 0.129332 3.419930 0.566550
v 0.129332 3.423741 0.501887
v 0.122643 3.451055 0.501873
v 0.122643 3.446836 0.630531
v 0.129332 3.414599 0.630685
v 0.075056 2.865706 0.567809
v 0.075466 2.902245 0.499319
v 0.095354 2.879607 0.567797
v 0.073824 2.817652 0.636590
v 0.054087 2.861069 0.567796
v 0.054351 2.897851 0.499259
v 0.095884 2.915422 0.499464
v 0.093766 2.832321 0.636402
v 0.053292 2.812757 0.636631
v 0.012472 3.459593 0.566478
v 0.012472 3.460753 0.501873
v 0.005574 3.459593 0.566477
v 0.012472 3.458278 0.630457
v 0.022018 3.459594 0.566478
v 0.022018 3.460753 0.501873
v 0.005574 3.460753 0.501873
v 0.005574 3.458277 0.630456
v 0.022018 3.458278 0.630459
v 0.127250 3.013516 0.567493
v 0.127660 3.042303 0.500704
v 0.129068 3.081703 0.567325
v 0.126019 2.973824 0.634390
v 0.122113 2.953728 0.567638
v 0.122643 2.985687 0.500181
v 0.129332 3.106757 0.501217
v 0.128273 3.046359 0.633452
v 0.120525 2.910539 0.635277
v 0.114940 2.781875 0.846960
v 0.119453 2.855469 0.772608
v 0.121125 2.870336 0.841723
v 0.111250 2.707514 0.927480
v 0.106232 2.705772 0.851513
v 0.112053 2.785572 0.776506
v 0.124037 2.937490 0.768538
v 0.118742 2.805633 0.923379
v 0.101480 2.618696 0.929537
v 0.129555 3.078445 0.296044
v 0.135239 3.077976 0.235388
v 0.131244 3.138278 0.301491
v 0.127660 3.073416 0.363345
v 0.124488 3.024181 0.289143
v 0.130023 3.016723 0.220167
v 0.136978 3.139937 0.244792
v 0.129332 3.133301 0.366282
v 0.122643 3.020813 0.360406
v 0.012472 2.492086 1.695946
v 0.022018 2.492497 1.682297
v 0.012472 2.673900 1.758959
v 0.005574 2.491904 1.703360
v 0.012472 2.314854 1.613966
v 0.022018 2.316072 1.600751
v 0.022018 2.674002 1.745167
v 0.005574 2.673865 1.766450
v 0.005574 2.314271 1.621152
v 0.127250 2.504371 1.480832
v 0.127691 2.510394 1.444695
v 0.127395 2.676782 1.537360
v 0.122643 2.501098 1.507568
v 0.127130 2.343587 1.410065
v 0.127214 2.354063 1.379001
v 0.128273 2.678245 1.496848
v 0.122643 2.676118 1.566525
v 0.122643 2.337432 1.433820
v 0.126823 3.439089 0.001887
v 0.125986 3.442547 0.000831
v 0.127205 3.432717 -0.076665
v 0.122643 3.441293 0.002358
v 0.127205 3.442926 0.082282
v 0.127512 3.443491 0.082668
v 0.127512 3.433476 -0.079458
v 0.122643 3.435743 -0.075570
v 0.122643 3.446164 0.082227
v 0.285408 3.416869 0.000169
v 0.267776 3.431278 -0.000350
v 0.284897 3.413639 0.063842
v 0.299580 3.403510 0.000040
v 0.284897 3.406821 -0.063905
v 0.266592 3.420495 -0.069242
v 0.266592 3.428206 0.068323
v 0.298718 3.400293 0.056541
v 0.298718 3.394648 -0.056888
v 0.075911 2.955132 -0.047617
v 0.054351 2.963301 -0.046941
v 0.076355 2.965142 -0.126556
v 0.097662 2.930624 -0.049645
v 0.076355 2.951016 0.034927
v 0.054351 2.957362 0.035178
v 0.054351 2.971739 -0.125546
v 0.099441 2.945352 -0.129586
v 0.099441 2.931981 0.034171
v 0.012472 3.020613 -0.467162
v 0.012472 3.029909 -0.439218
v 0.005574 3.020613 -0.467162
v 0.012472 3.006273 -0.490661
v 0.022018 3.020613 -0.467162
v 0.022018 3.029909 -0.439218
v 0.005574 3.029909 -0.439218
v 0.005574 3.006273 -0.490661
v 0.022018 3.006273 -0.490661
v 0.129332 3.299472 -0.460489
v 0.129332 3.298990 -0.418837
v 0.129332 3.257156 -0.463435
v 0.129332 3.300113 -0.501199
v 0.129332 3.336455 -0.457506
v 0.129332 3.336761 -0.415665
v 0.129332 3.256255 -0.422352
v 0.129332 3.257980 -0.503575
v 0.129332 3.336467 -0.498406
v 0.131043 3.301774 -0.282907
v 0.136176 3.304677 -0.240837
v 0.131244 3.255193 -0.287843
v 0.129332 3.299918 -0.328844
v 0.130442 3.343987 -0.277875
v 0.133771 3.351895 -0.231110
v 0.136978 3.255343 -0.247380
v 0.129332 3.255212 -0.333118
v 0.129332 3.339702 -0.325418
v 0.012472 3.013171 -0.317392
v 0.012472 2.997985 -0.261837
v 0.005574 3.013171 -0.317392
v 0.012472 3.025614 -0.365166
v 0.022018 3.013171 -0.317392
v 0.022018 2.997985 -0.261837
v 0.005574 2.997985 -0.261837
v 0.005574 3.025614 -0.365166
v 0.022018 3.025614 -0.365166
v 0.075466 3.426177 -0.268049
v 0.075466 3.431669 -0.211481
v 0.095884 3.425038 -0.268137
v 0.075466 3.421245 -0.318861
v 0.054351 3.426556 -0.268020
v 0.054351 3.432058 -0.211453
v 0.095884 3.430501 -0.211565
v 0.095884 3.420136 -0.318950
v 0.054351 3.421614 -0.318831
v 0.129555 3.111941 -0.306008
v 0.135239 3.102173 -0.264664
v 0.124488 3.070109 -0.310943
v 0.127660 3.119191 -0.350396
v 0.131244 3.158102 -0.299711
v 0.136978 3.153794 -0.259501
v 0.130023 3.049631 -0.265817
v 0.122643 3.082233 -0.356085
v 0.129332 3.162124 -0.344226
v 0.129199 3.106939 -0.618092
v 0.128797 3.108347 -0.577955
v 0.128797 3.056996 -0.613635
v 0.129332 3.105883 -0.657483
v 0.129332 3.159253 -0.622752
v 0.129332 3.160366 -0.582209
v 0.127192 3.057853 -0.573631
v 0.129332 3.056071 -0.652607
v 0.129332 3.158454 -0.662356
v 0.075466 3.423262 -0.616260
v 0.075466 3.417238 -0.574556
v 0.095884 3.416279 -0.616104
v 0.075466 3.431188 -0.656812
v 0.054351 3.429603 -0.616476
v 0.054351 3.421442 -0.574527
v 0.095884 3.412391 -0.574645
v 0.095884 3.422436 -0.655923
v 0.054351 3.439283 -0.657767
v 0.075466 3.411947 -0.450949
v 0.075466 3.413864 -0.409107
v 0.095884 3.410733 -0.451038
v 0.075466 3.411650 -0.491849
v 0.054351 3.412481 -0.450920
v 0.054351 3.414214 -0.409078
v 0.095884 3.412816 -0.409197
v 0.095884 3.409879 -0.491938
v 0.054351 3.412758 -0.491819
v 0.127735 3.120488 -0.468307
v 0.127660 3.123325 -0.432545
v 0.122944 3.080765 -0.468663
v 0.127961 3.115698 -0.503114
v 0.129332 3.165107 -0.467458
v 0.129332 3.165769 -0.429412
v 0.122643 3.086529 -0.435197
v 0.123847 3.070777 -0.501136
v 0.129332 3.163586 -0.504562
v 0.127660 3.101608 -0.829528
v 0.129332 3.101908 -0.816573
v 0.127660 3.050436 -0.823547
v 0.122643 3.101399 -0.842514
v 0.127660 3.158261 -0.833561
v 0.129332 3.158167 -0.820716
v 0.129332 3.050867 -0.810610
v 0.122643 3.050135 -0.836520
v 0.122643 3.158326 -0.846469
v 0.075303 3.502483 -0.840992
v 0.075466 3.495601 -0.828247
v 0.095233 3.500726 -0.823685
v 0.074815 3.506591 -0.850393
v 0.054351 3.503199 -0.858723
v 0.054351 3.496858 -0.844472
v 0.095884 3.493384 -0.812189
v 0.093282 3.504771 -0.833062
v 0.054351 3.507198 -0.868892
v 0.129332 3.300566 -0.624913
v 0.129332 3.300454 -0.583653
v 0.129332 3.258295 -0.626468
v 0.129332 3.301662 -0.664259
v 0.129332 3.336295 -0.622339
v 0.129332 3.336075 -0.581113
v 0.129332 3.258407 -0.585271
v 0.129332 3.258676 -0.666007
v 0.129332 3.338081 -0.661456
v 0.129332 2.946108 -0.737633
v 0.129332 2.974978 -0.741035
v 0.129332 2.947084 -0.711409
v 0.129332 2.918923 -0.734101
v 0.129332 2.945209 -0.760404
v 0.129332 2.974079 -0.764674
v 0.129332 2.975954 -0.713597
v 0.129332 2.919899 -0.709497
v 0.129332 2.918024 -0.755601
v 0.075303 3.495713 -0.863971
v 0.054351 3.496132 -0.884668
v 0.074815 3.504845 -0.860846
v 0.095233 3.494456 -0.842873
v 0.075466 3.477249 -0.867895
v 0.054351 3.477602 -0.888857
v 0.054351 3.505396 -0.880770
v 0.093282 3.503194 -0.841620
v 0.095884 3.476189 -0.846152
v 0.075466 3.101139 -0.900241
v 0.054351 3.101125 -0.921325
v 0.075466 3.158407 -0.904101
v 0.095884 3.101180 -0.878134
v 0.075466 3.049762 -0.894231
v 0.054351 3.049743 -0.915314
v 0.054351 3.158411 -0.925179
v 0.095884 3.158394 -0.882009
v 0.095884 3.049821 -0.872126
v 0.127660 3.339730 -0.822710
v 0.129332 3.335949 -0.811095
v 0.127660 3.280250 -0.829956
v 0.122643 3.342368 -0.834761
v 0.127660 3.392979 -0.814297
v 0.129332 3.387576 -0.803222
v 0.129332 3.278058 -0.817811
v 0.122643 3.281778 -0.842377
v 0.122643 3.396749 -0.825970
v 0.127735 2.949913 -0.619039
v 0.127961 2.978673 -0.614020
v 0.122944 2.950566 -0.590044
v 0.127660 2.922765 -0.624611
v 0.129332 2.949057 -0.650606
v 0.129332 2.977927 -0.648932
v 0.123847 2.978996 -0.579939
v 0.122643 2.923528 -0.599023
v 0.129332 2.921872 -0.653222
v 0.127660 2.713547 -0.696112
v 0.129332 2.728058 -0.698382
v 0.127660 2.714523 -0.686148
v 0.122643 2.704574 -0.696292
v 0.127660 2.712648 -0.703700
v 0.129332 2.727159 -0.706759
v 0.129332 2.729034 -0.687606
v 0.122643 2.705550 -0.686227
v 0.122643 2.703675 -0.704026
v 0.075303 2.710256 -0.775042
v 0.075466 2.724698 -0.782147
v 0.095233 2.710464 -0.754691
v 0.074815 2.701491 -0.770368
v 0.054351 2.710186 -0.795490
v 0.054351 2.724678 -0.802882
v 0.095884 2.724757 -0.761084
v 0.093282 2.702146 -0.751980
v 0.054351 2.701272 -0.790013
v 0.012472 2.949244 -0.545193
v 0.012472 2.970222 -0.529151
v 0.005574 2.949244 -0.545193
v 0.012472 2.924690 -0.558893
v 0.022018 2.949244 -0.545193
v 0.022018 2.970222 -0.529151
v 0.005574 2.970222 -0.529151
v 0.005574 2.924690 -0.558893
v 0.022018 2.924690 -0.558893
v 0.075466 2.942747 -0.875466
v 0.075466 2.971618 -0.881725
v 0.095884 2.942806 -0.853454
v 0.075466 2.915562 -0.867530
v 0.054351 2.942728 -0.896518
v 0.054351 2.971598 -0.902793
v 0.095884 2.971677 -0.859666
v 0.095884 2.915621 -0.845593
v 0.054351 2.915543 -0.888556
v 0.012472 2.698594 -0.641434
v 0.012472 2.700907 -0.624085
v 0.005574 2.698594 -0.641455
v 0.012472 2.697184 -0.661987
v 0.022018 2.698594 -0.641373
v 0.022018 2.700907 -0.624085
v 0.005574 2.700907 -0.624085
v 0.005574 2.697184 -0.662070
v 0.022018 2.697184 -0.661740
v 0.012472 2.692065 -0.801747
v 0.012472 2.691979 -0.790547
v 0.005574 2.692065 -0.803243
v 0.012472 2.693316 -0.810137
v 0.022018 2.692065 -0.797262
v 0.022018 2.691979 -0.786470
v 0.005574 2.691979 -0.791906
v 0.005574 2.693316 -0.811727
v 0.022018 2.693315 -0.805366
v 0.126034 2.717433 -0.639710
v 0.127660 2.731900 -0.639100
v 0.121156 2.718330 -0.623583
v 0.121156 2.708594 -0.640426
v 0.127660 2.716496 -0.657050
v 0.129332 2.731007 -0.657093
v 0.122643 2.732663 -0.622193
v 0.116696 2.709892 -0.625599
v 0.122643 2.707523 -0.657219
v 0.012472 2.719256 -0.597712
v 0.012472 2.733826 -0.594922
v 0.005574 2.719256 -0.597712
v 0.012472 2.710109 -0.602521
v 0.022018 2.719256 -0.597712
v 0.022018 2.733826 -0.594922
v 0.005574 2.733826 -0.594922
v 0.005574 2.710109 -0.602521
v 0.022018 2.710109 -0.602521
v 0.126034 3.483039 -0.799536
v 0.127660 3.474829 -0.789386
v 0.127660 3.465119 -0.801350
v 0.121156 3.488577 -0.810382
v 0.121156 3.492786 -0.801995
v 0.122643 3.484666 -0.791783
v 0.129332 3.457358 -0.791061
v 0.122643 3.470533 -0.812475
v 0.116696 3.497693 -0.812337
v 0.075466 3.345640 -0.891330
v 0.054351 3.345812 -0.912352
v 0.075466 3.401425 -0.882071
v 0.095884 3.345123 -0.869405
v 0.075466 3.283675 -0.899404
v 0.054351 3.283775 -0.920450
v 0.054351 3.401671 -0.903068
v 0.095884 3.400686 -0.860220
v 0.095884 3.283375 -0.877407
v 0.127660 3.395152 -0.616815
v 0.127660 3.394664 -0.575718
v 0.129332 3.383000 -0.617901
v 0.127660 3.398300 -0.655549
v 0.122643 3.403111 -0.616264
v 0.122643 3.402079 -0.575121
v 0.129332 3.382709 -0.576795
v 0.129332 3.385761 -0.656662
v 0.122643 3.406831 -0.655133
v 0.127698 3.411753 -0.269348
v 0.127814 3.418074 -0.213192
v 0.129486 3.399216 -0.270875
v 0.127660 3.406802 -0.320022
v 0.122643 3.418967 -0.268605
v 0.122643 3.424271 -0.212011
v 0.129949 3.408828 -0.216069
v 0.129332 3.393407 -0.321100
v 0.122643 3.414223 -0.319426
v 0.127660 3.398166 -0.452111
v 0.127660 3.400208 -0.410269
v 0.129332 3.385833 -0.453188
v 0.127660 3.396694 -0.493010
v 0.122643 3.405038 -0.451514
v 0.122643 3.407226 -0.409672
v 0.129332 3.387542 -0.411346
v 0.129332 3.384619 -0.494087
v 0.122643 3.403542 -0.492413
v 0.285227 3.083304 -0.198243
v 0.266188 3.083495 -0.203721
v 0.285227 3.146274 -0.190554
v 0.300443 3.082734 -0.181809
v 0.285227 3.007058 -0.206901
v 0.266188 3.007327 -0.212332
v 0.266188 3.146374 -0.196071
v 0.300443 3.145972 -0.174002
v 0.300443 3.006252 -0.190608
v 0.129319 3.287830 0.566837
v 0.129332 3.300407 0.501944
v 0.129332 3.344419 0.566711
v 0.129279 3.269322 0.631438
v 0.129279 3.223016 0.566986
v 0.129332 3.239721 0.501856
v 0.129332 3.353280 0.501944
v 0.129332 3.331434 0.631087
v 0.129121 3.198579 0.631929
v 0.128922 3.172652 0.829658
v 0.129068 3.209061 0.760127
v 0.129332 3.264766 0.827396
v 0.128803 3.140999 0.909783
v 0.127691 3.071158 0.832704
v 0.128273 3.119602 0.762101
v 0.129332 3.289381 0.758763
v 0.129332 3.244936 0.906308
v 0.127214 3.027174 0.913867
v 0.131043 3.316033 0.308360
v 0.136176 3.318055 0.252677
v 0.130442 3.365674 0.306952
v 0.129332 3.313223 0.370914
v 0.131244 3.260050 0.307782
v 0.136978 3.261119 0.253452
v 0.133771 3.371124 0.246022
v 0.129332 3.362346 0.371151
v 0.129332 3.256840 0.370188
v 0.012472 3.189437 1.808219
v 0.022018 3.189440 1.794423
v 0.012472 3.328540 1.793040
v 0.005574 3.189436 1.815717
v 0.012472 3.029043 1.812963
v 0.022018 3.029063 1.799170
v 0.022018 3.328538 1.779241
v 0.005574 3.328542 1.800541
v 0.005574 3.029037 1.820458
v 0.127647 3.181360 1.581811
v 0.129279 3.174154 1.536705
v 0.127660 3.319061 1.567232
v 0.122643 3.185407 1.613464
v 0.127607 3.023278 1.586710
v 0.129121 3.017923 1.541702
v 0.129332 3.310717 1.522773
v 0.122643 3.323755 1.598559
v 0.122643 3.026301 1.618294
v 0.075466 3.189279 1.709930
v 0.095884 3.188680 1.674493
v 0.075466 3.328295 1.694759
v 0.054351 3.189465 1.744037
v 0.075466 3.029094 1.714679
v 0.095884 3.028705 1.679253
v 0.095884 3.327578 1.659364
v 0.054351 3.328535 1.728851
v 0.054351 3.029170 1.748784
v 0.012472 3.345812 -0.944923
v 0.005574 3.345812 -0.946638
v 0.012472 3.401671 -0.935640
v 0.022018 3.345812 -0.939781
v 0.012472 3.283775 -0.953022
v 0.005574 3.283775 -0.954736
v 0.005574 3.401671 -0.937354
v 0.022018 3.401671 -0.930497
v 0.022018 3.283775 -0.947879
v 0.075303 2.719250 -0.599006
v 0.075466 2.733768 -0.596285
v 0.054351 2.719256 -0.597712
v 0.074815 2.710258 -0.603675
v 0.095233 2.719231 -0.602887
v 0.095884 2.733593 -0.600376
v 0.054351 2.733826 -0.594922
v 0.054351 2.710109 -0.602521
v 0.093282 2.710706 -0.607138
v 0.075303 2.692570 -0.755758
v 0.075466 2.692496 -0.748617
v 0.054351 2.692065 -0.773338
v 0.074815 2.693782 -0.761647
v 0.095233 2.694083 -0.738906
v 0.095884 2.694047 -0.732911
v 0.054351 2.691979 -0.764725
v 0.054351 2.693316 -0.779922
v 0.093282 2.695184 -0.744987
v 0.075303 2.699091 -0.640908
v 0.074815 2.701344 -0.624566
v 0.054351 2.698594 -0.641043
v 0.075466 2.697701 -0.659440
v 0.095233 2.700582 -0.640995
v 0.093282 2.702655 -0.626007
v 0.054351 2.700907 -0.624085
v 0.054351 2.697184 -0.660423
v 0.095884 2.699252 -0.658465
v 0.012472 2.942728 -0.929089
v 0.012472 2.971598 -0.935364
v 0.022018 2.942728 -0.923947
v 0.012472 2.915543 -0.921128
v 0.005574 2.942728 -0.930804
v 0.005574 2.971598 -0.937079
v 0.022018 2.971598 -0.930222
v 0.022018 2.915543 -0.915985
v 0.005574 2.915543 -0.922842
v 0.075541 2.949479 -0.547336
v 0.075767 2.971333 -0.531292
v 0.054351 2.949244 -0.545193
v 0.075466 2.924632 -0.560899
v 0.096185 2.950181 -0.553764
v 0.097088 2.974664 -0.537713
v 0.054351 2.970222 -0.529151
v 0.054351 2.924690 -0.558893
v 0.095884 2.924458 -0.566919
v 0.012472 2.710186 -0.827944
v 0.012472 2.724678 -0.835454
v 0.022018 2.710186 -0.822820
v 0.012472 2.701272 -0.822113
v 0.005574 2.710186 -0.829652
v 0.005574 2.724678 -0.837168
v 0.022018 2.724678 -0.830311
v 0.022018 2.701272 -0.817044
v 0.005574 2.701272 -0.823802
v 0.012472 3.101125 -0.953896
v 0.005574 3.101125 -0.955611
v 0.012472 3.158411 -0.957751
v 0.022018 3.101125 -0.948753
v 0.012472 3.049743 -0.947886
v 0.005574 3.049743 -0.949600
v 0.005574 3.158411 -0.959465
v 0.022018 3.158411 -0.952608
v 0.022018 3.049743 -0.942743
v 0.012472 3.496132 -0.917122
v 0.005574 3.496132 -0.918830
v 0.012472 3.505396 -0.912870
v 0.022018 3.496132 -0.911997
v 0.012472 3.477602 -0.921429
v 0.005574 3.477602 -0.923143
v 0.005574 3.505396 -0.914560
v 0.022018 3.505396 -0.907802
v 0.022018 3.477602 -0.916286
v 0.012472 3.503506 -0.887133
v 0.012472 3.498088 -0.870294
v 0.022018 3.503458 -0.882647
v 0.012472 3.507198 -0.899106
v 0.005574 3.503522 -0.888628
v 0.005574 3.498153 -0.871653
v 0.022018 3.497894 -0.866217
v 0.022018 3.507198 -0.894336
v 0.005574 3.507198 -0.900697
v 0.012472 3.412788 -0.450920
v 0.012472 3.414214 -0.409078
v 0.022018 3.412740 -0.450920
v 0.012472 3.413987 -0.491819
v 0.005574 3.412804 -0.450920
v 0.005574 3.414214 -0.409078
v 0.022018 3.414214 -0.409078
v 0.022018 3.413793 -0.491819
v 0.005574 3.414052 -0.491819
v 0.012472 3.439134 -0.616867
v 0.012472 3.427591 -0.574527
v 0.022018 3.437629 -0.616806
v 0.012472 3.451581 -0.659331
v 0.005574 3.439636 -0.616888
v 0.005574 3.427914 -0.574527
v 0.022018 3.426620 -0.574527
v 0.022018 3.449639 -0.659084
v 0.005574 3.452228 -0.659414
v 0.012472 3.426556 -0.268020
v 0.012472 3.432058 -0.211453
v 0.022018 3.426556 -0.268020
v 0.012472 3.421614 -0.318831
v 0.005574 3.426556 -0.268020
v 0.005574 3.432058 -0.211453
v 0.022018 3.432058 -0.211453
v 0.022018 3.421614 -0.318831
v 0.005574 3.421614 -0.318831
v 0.075688 3.015330 -0.317117
v 0.076355 2.997815 -0.262228
v 0.054351 3.013171 -0.317392
v 0.075466 3.028445 -0.364712
v 0.096773 3.021806 -0.316294
v 0.099441 2.997306 -0.263400
v 0.054351 2.997985 -0.261837
v 0.054351 3.025614 -0.365166
v 0.095884 3.036937 -0.363350
v 0.075541 3.023473 -0.467364
v 0.075466 3.032740 -0.439017
v 0.054351 3.020613 -0.467162
v 0.075767 3.008906 -0.491690
v 0.096185 3.032051 -0.467967
v 0.095884 3.041233 -0.438414
v 0.054351 3.029909 -0.439218
v 0.054351 3.006273 -0.490661
v 0.097088 3.016806 -0.494776
v 0.012472 2.963301 -0.046941
v 0.005574 2.963301 -0.046941
v 0.012472 2.971739 -0.125546
v 0.022018 2.963301 -0.046941
v 0.012472 2.957362 0.035178
v 0.005574 2.957362 0.035178
v 0.005574 2.971739 -0.125546
v 0.022018 2.971739 -0.125546
v 0.022018 2.957362 0.035178
v 0.075466 2.495769 1.598885
v 0.095884 2.497427 1.564463
v 0.075466 2.674963 1.660757
v 0.054351 2.494339 1.632428
v 0.075466 2.324907 1.520187
v 0.095884 2.329070 1.487214
v 0.095884 2.675403 1.625659
v 0.054351 2.674545 1.694764
v 0.054351 2.321155 1.552515
v 0.075466 3.459074 0.566482
v 0.075466 3.460268 0.501873
v 0.054351 3.459594 0.566480
v 0.075466 3.457708 0.630472
v 0.095884 3.457515 0.566484
v 0.095884 3.458813 0.501873
v 0.054351 3.460753 0.501873
v 0.054351 3.458279 0.630466
v 0.095884 3.455992 0.630484
v 0.012459 2.861058 0.567739
v 0.012472 2.897844 0.499222
v 0.021965 2.861061 0.567754
v 0.012419 2.812744 0.636557
v 0.005574 2.861057 0.567730
v 0.005574 2.897843 0.499216
v 0.022018 2.897846 0.499232
v 0.021807 2.812747 0.636576
v 0.005574 2.812742 0.636545
v 0.012459 2.004315 0.863776
v 0.012419 2.037581 0.872942
v 0.021965 2.004557 0.863729
v 0.012472 1.970420 0.862727
v 0.005574 2.004191 0.863804
v 0.005574 2.037581 0.872942
v 0.021807 2.037581 0.872942
v 0.022018 1.971387 0.862537
v 0.005574 1.969921 0.862838
v 0.012472 1.556978 0.964555
v 0.012472 1.584116 0.955321
v 0.022018 1.572766 0.961199
v 0.012472 1.544823 0.972610
v 0.005574 1.548744 0.966472
v 0.005574 1.576391 0.957085
v 0.022018 1.598973 0.952250
v 0.022018 1.561046 0.969040
v 0.005574 1.536346 0.974642
v 0.012062 2.596174 0.853430
v 0.012207 2.679152 0.782700
v 0.020377 2.596177 0.853445
v 0.011943 2.506266 0.911273
v 0.005574 2.596173 0.853421
v 0.005574 2.679150 0.782688
v 0.020959 2.679156 0.782719
v 0.019900 2.506268 0.911282
v 0.005574 2.506265 0.911267
v 0.012472 2.947352 0.278834
v 0.012472 2.951109 0.199591
v 0.022018 2.947352 0.278834
v 0.012472 2.939206 0.355491
v 0.005574 2.947352 0.278833
v 0.005574 2.951109 0.199591
v 0.022018 2.951109 0.199591
v 0.022018 2.939206 0.355493
v 0.005574 2.939206 0.355490
v 0.075466 3.455907 0.824112
v 0.075466 3.454847 0.756264
v 0.054351 3.456839 0.824504
v 0.075466 3.461902 0.903435
v 0.095884 3.453245 0.823780
v 0.095884 3.452601 0.756322
v 0.054351 3.455593 0.756232
v 0.054351 3.463163 0.905140
v 0.095884 3.458682 0.901864
v 0.075466 3.461630 0.304000
v 0.075466 3.460551 0.234228
v 0.054351 3.462074 0.304000
v 0.075466 3.461744 0.371136
v 0.095884 3.460300 0.303999
v 0.095884 3.459234 0.234222
v 0.054351 3.460990 0.234230
v 0.054351 3.462194 0.371136
v 0.095884 3.460392 0.371136
v 0.075303 3.558941 1.656838
v 0.095233 3.557688 1.622534
v 0.074815 3.583823 1.649585
v 0.054351 3.559408 1.690522
v 0.075466 3.513079 1.665304
v 0.095884 3.512256 1.630007
v 0.093282 3.581344 1.618206
v 0.054351 3.584844 1.682155
v 0.054351 3.513354 1.699365
v 0.075303 3.602252 1.599008
v 0.075466 3.595186 1.553489
v 0.054351 3.605746 1.628936
v 0.074815 3.602050 1.625684
v 0.095233 3.596260 1.570760
v 0.095884 3.588532 1.526908
v 0.054351 3.599335 1.581398
v 0.054351 3.604718 1.656480
v 0.093282 3.596947 1.597406
v 0.075303 1.690469 0.987468
v 0.075466 1.722292 1.019998
v 0.054351 1.648320 0.996742
v 0.074815 1.671785 0.968474
v 0.095233 1.732309 0.978620
v 0.095884 1.763185 1.009257
v 0.054351 1.681587 1.030823
v 0.054351 1.629996 0.976565
v 0.093282 1.711907 0.961773
v 0.075466 3.449267 0.002640
v 0.095884 3.448008 0.002596
v 0.075466 3.443529 -0.075182
v 0.054351 3.449687 0.002655
v 0.075466 3.454304 0.082404
v 0.095884 3.453019 0.082376
v 0.095884 3.442300 -0.075244
v 0.054351 3.443939 -0.075162
v 0.054351 3.454732 0.082413
v 0.075466 1.927374 1.234233
v 0.075466 2.037447 1.331662
v 0.054351 1.904671 1.255918
v 0.075466 1.838684 1.144773
v 0.095884 1.950552 1.212428
v 0.095884 2.052728 1.305193
v 0.054351 2.022704 1.357879
v 0.054351 1.808127 1.161901
v 0.095884 1.869616 1.127619
v 0.012062 2.226607 0.940575
v 0.011943 2.317232 0.954316
v 0.020377 2.226607 0.940575
v 0.012207 2.146052 0.916063
v 0.005574 2.226607 0.940575
v 0.005574 2.317232 0.954315
v 0.019900 2.317233 0.954318
v 0.020959 2.146052 0.916063
v 0.005574 2.146052 0.916063
v 0.062746 2.223942 0.943874
v 0.059056 2.316341 0.958567
v 0.079473 2.215945 0.953763
v 0.067259 2.143007 0.918654
v 0.046144 2.226607 0.940577
v 0.043761 2.317234 0.954323
v 0.074721 2.313661 0.971292
v 0.085293 2.133869 0.926424
v 0.049056 2.146052 0.916063
v 0.127250 2.001817 1.165135
v 0.127130 2.090105 1.246805
v 0.122643 1.987143 1.178635
v 0.127395 1.933976 1.090873
v 0.127691 2.019492 1.148485
v 0.127214 2.106552 1.225819
v 0.122643 2.078084 1.263719
v 0.122643 1.917037 1.101296
v 0.128273 1.952191 1.077915
v 0.012472 1.863611 1.297890
v 0.012472 1.996368 1.408235
v 0.005574 1.859437 1.302935
v 0.012472 1.752432 1.195394
v 0.022018 1.871884 1.288742
v 0.022018 2.001640 1.397335
v 0.005574 1.993729 1.414202
v 0.005574 1.746709 1.199501
v 0.022018 1.763706 1.188021
v 0.114940 2.121616 1.048702
v 0.111250 2.211482 1.099445
v 0.121125 2.080082 1.089497
v 0.119453 2.048033 0.999272
v 0.106232 2.163389 1.007841
v 0.101480 2.259757 1.044504
v 0.118742 2.167319 1.151774
v 0.124037 2.009816 1.031320
v 0.112053 2.085137 0.967868
v 0.075466 3.526867 1.251052
v 0.075466 3.498523 1.121029
v 0.054351 3.530301 1.265231
v 0.075466 3.555584 1.376055
v 0.095884 3.521045 1.237594
v 0.095884 3.493638 1.112717
v 0.054351 3.501112 1.129814
v 0.054351 3.559700 1.395767
v 0.095884 3.549021 1.357312
v 0.012472 1.777582 0.903914
v 0.012472 1.856913 0.884541
v 0.022018 1.785336 0.902380
v 0.012472 1.698181 0.924422
v 0.005574 1.773577 0.904804
v 0.005574 1.854418 0.885094
v 0.022018 1.861748 0.883589
v 0.022018 1.708888 0.922284
v 0.005574 1.692643 0.925659
v 0.128922 3.129033 1.248436
v 0.128803 3.118793 1.123220
v 0.129332 3.257121 1.239309
v 0.129068 3.145615 1.368054
v 0.127691 2.986340 1.253826
v 0.127214 2.983868 1.128514
v 0.129332 3.241159 1.116210
v 0.129332 3.277683 1.356904
v 0.128273 2.996859 1.373351
v 0.116403 2.559562 1.217853
v 0.112086 2.593545 1.116200
v 0.121125 2.695728 1.239893
v 0.121125 2.536057 1.312585
v 0.112086 2.432299 1.186642
v 0.104825 2.477634 1.099517
v 0.118742 2.716375 1.126237
v 0.124037 2.685350 1.346932
v 0.118742 2.396992 1.267123
v 0.125624 1.921219 0.909292
v 0.126019 1.950270 0.927763
v 0.127395 1.886374 0.927141
v 0.121156 1.898706 0.899349
v 0.120627 1.954319 0.892022
v 0.120525 1.983395 0.907098
v 0.128273 1.915919 0.948773
v 0.122643 1.861974 0.915084
v 0.116696 1.932189 0.885074
v 0.075303 1.836075 0.894724
v 0.074815 1.892545 0.879346
v 0.095233 1.857579 0.893801
v 0.075466 1.779029 0.911292
v 0.054351 1.815330 0.897228
v 0.054351 1.880466 0.880397
v 0.093282 1.903356 0.880274
v 0.095884 1.809231 0.909143
v 0.054351 1.750249 0.915084
v 0.012472 3.533842 1.293173
v 0.012472 3.503388 1.147150
v 0.005574 3.534027 1.296449
v 0.012472 3.564279 1.434585
v 0.022018 3.533285 1.287157
v 0.022018 3.503031 1.143419
v 0.005574 3.503506 1.149181
v 0.005574 3.564518 1.439136
v 0.022018 3.563557 1.426226
v 0.127660 3.474411 1.220381
v 0.127660 3.449940 1.102507
v 0.122643 3.498961 1.221434
v 0.127660 3.500307 1.332857
v 0.129332 3.430899 1.223343
v 0.129332 3.408179 1.104760
v 0.122643 3.473359 1.102911
v 0.122643 3.525603 1.334609
v 0.129332 3.455688 1.336495
v 0.012472 2.813314 -0.877949
v 0.012472 2.850880 -0.895117
v 0.022018 2.813314 -0.872806
v 0.012472 2.777259 -0.860857
v 0.005574 2.813314 -0.879663
v 0.005574 2.850880 -0.896832
v 0.022018 2.850880 -0.889974
v 0.022018 2.777259 -0.855714
v 0.005574 2.777259 -0.862571
v 0.075466 2.822404 -0.586525
v 0.075466 2.859969 -0.580314
v 0.054351 2.822462 -0.584967
v 0.075466 2.786349 -0.590973
v 0.095884 2.822229 -0.591196
v 0.095884 2.859795 -0.585330
v 0.054351 2.860027 -0.578642
v 0.054351 2.786407 -0.589502
v 0.095884 2.786174 -0.595386
v 0.012472 2.822462 -0.584967
v 0.012472 2.860027 -0.578642
v 0.005574 2.822462 -0.584967
v 0.012472 2.786407 -0.589502
v 0.022018 2.822462 -0.584967
v 0.022018 2.860027 -0.578642
v 0.005574 2.860027 -0.578642
v 0.005574 2.786407 -0.589502
v 0.022018 2.786407 -0.589502
v 0.127660 2.820536 -0.635824
v 0.127660 2.858102 -0.633363
v 0.122643 2.821299 -0.616113
v 0.127660 2.784481 -0.637404
v 0.129332 2.819643 -0.657584
v 0.129332 2.857208 -0.657081
v 0.122643 2.858865 -0.612081
v 0.122643 2.785244 -0.618921
v 0.129332 2.783588 -0.657548
v 0.075466 2.813334 -0.824497
v 0.075466 2.850899 -0.841607
v 0.095884 2.813393 -0.803000
v 0.075466 2.777279 -0.807463
v 0.054351 2.813314 -0.845377
v 0.054351 2.850880 -0.862546
v 0.095884 2.850958 -0.819934
v 0.095884 2.777338 -0.786141
v 0.054351 2.777259 -0.828285
v 0.129332 2.816694 -0.716164
v 0.129332 2.854260 -0.723329
v 0.129332 2.817670 -0.698891
v 0.129332 2.780639 -0.709016
v 0.129332 2.815795 -0.730941
v 0.129332 2.853361 -0.740723
v 0.129332 2.855236 -0.703326
v 0.129332 2.781615 -0.694381
v 0.129332 2.779740 -0.721211
v 0.127660 2.814008 -0.760761
v 0.127660 2.851573 -0.775865
v 0.129332 2.814439 -0.752270
v 0.127660 2.777952 -0.745727
v 0.122643 2.813707 -0.770633
v 0.122643 2.851273 -0.786632
v 0.129332 2.852004 -0.766091
v 0.129332 2.778383 -0.738514
v 0.122643 2.777652 -0.754705
v 0.012472 3.479797 -0.782253
v 0.012472 3.472414 -0.743024
v 0.022018 3.478292 -0.780259
v 0.012472 3.486078 -0.817607
v 0.005574 3.480299 -0.782918
v 0.005574 3.473061 -0.743436
v 0.022018 3.470472 -0.741789
v 0.022018 3.485107 -0.814815
v 0.005574 3.486401 -0.818537
v 0.075466 2.694752 -0.712922
v 0.075466 2.695728 -0.696488
v 0.054351 2.694235 -0.720796
v 0.075466 2.693853 -0.727380
v 0.095884 2.696303 -0.705257
v 0.095884 2.697279 -0.691748
v 0.054351 2.695211 -0.701362
v 0.054351 2.693336 -0.738403
v 0.095884 2.695404 -0.716640
v 0.127660 3.432765 -0.743280
v 0.127660 3.417561 -0.719346
v 0.129332 3.417855 -0.744649
v 0.127660 3.448813 -0.762589
v 0.122643 3.442252 -0.744148
v 0.122643 3.426880 -0.719656
v 0.129332 3.403599 -0.720605
v 0.129332 3.432934 -0.764074
v 0.122643 3.458401 -0.764041
v 0.012472 2.694235 -0.733429
v 0.012472 2.695211 -0.709184
v 0.005574 2.694235 -0.734094
v 0.012472 2.693336 -0.756083
v 0.022018 2.694235 -0.731434
v 0.022018 2.695211 -0.707949
v 0.005574 2.695211 -0.709595
v 0.005574 2.693336 -0.757013
v 0.022018 2.693336 -0.753291
v 0.126034 2.710912 -0.718674
v 0.127660 2.725371 -0.723384
v 0.127660 2.711291 -0.713792
v 0.121156 2.702096 -0.719229
v 0.121156 2.710768 -0.725936
v 0.122643 2.725071 -0.731035
v 0.129332 2.725802 -0.718074
v 0.122643 2.702318 -0.714381
v 0.116696 2.702421 -0.726195
v 0.129332 3.316733 -0.757921
v 0.129332 3.309876 -0.731410
v 0.129332 3.266946 -0.761936
v 0.129332 3.324049 -0.779934
v 0.129332 3.360091 -0.752805
v 0.129332 3.350218 -0.727299
v 0.129332 3.263045 -0.734439
v 0.129332 3.271162 -0.784982
v 0.129332 3.370571 -0.773763
v 0.127660 2.943421 -0.805844
v 0.127660 2.972291 -0.811558
v 0.129332 2.943852 -0.793586
v 0.127660 2.916236 -0.798765
v 0.122643 2.943120 -0.818342
v 0.122643 2.971991 -0.824300
v 0.129332 2.972723 -0.798952
v 0.129332 2.916667 -0.787056
v 0.122643 2.915936 -0.810881
v 0.075466 3.463850 -0.761698
v 0.075466 3.451982 -0.730308
v 0.095884 3.456638 -0.753888
v 0.075466 3.475616 -0.788828
v 0.054351 3.470266 -0.769620
v 0.054351 3.460116 -0.735202
v 0.095884 3.443113 -0.725506
v 0.095884 3.470445 -0.777862
v 0.054351 3.479929 -0.799927
v 0.129332 3.103495 -0.756586
v 0.129332 3.104227 -0.727629
v 0.129332 3.053123 -0.750762
v 0.129332 3.102852 -0.781196
v 0.129332 3.157749 -0.761276
v 0.129332 3.157750 -0.732479
v 0.129332 3.054099 -0.721977
v 0.129332 3.052224 -0.775291
v 0.129332 3.157873 -0.785686
v 0.320400 3.077411 -0.028427
v 0.320400 2.998726 -0.038538
v 0.318183 3.079692 -0.094162
v 0.320400 3.143156 -0.019518
v 0.318183 3.075129 0.037309
v 0.318183 2.995501 0.026636
v 0.318183 3.001952 -0.103711
v 0.318183 3.144363 -0.085725
v 0.318183 3.141949 0.046690
v 0.319353 3.309957 -0.003785
v 0.320400 3.258428 -0.007159
v 0.317197 3.307469 -0.067660
v 0.316212 3.352550 -0.001761
v 0.317197 3.311123 0.060044
v 0.318183 3.259437 0.059137
v 0.318183 3.257418 -0.073456
v 0.314240 3.347782 -0.059050
v 0.314240 3.352033 0.055340
v 0.285227 3.071517 0.141390
v 0.266188 3.071327 0.146868
v 0.285227 2.990395 0.129826
v 0.300443 3.072087 0.124956
v 0.285227 3.140038 0.151519
v 0.266188 3.139937 0.157036
v 0.266188 2.990126 0.135257
v 0.300443 2.991201 0.113533
v 0.300443 3.140339 0.134967
v 0.285057 3.305869 -0.169068
v 0.265942 3.307321 -0.175142
v 0.284550 3.349584 -0.150841
v 0.300012 3.304960 -0.152850
v 0.285227 3.255820 -0.178426
v 0.266188 3.255736 -0.183951
v 0.265206 3.355823 -0.158621
v 0.298718 3.344652 -0.135521
v 0.300443 3.256073 -0.161852
v 0.285057 3.315614 0.161494
v 0.265942 3.317548 0.167507
v 0.285227 3.261035 0.164107
v 0.300012 3.313632 0.145233
v 0.284550 3.361792 0.147299
v 0.265206 3.369097 0.154834
v 0.266188 3.261119 0.169632
v 0.300443 3.260783 0.147533
v 0.298718 3.355164 0.131812
v 0.191691 2.629781 0.094803
v 0.190701 2.770127 0.108317
v 0.167063 2.632089 0.080730
v 0.192856 2.480611 0.082948
v 0.218077 2.629012 0.099494
v 0.217866 2.768216 0.111123
v 0.163949 2.775861 0.099897
v 0.169186 2.481766 0.067157
v 0.218708 2.480227 0.088211
v 0.149523 2.053985 -0.092426
v 0.143972 2.193200 -0.090902
v 0.152869 2.058034 -0.148254
v 0.153196 1.927473 -0.092508
v 0.152869 2.049936 -0.036599
v 0.147497 2.188876 -0.031745
v 0.147497 2.197523 -0.150059
v 0.156363 1.931138 -0.144352
v 0.156363 1.923808 -0.040665
v 0.285174 2.653150 -0.236303
v 0.285227 2.791297 -0.226785
v 0.300331 2.652001 -0.220313
v 0.285018 2.504462 -0.243380
v 0.266210 2.653533 -0.241633
v 0.266188 2.791664 -0.232148
v 0.300443 2.790198 -0.210694
v 0.299997 2.503308 -0.227590
v 0.266276 2.504846 -0.248643
v 0.320211 2.641273 -0.071070
v 0.320400 2.779940 -0.060512
v 0.318002 2.636675 -0.007109
v 0.319643 2.492537 -0.080216
v 0.318002 2.645870 -0.135031
v 0.318183 2.784336 -0.124876
v 0.318183 2.775543 0.003851
v 0.317460 2.487920 -0.017056
v 0.317460 2.497153 -0.143376
v 0.131990 2.639319 -0.071457
v 0.126333 2.772128 -0.062062
v 0.135765 2.646031 -0.137508
v 0.135319 2.492537 -0.080216
v 0.135765 2.636316 -0.004877
v 0.130023 2.774108 0.012775
v 0.130023 2.784980 -0.134781
v 0.139082 2.497153 -0.143376
v 0.139082 2.487920 -0.017056
v 0.181496 1.656794 0.004350
v 0.191596 1.723325 0.018410
v 0.164051 1.658231 -0.004753
v 0.171231 1.608513 -0.012807
v 0.201075 1.656314 0.007384
v 0.211714 1.723117 0.021961
v 0.173177 1.723948 0.007759
v 0.155956 1.612761 -0.019727
v 0.190016 1.607097 -0.010501
v 0.200678 2.043524 0.051794
v 0.197862 2.182030 0.061920
v 0.179634 2.044537 0.037837
v 0.201616 1.918006 0.041420
v 0.223663 2.043187 0.056446
v 0.222076 2.181670 0.066849
v 0.175693 2.183111 0.047130
v 0.181697 1.918922 0.028460
v 0.223372 1.917701 0.045741
v 0.313402 2.053985 -0.092426
v 0.316613 2.193200 -0.090902
v 0.311461 2.049936 -0.036599
v 0.308313 1.927473 -0.092508
v 0.311461 2.058034 -0.148254
v 0.314569 2.197523 -0.150059
v 0.314569 2.188876 -0.031745
v 0.306476 1.923809 -0.040665
v 0.306476 1.931138 -0.144352
v 0.282618 2.064445 -0.236647
v 0.284183 2.204369 -0.243724
v 0.295935 2.063433 -0.222690
v 0.279174 1.936940 -0.226438
v 0.265955 2.064783 -0.241299
v 0.266629 2.204729 -0.248654
v 0.298213 2.203288 -0.228935
v 0.291780 1.936024 -0.213477
v 0.263402 1.937246 -0.230758
v 0.224385 1.550074 -0.091443
v 0.209372 1.546754 -0.091443
v 0.226049 1.557520 -0.121409
v 0.237979 1.560034 -0.091443
v 0.226049 1.556298 -0.061478
v 0.211251 1.553198 -0.060741
v 0.211251 1.554371 -0.122145
v 0.239002 1.566968 -0.119199
v 0.239002 1.565599 -0.063687
v 0.277816 1.661739 -0.091496
v 0.290257 1.729764 -0.091656
v 0.276372 1.660602 -0.054193
v 0.264547 1.612764 -0.091443
v 0.276372 1.664243 -0.128800
v 0.288558 1.732256 -0.134263
v 0.288558 1.727271 -0.049050
v 0.263798 1.614227 -0.060198
v 0.263798 1.616769 -0.122688
v 0.251897 1.666000 -0.187343
v 0.263313 1.736202 -0.201723
v 0.263406 1.666613 -0.178240
v 0.240606 1.614280 -0.170079
v 0.237525 1.665796 -0.190377
v 0.248729 1.736410 -0.205274
v 0.274969 1.735579 -0.191071
v 0.252150 1.618235 -0.163160
v 0.226277 1.612962 -0.172386
v 0.138713 1.661739 -0.091496
v 0.146823 1.729764 -0.091656
v 0.141699 1.664243 -0.128800
v 0.132596 1.612764 -0.091443
v 0.141699 1.660602 -0.054193
v 0.149751 1.727271 -0.049050
v 0.149751 1.732256 -0.134263
v 0.135876 1.616769 -0.122688
v 0.135876 1.614227 -0.060198
v 0.181496 1.666000 -0.187343
v 0.191596 1.736202 -0.201723
v 0.201075 1.665796 -0.190377
v 0.171231 1.614280 -0.170079
v 0.164051 1.666613 -0.178240
v 0.173177 1.735579 -0.191071
v 0.211714 1.736410 -0.205274
v 0.190016 1.612962 -0.172386
v 0.155956 1.618235 -0.163160
v 0.154569 1.550074 -0.091443
v 0.140023 1.560034 -0.091443
v 0.156674 1.557520 -0.121409
v 0.173111 1.546754 -0.091443
v 0.156674 1.556298 -0.061478
v 0.142808 1.565599 -0.063687
v 0.142808 1.566968 -0.119199
v 0.174989 1.554371 -0.122145
v 0.174989 1.553198 -0.060741
v 0.200678 2.064445 -0.236647
v 0.197862 2.204369 -0.243724
v 0.223663 2.064783 -0.241299
v 0.201616 1.936940 -0.226437
v 0.179634 2.063433 -0.222690
v 0.175693 2.203288 -0.228935
v 0.222076 2.204729 -0.248654
v 0.223372 1.937246 -0.230758
v 0.181697 1.936024 -0.213477
v 0.282618 2.043524 0.051794
v 0.284183 2.182030 0.061920
v 0.265955 2.043187 0.056446
v 0.279174 1.918006 0.041420
v 0.295935 2.044537 0.037837
v 0.298213 2.183111 0.047130
v 0.266629 2.181670 0.066849
v 0.263402 1.917701 0.045741
v 0.291780 1.918922 0.028460
v 0.251897 1.656794 0.004350
v 0.263313 1.723325 0.018410
v 0.237525 1.656314 0.007384
v 0.240606 1.608513 -0.012807
v 0.263406 1.658231 -0.004753
v 0.274969 1.723948 0.007759
v 0.248729 1.723117 0.021961
v 0.226277 1.607097 -0.010501
v 0.252150 1.612761 -0.019727
v 0.191691 2.653666 -0.236841
v 0.190701 2.793362 -0.228935
v 0.218077 2.653533 -0.241633
v 0.192856 2.504462 -0.243380
v 0.167063 2.654065 -0.222463
v 0.163949 2.798457 -0.219295
v 0.217866 2.791664 -0.232148
v 0.218708 2.504846 -0.248643
v 0.169186 2.503308 -0.227590
v 0.285174 2.629395 0.094164
v 0.285227 2.768582 0.105760
v 0.266210 2.629012 0.099494
v 0.285018 2.480611 0.082948
v 0.300331 2.630544 0.078173
v 0.300443 2.769681 0.089669
v 0.266188 2.768216 0.111123
v 0.266276 2.480227 0.088211
v 0.299997 2.481766 0.067157
v 0.190429 3.319706 0.174915
v 0.166148 3.319717 0.186089
v 0.191604 3.261119 0.173823
v 0.217012 3.319605 0.170073
v 0.186902 3.377731 0.171994
v 0.161916 3.377774 0.179266
v 0.167559 3.261119 0.186396
v 0.217866 3.261119 0.169632
v 0.214448 3.377326 0.165099
v 0.190429 3.308906 -0.181926
v 0.166148 3.308560 -0.190230
v 0.186902 3.362495 -0.176240
v 0.217012 3.309030 -0.177953
v 0.191604 3.255717 -0.187122
v 0.167559 3.255658 -0.196637
v 0.161916 3.362110 -0.180914
v 0.214448 3.362660 -0.169861
v 0.217866 3.255736 -0.183951
v 0.191378 3.071756 0.150766
v 0.166657 3.073043 0.162461
v 0.190701 2.991842 0.137392
v 0.217866 3.071327 0.146868
v 0.191604 3.139937 0.161424
v 0.167559 3.139937 0.174587
v 0.163949 2.996989 0.143796
v 0.217866 2.990126 0.135257
v 0.217866 3.139937 0.157036
v 0.191378 3.084451 -0.206361
v 0.166657 3.087321 -0.214281
v 0.191604 3.146745 -0.199243
v 0.217866 3.083495 -0.203721
v 0.190701 3.009533 -0.213378
v 0.163949 3.016151 -0.216515
v 0.167559 3.147858 -0.208757
v 0.217866 3.146374 -0.196071
v 0.217866 3.007327 -0.212332
v 0.151930 3.549517 0.150069
v 0.166856 3.494791 0.160646
v 0.175096 3.548094 0.139800
v 0.137840 3.595062 0.131179
v 0.129600 3.548206 0.141271
v 0.142424 3.494486 0.156328
v 0.192739 3.494038 0.150445
v 0.158750 3.591513 0.121810
v 0.118825 3.591513 0.121810
v 0.117265 3.649547 -0.013922
v 0.098117 3.642433 -0.013461
v 0.119566 3.646338 0.046874
v 0.141016 3.642433 -0.013461
v 0.119566 3.638527 -0.073797
v 0.101769 3.632102 -0.069182
v 0.101769 3.639372 0.043126
v 0.141695 3.639372 0.043126
v 0.141695 3.632102 -0.069182
v 0.208574 3.542052 -0.007018
v 0.228633 3.494939 -0.004131
v 0.205276 3.536389 -0.070401
v 0.187959 3.585935 -0.009804
v 0.205276 3.544485 0.056465
v 0.225538 3.495613 0.064422
v 0.225538 3.487205 -0.072663
v 0.185509 3.579371 -0.065769
v 0.185509 3.586641 0.046540
v 0.096117 3.542381 -0.006933
v 0.108405 3.496253 -0.003793
v 0.099974 3.544807 0.057943
v 0.087720 3.585935 -0.009804
v 0.099974 3.536540 -0.071571
v 0.111843 3.487808 -0.077342
v 0.111843 3.496901 0.070335
v 0.092066 3.586641 0.046540
v 0.092066 3.579371 -0.065769
v 0.151930 3.529504 -0.164211
v 0.166856 3.474756 -0.169335
v 0.129600 3.529324 -0.155033
v 0.137840 3.576809 -0.150787
v 0.175096 3.529383 -0.153856
v 0.192739 3.475190 -0.159166
v 0.142424 3.474953 -0.163876
v 0.118825 3.574499 -0.141039
v 0.158750 3.574498 -0.141039
v -0.012472 3.449687 0.002655
v -0.012472 3.454732 0.082413
v -0.005574 3.449687 0.002655
v -0.012472 3.443939 -0.075162
v -0.022018 3.449687 0.002655
v -0.022018 3.454732 0.082413
v -0.005574 3.454732 0.082413
v -0.005574 3.443939 -0.075162
v -0.022018 3.443939 -0.075162
v -0.126034 3.548295 1.534248
v -0.127660 3.502517 1.539141
v -0.121156 3.553304 1.564246
v -0.121156 3.573741 1.536911
v -0.127660 3.538741 1.491603
v -0.129332 3.493044 1.496141
v -0.122643 3.507868 1.569721
v -0.116696 3.577320 1.565608
v -0.122643 3.564634 1.494451
v -0.012472 1.569836 1.015672
v -0.022018 1.585978 1.011409
v -0.012472 1.550621 0.994078
v -0.005574 1.561488 1.018103
v -0.012472 1.606561 1.052451
v -0.022018 1.621903 1.047594
v -0.022018 1.567030 0.990139
v -0.005574 1.542083 0.996321
v -0.005574 1.598679 1.055211
v -0.012472 3.609303 1.688044
v -0.022018 3.608741 1.675324
v -0.012472 3.607016 1.718044
v -0.005574 3.609491 1.694965
v -0.012472 3.603922 1.636302
v -0.022018 3.603198 1.624483
v -0.022018 3.606652 1.704800
v -0.005574 3.607138 1.725248
v -0.005574 3.604163 1.642735
v -0.012472 3.559530 1.754592
v -0.012472 3.513362 1.763565
v -0.005574 3.559539 1.762081
v -0.012472 3.585310 1.745830
v -0.022018 3.559509 1.740816
v -0.022018 3.513359 1.749762
v -0.005574 3.513364 1.771069
v -0.005574 3.585336 1.753274
v -0.022018 3.585234 1.732137
v -0.012472 3.462074 0.304000
v -0.022018 3.462074 0.304000
v -0.012472 3.462194 0.371136
v -0.005574 3.462074 0.304000
v -0.012472 3.460990 0.234230
v -0.022018 3.460990 0.234230
v -0.022018 3.462194 0.371136
v -0.005574 3.462194 0.371136
v -0.005574 3.460990 0.234230
v -0.012472 3.456941 0.825306
v -0.022018 3.456926 0.825136
v -0.012472 3.463606 0.908536
v -0.005574 3.456944 0.825397
v -0.012472 3.455585 0.756187
v -0.022018 3.455587 0.756199
v -0.022018 3.463538 0.907808
v -0.005574 3.463627 0.908930
v -0.005574 3.455583 0.756180
v -0.075688 2.950521 0.279171
v -0.054351 2.947352 0.278835
v -0.075466 2.943288 0.355747
v -0.096773 2.960027 0.280175
v -0.076355 2.951699 0.199896
v -0.054351 2.951109 0.199591
v -0.054351 2.939207 0.355499
v -0.095884 2.955529 0.356484
v -0.099441 2.953467 0.200813
v -0.062746 2.601146 0.853783
v -0.046144 2.596185 0.853487
v -0.059056 2.509807 0.913728
v -0.079473 2.616019 0.854618
v -0.067259 2.684491 0.782488
v -0.049056 2.679166 0.782774
v -0.043761 2.506273 0.911310
v -0.074721 2.520403 0.920948
v -0.085293 2.700455 0.781562
v -0.127698 3.444749 0.304058
v -0.129486 3.430016 0.304268
v -0.127660 3.444139 0.371137
v -0.122643 3.453207 0.303991
v -0.127814 3.445170 0.234458
v -0.129949 3.434599 0.235299
v -0.129332 3.427810 0.371139
v -0.122643 3.453185 0.371136
v -0.122643 3.452207 0.234192
v -0.127660 3.421929 0.823958
v -0.129332 3.390556 0.824652
v -0.127660 3.422905 0.900580
v -0.122643 3.439320 0.823627
v -0.127660 3.425557 0.756800
v -0.129332 3.398375 0.757211
v -0.129332 3.387367 0.901664
v -0.122643 3.442644 0.900276
v -0.122643 3.440613 0.756555
v -0.075303 1.674432 0.943347
v -0.054351 1.633194 0.949683
v -0.074815 1.664342 0.949964
v -0.095233 1.716420 0.939218
v -0.075466 1.695355 0.936067
v -0.054351 1.656032 0.941782
v -0.054351 1.623006 0.956727
v -0.093282 1.704622 0.945622
v -0.095884 1.736051 0.932407
v -0.126021 1.813228 0.959643
v -0.127607 1.832093 0.952796
v -0.121156 1.785281 0.944817
v -0.121156 1.793761 0.965149
v -0.127607 1.844070 0.986877
v -0.129121 1.862764 0.978853
v -0.122643 1.804095 0.938376
v -0.116696 1.767884 0.950485
v -0.122643 1.824372 0.993154
v -0.074893 2.003522 0.864939
v -0.054087 2.005493 0.863569
v -0.074815 1.975335 0.862847
v -0.094704 1.996338 0.869254
v -0.073824 2.034872 0.874650
v -0.053292 2.037581 0.872942
v -0.054351 1.975131 0.861899
v -0.093282 1.970861 0.866509
v -0.093766 2.026744 0.879773
v -0.127660 3.438765 0.566514
v -0.129332 3.419930 0.566550
v -0.127660 3.435343 0.630585
v -0.122643 3.449201 0.566496
v -0.127660 3.441317 0.501876
v -0.129332 3.423741 0.501887
v -0.129332 3.414599 0.630685
v -0.122643 3.446836 0.630531
v -0.122643 3.451055 0.501873
v -0.075056 2.865706 0.567809
v -0.054087 2.861069 0.567796
v -0.073824 2.817652 0.636590
v -0.095354 2.879607 0.567797
v -0.075466 2.902245 0.499319
v -0.054351 2.897851 0.499259
v -0.053292 2.812757 0.636631
v -0.093766 2.832321 0.636402
v -0.095884 2.915422 0.499464
v -0.012472 3.459593 0.566478
v -0.022018 3.459594 0.566478
v -0.012472 3.458278 0.630457
v -0.005574 3.459593 0.566477
v -0.012472 3.460753 0.501873
v -0.022018 3.460753 0.501873
v -0.022018 3.458278 0.630459
v -0.005574 3.458277 0.630456
v -0.005574 3.460753 0.501873
v -0.127250 3.013516 0.567493
v -0.122113 2.953728 0.567638
v -0.126019 2.973824 0.634390
v -0.129068 3.081703 0.567325
v -0.127660 3.042303 0.500704
v -0.122643 2.985687 0.500181
v -0.120525 2.910539 0.635277
v -0.128273 3.046359 0.633452
v -0.129332 3.106757 0.501217
v -0.114940 2.781875 0.846960
v -0.106232 2.705772 0.851513
v -0.111250 2.707514 0.927480
v -0.121125 2.870336 0.841723
v -0.119453 2.855469 0.772608
v -0.112053 2.785572 0.776506
v -0.101480 2.618696 0.929537
v -0.118742 2.805633 0.923379
v -0.124037 2.937490 0.768538
v -0.129555 3.078445 0.296044
v -0.124488 3.024181 0.289143
v -0.127660 3.073416 0.363345
v -0.131244 3.138278 0.301491
v -0.135239 3.077976 0.235388
v -0.130023 3.016723 0.220167
v -0.122643 3.020813 0.360406
v -0.129332 3.133301 0.366282
v -0.136978 3.139937 0.244792
v -0.012472 2.492086 1.695946
v -0.012472 2.314854 1.613966
v -0.005574 2.491904 1.703360
v -0.012472 2.673900 1.758959
v -0.022018 2.492497 1.682297
v -0.022018 2.316072 1.600751
v -0.005574 2.314271 1.621152
v -0.005574 2.673865 1.766450
v -0.022018 2.674002 1.745167
v -0.127250 2.504371 1.480832
v -0.127130 2.343587 1.410065
v -0.122643 2.501098 1.507568
v -0.127395 2.676782 1.537360
v -0.127691 2.510394 1.444695
v -0.127214 2.354063 1.379001
v -0.122643 2.337431 1.433820
v -0.122643 2.676118 1.566525
v -0.128273 2.678245 1.496848
v -0.126823 3.439089 0.001887
v -0.127205 3.442926 0.082282
v -0.122643 3.441293 0.002358
v -0.127205 3.432717 -0.076665
v -0.125986 3.442547 0.000831
v -0.127512 3.443491 0.082668
v -0.122643 3.446164 0.082227
v -0.122643 3.435743 -0.075570
v -0.127512 3.433476 -0.079458
v -0.285408 3.416869 0.000169
v -0.284897 3.406821 -0.063905
v -0.299580 3.403510 0.000040
v -0.284897 3.413639 0.063842
v -0.267776 3.431278 -0.000350
v -0.266592 3.420495 -0.069242
v -0.298718 3.394648 -0.056888
v -0.298718 3.400293 0.056541
v -0.266592 3.428206 0.068323
v -0.075911 2.955132 -0.047617
v -0.076355 2.951016 0.034927
v -0.097662 2.930624 -0.049645
v -0.076355 2.965142 -0.126556
v -0.054351 2.963301 -0.046941
v -0.054351 2.957362 0.035178
v -0.099441 2.931981 0.034171
v -0.099441 2.945352 -0.129586
v -0.054351 2.971739 -0.125546
v -0.012472 3.020613 -0.467162
v -0.022018 3.020613 -0.467162
v -0.012472 3.006273 -0.490661
v -0.005574 3.020613 -0.467162
v -0.012472 3.029909 -0.439218
v -0.022018 3.029909 -0.439218
v -0.022018 3.006273 -0.490661
v -0.005574 3.006273 -0.490661
v -0.005574 3.029909 -0.439218
v -0.129332 3.299472 -0.460489
v -0.129332 3.336455 -0.457506
v -0.129332 3.300113 -0.501199
v -0.129332 3.257156 -0.463435
v -0.129332 3.298990 -0.418837
v -0.129332 3.336761 -0.415665
v -0.129332 3.336467 -0.498406
v -0.129332 3.257980 -0.503575
v -0.129332 3.256255 -0.422352
v -0.131043 3.301774 -0.282907
v -0.130442 3.343987 -0.277875
v -0.129332 3.299918 -0.328844
v -0.131244 3.255193 -0.287843
v -0.136176 3.304677 -0.240837
v -0.133771 3.351895 -0.231110
v -0.129332 3.339702 -0.325418
v -0.129332 3.255212 -0.333118
v -0.136978 3.255343 -0.247380
v -0.012472 3.013171 -0.317392
v -0.022018 3.013171 -0.317392
v -0.012472 3.025614 -0.365166
v -0.005574 3.013171 -0.317392
v -0.012472 2.997985 -0.261837
v -0.022018 2.997985 -0.261837
v -0.022018 3.025614 -0.365166
v -0.005574 3.025614 -0.365166
v -0.005574 2.997985 -0.261837
v -0.075466 3.426177 -0.268049
v -0.054351 3.426556 -0.268020
v -0.075466 3.421245 -0.318861
v -0.095884 3.425038 -0.268137
v -0.075466 3.431669 -0.211481
v -0.054351 3.432058 -0.211453
v -0.054351 3.421614 -0.318831
v -0.095884 3.420136 -0.318950
v -0.095884 3.430501 -0.211565
v -0.129555 3.111941 -0.306008
v -0.131244 3.158102 -0.299711
v -0.127660 3.119191 -0.350396
v -0.124488 3.070109 -0.310943
v -0.135239 3.102173 -0.264664
v -0.136978 3.153794 -0.259501
v -0.129332 3.162124 -0.344226
v -0.122643 3.082233 -0.356085
v -0.130023 3.049631 -0.265817
v -0.129199 3.106939 -0.618092
v -0.129332 3.159253 -0.622752
v -0.129332 3.105883 -0.657483
v -0.128797 3.056996 -0.613635
v -0.128797 3.108347 -0.577955
v -0.129332 3.160366 -0.582209
v -0.129332 3.158454 -0.662356
v -0.129332 3.056071 -0.652607
v -0.127192 3.057853 -0.573631
v -0.075466 3.423262 -0.616260
v -0.054351 3.429603 -0.616476
v -0.075466 3.431188 -0.656812
v -0.095884 3.416279 -0.616104
v -0.075466 3.417238 -0.574556
v -0.054351 3.421442 -0.574527
v -0.054351 3.439283 -0.657767
v -0.095884 3.422436 -0.655923
v -0.095884 3.412391 -0.574645
v -0.075466 3.411947 -0.450949
v -0.054351 3.412481 -0.450920
v -0.075466 3.411650 -0.491849
v -0.095884 3.410733 -0.451038
v -0.075466 3.413864 -0.409107
v -0.054351 3.414214 -0.409078
v -0.054351 3.412758 -0.491819
v -0.095884 3.409879 -0.491938
v -0.095884 3.412816 -0.409197
v -0.127735 3.120488 -0.468307
v -0.129332 3.165107 -0.467458
v -0.127961 3.115699 -0.503115
v -0.122944 3.080765 -0.468663
v -0.127660 3.123325 -0.432545
v -0.129332 3.165769 -0.429412
v -0.129332 3.163586 -0.504562
v -0.123847 3.070777 -0.501136
v -0.122643 3.086529 -0.435197
v -0.127660 3.101608 -0.829528
v -0.127660 3.158261 -0.833561
v -0.122643 3.101399 -0.842514
v -0.127660 3.050436 -0.823547
v -0.129332 3.101908 -0.816573
v -0.129332 3.158167 -0.820716
v -0.122643 3.158326 -0.846469
v -0.122643 3.050135 -0.836520
v -0.129332 3.050867 -0.810610
v -0.075303 3.502483 -0.840992
v -0.054351 3.503199 -0.858723
v -0.074815 3.506591 -0.850393
v -0.095233 3.500726 -0.823685
v -0.075466 3.495601 -0.828247
v -0.054351 3.496858 -0.844472
v -0.054351 3.507198 -0.868892
v -0.093282 3.504771 -0.833062
v -0.095884 3.493384 -0.812189
v -0.129332 3.300566 -0.624913
v -0.129332 3.336295 -0.622339
v -0.129332 3.301662 -0.664259
v -0.129332 3.258295 -0.626468
v -0.129332 3.300454 -0.583653
v -0.129332 3.336075 -0.581113
v -0.129332 3.338081 -0.661456
v -0.129332 3.258676 -0.666007
v -0.129332 3.258407 -0.585271
v -0.129332 2.946108 -0.737633
v -0.129332 2.945209 -0.760404
v -0.129332 2.918923 -0.734101
v -0.129332 2.947084 -0.711409
v -0.129332 2.974978 -0.741035
v -0.129332 2.974079 -0.764674
v -0.129332 2.918024 -0.755601
v -0.129332 2.919899 -0.709497
v -0.129332 2.975954 -0.713597
v -0.075303 3.495713 -0.863971
v -0.075466 3.477249 -0.867895
v -0.095233 3.494456 -0.842873
v -0.074815 3.504845 -0.860846
v -0.054351 3.496132 -0.884668
v -0.054351 3.477602 -0.888857
v -0.095884 3.476189 -0.846152
v -0.093282 3.503194 -0.841620
v -0.054351 3.505396 -0.880770
v -0.075466 3.101139 -0.900241
v -0.075466 3.049762 -0.894231
v -0.095884 3.101180 -0.878134
v -0.075466 3.158407 -0.904101
v -0.054351 3.101125 -0.921325
v -0.054351 3.049743 -0.915314
v -0.095884 3.049821 -0.872126
v -0.095884 3.158394 -0.882009
v -0.054351 3.158411 -0.925179
v -0.127660 3.339730 -0.822711
v -0.127660 3.392979 -0.814297
v -0.122643 3.342368 -0.834761
v -0.127660 3.280250 -0.829956
v -0.129332 3.335949 -0.811095
v -0.129332 3.387576 -0.803222
v -0.122643 3.396749 -0.825970
v -0.122643 3.281778 -0.842377
v -0.129332 3.278058 -0.817811
v -0.127735 2.949913 -0.619039
v -0.129332 2.949057 -0.650606
v -0.127660 2.922765 -0.624611
v -0.122944 2.950566 -0.590044
v -0.127961 2.978673 -0.614020
v -0.129332 2.977927 -0.648932
v -0.129332 2.921872 -0.653222
v -0.122643 2.923528 -0.599023
v -0.123847 2.978996 -0.579939
v -0.127660 2.713547 -0.696112
v -0.127660 2.712648 -0.703700
v -0.122643 2.704574 -0.696292
v -0.127660 2.714523 -0.686148
v -0.129332 2.728058 -0.698382
v -0.129332 2.727159 -0.706759
v -0.122643 2.703675 -0.704026
v -0.122643 2.705550 -0.686227
v -0.129332 2.729034 -0.687606
v -0.075303 2.710256 -0.775042
v -0.054351 2.710186 -0.795490
v -0.074815 2.701491 -0.770368
v -0.095233 2.710464 -0.754691
v -0.075466 2.724698 -0.782147
v -0.054351 2.724678 -0.802882
v -0.054351 2.701272 -0.790013
v -0.093282 2.702146 -0.751980
v -0.095884 2.724757 -0.761084
v -0.012472 2.949244 -0.545193
v -0.022018 2.949244 -0.545193
v -0.012472 2.924690 -0.558893
v -0.005574 2.949244 -0.545193
v -0.012472 2.970222 -0.529151
v -0.022018 2.970222 -0.529151
v -0.022018 2.924690 -0.558893
v -0.005574 2.924690 -0.558893
v -0.005574 2.970222 -0.529151
v -0.075466 2.942747 -0.875466
v -0.054351 2.942728 -0.896518
v -0.075466 2.915562 -0.867530
v -0.095884 2.942806 -0.853454
v -0.075466 2.971618 -0.881726
v -0.054351 2.971598 -0.902793
v -0.054351 2.915543 -0.888556
v -0.095884 2.915621 -0.845593
v -0.095884 2.971677 -0.859666
v -0.012472 2.698594 -0.641434
v -0.022018 2.698594 -0.641373
v -0.012472 2.697184 -0.661988
v -0.005574 2.698594 -0.641455
v -0.012472 2.700907 -0.624085
v -0.022018 2.700907 -0.624085
v -0.022018 2.697184 -0.661740
v -0.005574 2.697184 -0.662070
v -0.005574 2.700907 -0.624085
v -0.012472 2.692065 -0.801747
v -0.022018 2.692065 -0.797262
v -0.012472 2.693316 -0.810137
v -0.005574 2.692065 -0.803243
v -0.012472 2.691979 -0.790547
v -0.022018 2.691979 -0.786470
v -0.022018 2.693316 -0.805366
v -0.005574 2.693315 -0.811727
v -0.005574 2.691979 -0.791906
v -0.126034 2.717433 -0.639710
v -0.127660 2.716496 -0.657050
v -0.121156 2.708594 -0.640426
v -0.121156 2.718330 -0.623583
v -0.127660 2.731900 -0.639100
v -0.129332 2.731007 -0.657093
v -0.122643 2.707523 -0.657219
v -0.116696 2.709892 -0.625599
v -0.122643 2.732663 -0.622193
v -0.012472 2.719256 -0.597712
v -0.022018 2.719256 -0.597712
v -0.012472 2.710109 -0.602521
v -0.005574 2.719256 -0.597712
v -0.012472 2.733826 -0.594922
v -0.022018 2.733826 -0.594922
v -0.022018 2.710109 -0.602521
v -0.005574 2.710109 -0.602521
v -0.005574 2.733826 -0.594922
v -0.126034 3.483039 -0.799536
v -0.121156 3.492786 -0.801995
v -0.121156 3.488577 -0.810382
v -0.127660 3.465119 -0.801350
v -0.127660 3.474829 -0.789386
v -0.122643 3.484666 -0.791783
v -0.116696 3.497693 -0.812337
v -0.122643 3.470533 -0.812475
v -0.129332 3.457358 -0.791061
v -0.075466 3.345640 -0.891329
v -0.075466 3.283675 -0.899403
v -0.095884 3.345123 -0.869405
v -0.075466 3.401425 -0.882071
v -0.054351 3.345812 -0.912352
v -0.054351 3.283775 -0.920450
v -0.095884 3.283375 -0.877407
v -0.095884 3.400686 -0.860220
v -0.054351 3.401671 -0.903068
v -0.127660 3.395152 -0.616815
v -0.122643 3.403111 -0.616264
v -0.127660 3.398300 -0.655549
v -0.129332 3.383000 -0.617901
v -0.127660 3.394664 -0.575718
v -0.122643 3.402079 -0.575121
v -0.122643 3.406831 -0.655133
v -0.129332 3.385761 -0.656662
v -0.129332 3.382709 -0.576795
v -0.127698 3.411753 -0.269348
v -0.122643 3.418967 -0.268605
v -0.127660 3.406802 -0.320022
v -0.129486 3.399216 -0.270875
v -0.127814 3.418074 -0.213192
v -0.122643 3.424271 -0.212010
v -0.122643 3.414223 -0.319426
v -0.129332 3.393407 -0.321100
v -0.129949 3.408828 -0.216069
v -0.127660 3.398166 -0.452111
v -0.122643 3.405038 -0.451514
v -0.127660 3.396694 -0.493010
v -0.129332 3.385833 -0.453188
v -0.127660 3.400208 -0.410269
v -0.122643 3.407226 -0.409672
v -0.122643 3.403542 -0.492413
v -0.129332 3.384619 -0.494087
v -0.129332 3.387542 -0.411346
v -0.285227 3.083304 -0.198243
v -0.285227 3.007058 -0.206901
v -0.300443 3.082734 -0.181809
v -0.285227 3.146274 -0.190554
v -0.266188 3.083495 -0.203721
v -0.266188 3.007327 -0.212332
v -0.300443 3.006252 -0.190608
v -0.300443 3.145972 -0.174002
v -0.266188 3.146374 -0.196071
v -0.129319 3.287830 0.566837
v -0.129279 3.223016 0.566986
v -0.129279 3.269322 0.631438
v -0.129332 3.344419 0.566711
v -0.129332 3.300407 0.501944
v -0.129332 3.239721 0.501856
v -0.129121 3.198579 0.631929
v -0.129332 3.331434 0.631087
v -0.129332 3.353280 0.501944
v -0.128922 3.172652 0.829658
v -0.127691 3.071158 0.832704
v -0.128803 3.140999 0.909783
v -0.129332 3.264766 0.827396
v -0.129068 3.209061 0.760127
v -0.128273 3.119602 0.762101
v -0.127214 3.027174 0.913867
v -0.129332 3.244936 0.906308
v -0.129332 3.289381 0.758763
v -0.131043 3.316033 0.308360
v -0.131244 3.260050 0.307782
v -0.129332 3.313223 0.370914
v -0.130442 3.365674 0.306952
v -0.136176 3.318055 0.252677
v -0.136978 3.261119 0.253452
v -0.129332 3.256840 0.370188
v -0.129332 3.362346 0.371151
v -0.133771 3.371124 0.246022
v -0.012472 3.189437 1.808219
v -0.012472 3.029043 1.812963
v -0.005574 3.189436 1.815717
v -0.012472 3.328540 1.793041
v -0.022018 3.189440 1.794423
v -0.022018 3.029063 1.799170
v -0.005574 3.029037 1.820458
v -0.005574 3.328542 1.800541
v -0.022018 3.328538 1.779241
v -0.127647 3.181360 1.581811
v -0.127607 3.023278 1.586710
v -0.122643 3.185407 1.613464
v -0.127660 3.319061 1.567232
v -0.129279 3.174154 1.536705
v -0.129121 3.017923 1.541702
v -0.122643 3.026301 1.618294
v -0.122643 3.323755 1.598559
v -0.129332 3.310717 1.522773
v -0.075466 3.189279 1.709930
v -0.075466 3.029094 1.714679
v -0.054351 3.189465 1.744037
v -0.075466 3.328295 1.694759
v -0.095884 3.188680 1.674493
v -0.095884 3.028705 1.679253
v -0.054351 3.029170 1.748784
v -0.054351 3.328535 1.728851
v -0.095884 3.327578 1.659364
v -0.012472 3.345812 -0.944923
v -0.012472 3.283775 -0.953022
v -0.022018 3.345812 -0.939780
v -0.012472 3.401671 -0.935640
v -0.005574 3.345812 -0.946638
v -0.005574 3.283775 -0.954736
v -0.022018 3.283775 -0.947879
v -0.022018 3.401671 -0.930497
v -0.005574 3.401671 -0.937354
v -0.075303 2.719250 -0.599006
v -0.095233 2.719231 -0.602887
v -0.074815 2.710258 -0.603675
v -0.054351 2.719256 -0.597712
v -0.075466 2.733768 -0.596285
v -0.095884 2.733593 -0.600376
v -0.093282 2.710706 -0.607138
v -0.054351 2.710109 -0.602521
v -0.054351 2.733826 -0.594922
v -0.075303 2.692570 -0.755758
v -0.095233 2.694083 -0.738906
v -0.074815 2.693782 -0.761647
v -0.054351 2.692065 -0.773338
v -0.075466 2.692496 -0.748617
v -0.095884 2.694047 -0.732911
v -0.093282 2.695184 -0.744987
v -0.054351 2.693315 -0.779922
v -0.054351 2.691979 -0.764725
v -0.075303 2.699091 -0.640908
v -0.095233 2.700582 -0.640995
v -0.075466 2.697701 -0.659440
v -0.054351 2.698594 -0.641043
v -0.074815 2.701344 -0.624566
v -0.093282 2.702655 -0.626007
v -0.095884 2.699252 -0.658465
v -0.054351 2.697184 -0.660423
v -0.054351 2.700907 -0.624085
v -0.012472 2.942728 -0.929089
v -0.005574 2.942728 -0.930804
v -0.012472 2.915543 -0.921128
v -0.022018 2.942728 -0.923947
v -0.012472 2.971598 -0.935365
v -0.005574 2.971598 -0.937079
v -0.005574 2.915543 -0.922842
v -0.022018 2.915543 -0.915985
v -0.022018 2.971598 -0.930222
v -0.075541 2.949479 -0.547336
v -0.096185 2.950181 -0.553764
v -0.075466 2.924632 -0.560899
v -0.054351 2.949244 -0.545193
v -0.075767 2.971333 -0.531292
v -0.097088 2.974664 -0.537713
v -0.095884 2.924458 -0.566919
v -0.054351 2.924690 -0.558893
v -0.054351 2.970222 -0.529151
v -0.012472 2.710186 -0.827944
v -0.005574 2.710186 -0.829652
v -0.012472 2.701272 -0.822113
v -0.022018 2.710186 -0.822820
v -0.012472 2.724678 -0.835454
v -0.005574 2.724678 -0.837168
v -0.005574 2.701272 -0.823802
v -0.022018 2.701272 -0.817044
v -0.022018 2.724678 -0.830311
v -0.012472 3.101125 -0.953896
v -0.012472 3.049743 -0.947886
v -0.022018 3.101125 -0.948753
v -0.012472 3.158411 -0.957751
v -0.005574 3.101125 -0.955611
v -0.005574 3.049742 -0.949600
v -0.022018 3.049743 -0.942743
v -0.022018 3.158411 -0.952608
v -0.005574 3.158411 -0.959465
v -0.012472 3.496132 -0.917122
v -0.012472 3.477602 -0.921429
v -0.022018 3.496132 -0.911997
v -0.012472 3.505396 -0.912870
v -0.005574 3.496132 -0.918830
v -0.005574 3.477602 -0.923143
v -0.022018 3.477602 -0.916286
v -0.022018 3.505396 -0.907802
v -0.005574 3.505396 -0.914560
v -0.012472 3.503506 -0.887133
v -0.005574 3.503522 -0.888628
v -0.012472 3.507198 -0.899106
v -0.022018 3.503458 -0.882647
v -0.012472 3.498088 -0.870294
v -0.005574 3.498153 -0.871653
v -0.005574 3.507198 -0.900697
v -0.022018 3.507198 -0.894336
v -0.022018 3.497894 -0.866217
v -0.012472 3.412788 -0.450920
v -0.005574 3.412804 -0.450920
v -0.012472 3.413987 -0.491819
v -0.022018 3.412740 -0.450920
v -0.012472 3.414214 -0.409078
v -0.005574 3.414214 -0.409078
v -0.005574 3.414052 -0.491819
v -0.022018 3.413793 -0.491819
v -0.022018 3.414214 -0.409078
v -0.012472 3.439134 -0.616867
v -0.005574 3.439636 -0.616888
v -0.012472 3.451581 -0.659331
v -0.022018 3.437629 -0.616806
v -0.012472 3.427591 -0.574527
v -0.005574 3.427914 -0.574527
v -0.005574 3.452228 -0.659414
v -0.022018 3.449639 -0.659084
v -0.022018 3.426620 -0.574527
v -0.012472 3.426556 -0.268020
v -0.005574 3.426556 -0.268020
v -0.012472 3.421614 -0.318831
v -0.022018 3.426556 -0.268020
v -0.012472 3.432058 -0.211453
v -0.005574 3.432058 -0.211453
v -0.005574 3.421614 -0.318831
v -0.022018 3.421614 -0.318831
v -0.022018 3.432058 -0.211453
v -0.075688 3.015330 -0.317117
v -0.096773 3.021806 -0.316294
v -0.075466 3.028445 -0.364712
v -0.054351 3.013171 -0.317392
v -0.076355 2.997815 -0.262228
v -0.099441 2.997306 -0.263400
v -0.095884 3.036937 -0.363350
v -0.054351 3.025614 -0.365166
v -0.054351 2.997985 -0.261837
v -0.075541 3.023473 -0.467364
v -0.096185 3.032051 -0.467967
v -0.075767 3.008906 -0.491690
v -0.054351 3.020613 -0.467162
v -0.075466 3.032740 -0.439017
v -0.095884 3.041233 -0.438414
v -0.097088 3.016806 -0.494776
v -0.054351 3.006273 -0.490661
v -0.054351 3.029909 -0.439218
v -0.012472 2.963301 -0.046941
v -0.012472 2.957362 0.035178
v -0.022018 2.963301 -0.046941
v -0.012472 2.971739 -0.125546
v -0.005574 2.963301 -0.046941
v -0.005574 2.957362 0.035178
v -0.022018 2.957362 0.035178
v -0.022018 2.971739 -0.125546
v -0.005574 2.971739 -0.125546
v -0.075466 2.495769 1.598885
v -0.075466 2.324907 1.520187
v -0.054351 2.494339 1.632428
v -0.075466 2.674963 1.660757
v -0.095884 2.497427 1.564463
v -0.095884 2.329070 1.487214
v -0.054351 2.321155 1.552515
v -0.054351 2.674545 1.694764
v -0.095884 2.675403 1.625659
v -0.075466 3.459074 0.566482
v -0.095884 3.457515 0.566484
v -0.075466 3.457708 0.630472
v -0.054351 3.459594 0.566480
v -0.075466 3.460268 0.501873
v -0.095884 3.458813 0.501873
v -0.095884 3.455992 0.630484
v -0.054351 3.458279 0.630466
v -0.054351 3.460753 0.501873
v -0.012459 2.861058 0.567739
v -0.005574 2.861057 0.567730
v -0.012419 2.812744 0.636557
v -0.021965 2.861061 0.567754
v -0.012472 2.897844 0.499222
v -0.005574 2.897843 0.499216
v -0.005574 2.812742 0.636545
v -0.021807 2.812747 0.636576
v -0.022018 2.897846 0.499232
v -0.012459 2.004315 0.863776
v -0.005574 2.004191 0.863804
v -0.012472 1.970420 0.862727
v -0.021965 2.004557 0.863729
v -0.012419 2.037581 0.872942
v -0.005574 2.037581 0.872942
v -0.005574 1.969921 0.862838
v -0.022018 1.971387 0.862537
v -0.021807 2.037581 0.872942
v -0.012472 1.556978 0.964556
v -0.005574 1.548744 0.966472
v -0.012472 1.544824 0.972611
v -0.022018 1.572766 0.961199
v -0.012472 1.584116 0.955321
v -0.005574 1.576391 0.957085
v -0.005574 1.536346 0.974642
v -0.022018 1.561046 0.969040
v -0.022018 1.598973 0.952250
v -0.012062 2.596174 0.853430
v -0.005574 2.596173 0.853421
v -0.011943 2.506266 0.911273
v -0.020377 2.596177 0.853445
v -0.012207 2.679152 0.782700
v -0.005574 2.679150 0.782688
v -0.005574 2.506265 0.911267
v -0.019900 2.506268 0.911282
v -0.020959 2.679156 0.782719
v -0.012472 2.947352 0.278834
v -0.005574 2.947352 0.278833
v -0.012472 2.939206 0.355491
v -0.022018 2.947352 0.278834
v -0.012472 2.951109 0.199591
v -0.005574 2.951109 0.199591
v -0.005574 2.939206 0.355490
v -0.022018 2.939206 0.355493
v -0.022018 2.951109 0.199591
v -0.075466 3.455907 0.824112
v -0.095884 3.453245 0.823780
v -0.075466 3.461902 0.903435
v -0.054351 3.456838 0.824504
v -0.075466 3.454847 0.756264
v -0.095884 3.452601 0.756322
v -0.095884 3.458682 0.901864
v -0.054351 3.463163 0.905140
v -0.054351 3.455593 0.756232
v -0.075466 3.461630 0.304000
v -0.095884 3.460300 0.303999
v -0.075466 3.461744 0.371136
v -0.054351 3.462074 0.304000
v -0.075466 3.460551 0.234228
v -0.095884 3.459234 0.234222
v -0.095884 3.460392 0.371136
v -0.054351 3.462194 0.371136
v -0.054351 3.460990 0.234230
v -0.075303 3.558941 1.656838
v -0.075466 3.513079 1.665304
v -0.054351 3.559408 1.690522
v -0.074815 3.583823 1.649585
v -0.095233 3.557688 1.622534
v -0.095884 3.512256 1.630007
v -0.054351 3.513354 1.699365
v -0.054351 3.584844 1.682155
v -0.093282 3.581344 1.618206
v -0.075303 3.602252 1.599008
v -0.095233 3.596260 1.570760
v -0.074815 3.602050 1.625684
v -0.054351 3.605746 1.628936
v -0.075466 3.595186 1.553489
v -0.095884 3.588532 1.526908
v -0.093282 3.596947 1.597406
v -0.054351 3.604718 1.656480
v -0.054351 3.599335 1.581398
v -0.075303 1.690469 0.987468
v -0.095233 1.732309 0.978620
v -0.074815 1.671785 0.968475
v -0.054351 1.648320 0.996742
v -0.075466 1.722292 1.019998
v -0.095884 1.763185 1.009257
v -0.093282 1.711907 0.961773
v -0.054351 1.629996 0.976565
v -0.054351 1.681587 1.030823
v -0.075466 3.449267 0.002640
v -0.075466 3.454304 0.082404
v -0.054351 3.449687 0.002655
v -0.075466 3.443529 -0.075182
v -0.095884 3.448008 0.002596
v -0.095884 3.453019 0.082376
v -0.054351 3.454732 0.082413
v -0.054351 3.443939 -0.075162
v -0.095884 3.442300 -0.075244
v -0.075466 1.927374 1.234233
v -0.095884 1.950552 1.212428
v -0.075466 1.838684 1.144773
v -0.054351 1.904671 1.255918
v -0.075466 2.037447 1.331662
v -0.095884 2.052728 1.305193
v -0.095884 1.869616 1.127619
v -0.054351 1.808127 1.161901
v -0.054351 2.022704 1.357879
v -0.012062 2.226607 0.940575
v -0.005574 2.226607 0.940575
v -0.012207 2.146052 0.916063
v -0.020377 2.226607 0.940575
v -0.011943 2.317232 0.954316
v -0.005574 2.317232 0.954315
v -0.005574 2.146052 0.916063
v -0.020959 2.146052 0.916063
v -0.019900 2.317233 0.954318
v -0.062746 2.223942 0.943874
v -0.046144 2.226607 0.940577
v -0.067259 2.143007 0.918654
v -0.079473 2.215945 0.953763
v -0.059056 2.316341 0.958567
v -0.043761 2.317234 0.954323
v -0.049056 2.146052 0.916063
v -0.085293 2.133869 0.926424
v -0.074721 2.313661 0.971292
v -0.127250 2.001817 1.165135
v -0.127691 2.019492 1.148485
v -0.127395 1.933976 1.090873
v -0.122643 1.987143 1.178635
v -0.127130 2.090105 1.246805
v -0.127214 2.106552 1.225819
v -0.128273 1.952191 1.077915
v -0.122643 1.917037 1.101296
v -0.122643 2.078084 1.263719
v -0.012472 1.863611 1.297890
v -0.022018 1.871884 1.288742
v -0.012472 1.752431 1.195394
v -0.005574 1.859437 1.302935
v -0.012472 1.996368 1.408235
v -0.022018 2.001640 1.397335
v -0.022018 1.763706 1.188021
v -0.005574 1.746709 1.199501
v -0.005574 1.993729 1.414202
v -0.114940 2.121616 1.048702
v -0.106232 2.163389 1.007841
v -0.119453 2.048033 0.999272
v -0.121125 2.080082 1.089497
v -0.111250 2.211482 1.099445
v -0.101480 2.259757 1.044504
v -0.112053 2.085137 0.967868
v -0.124037 2.009816 1.031320
v -0.118742 2.167319 1.151774
v -0.075466 3.526867 1.251052
v -0.095884 3.521045 1.237594
v -0.075466 3.555584 1.376055
v -0.054351 3.530301 1.265231
v -0.075466 3.498523 1.121029
v -0.095884 3.493638 1.112717
v -0.095884 3.549021 1.357312
v -0.054351 3.559700 1.395767
v -0.054351 3.501112 1.129814
v -0.012472 1.777582 0.903914
v -0.005574 1.773577 0.904804
v -0.012472 1.698181 0.924422
v -0.022018 1.785335 0.902380
v -0.012472 1.856913 0.884541
v -0.005574 1.854418 0.885094
v -0.005574 1.692643 0.925659
v -0.022018 1.708888 0.922284
v -0.022018 1.861748 0.883589
v -0.128922 3.129033 1.248436
v -0.127691 2.986340 1.253826
v -0.129068 3.145615 1.368054
v -0.129332 3.257121 1.239309
v -0.128803 3.118793 1.123220
v -0.127214 2.983868 1.128514
v -0.128273 2.996859 1.373351
v -0.129332 3.277683 1.356904
v -0.129332 3.241159 1.116210
v -0.116403 2.559562 1.217853
v -0.112086 2.432299 1.186642
v -0.121125 2.536057 1.312585
v -0.121125 2.695728 1.239893
v -0.112086 2.593545 1.116200
v -0.104825 2.477634 1.099517
v -0.118742 2.396992 1.267123
v -0.124037 2.685350 1.346932
v -0.118742 2.716375 1.126237
v -0.125624 1.921219 0.909292
v -0.120627 1.954319 0.892021
v -0.121156 1.898706 0.899349
v -0.127395 1.886374 0.927141
v -0.126019 1.950270 0.927763
v -0.120525 1.983395 0.907098
v -0.116696 1.932189 0.885074
v -0.122643 1.861974 0.915084
v -0.128273 1.915919 0.948773
v -0.075303 1.836075 0.894724
v -0.054351 1.815330 0.897228
v -0.075466 1.779029 0.911292
v -0.095233 1.857579 0.893801
v -0.074815 1.892545 0.879346
v -0.054351 1.880466 0.880398
v -0.054351 1.750249 0.915084
v -0.095884 1.809231 0.909143
v -0.093282 1.903356 0.880274
v -0.012472 3.533842 1.293174
v -0.022018 3.533285 1.287157
v -0.012472 3.564279 1.434585
v -0.005574 3.534027 1.296449
v -0.012472 3.503388 1.147150
v -0.022018 3.503031 1.143419
v -0.022018 3.563557 1.426226
v -0.005574 3.564518 1.439136
v -0.005574 3.503506 1.149181
v -0.127660 3.474411 1.220381
v -0.129332 3.430899 1.223343
v -0.127660 3.500307 1.332857
v -0.122643 3.498961 1.221434
v -0.127660 3.449940 1.102507
v -0.129332 3.408179 1.104760
v -0.129332 3.455688 1.336495
v -0.122643 3.525603 1.334609
v -0.122643 3.473359 1.102911
v -0.012472 2.813314 -0.877949
v -0.005574 2.813314 -0.879663
v -0.012472 2.777259 -0.860857
v -0.022018 2.813314 -0.872806
v -0.012472 2.850880 -0.895117
v -0.005574 2.850880 -0.896832
v -0.005574 2.777259 -0.862571
v -0.022018 2.777259 -0.855714
v -0.022018 2.850880 -0.889974
v -0.075466 2.822404 -0.586525
v -0.095884 2.822229 -0.591196
v -0.075466 2.786349 -0.590973
v -0.054351 2.822462 -0.584967
v -0.075466 2.859969 -0.580314
v -0.095884 2.859795 -0.585330
v -0.095884 2.786174 -0.595386
v -0.054351 2.786407 -0.589502
v -0.054351 2.860027 -0.578642
v -0.012472 2.822462 -0.584967
v -0.022018 2.822462 -0.584967
v -0.012472 2.786407 -0.589502
v -0.005574 2.822462 -0.584967
v -0.012472 2.860027 -0.578642
v -0.022018 2.860027 -0.578642
v -0.022018 2.786407 -0.589502
v -0.005574 2.786407 -0.589502
v -0.005574 2.860027 -0.578642
v -0.127660 2.820536 -0.635824
v -0.129332 2.819643 -0.657584
v -0.127660 2.784481 -0.637404
v -0.122643 2.821299 -0.616113
v -0.127660 2.858102 -0.633362
v -0.129332 2.857209 -0.657081
v -0.129332 2.783588 -0.657548
v -0.122643 2.785244 -0.618921
v -0.122643 2.858865 -0.612081
v -0.075466 2.813334 -0.824497
v -0.054351 2.813314 -0.845378
v -0.075466 2.777279 -0.807463
v -0.095884 2.813393 -0.803000
v -0.075466 2.850899 -0.841607
v -0.054351 2.850880 -0.862546
v -0.054351 2.777259 -0.828285
v -0.095884 2.777338 -0.786141
v -0.095884 2.850958 -0.819934
v -0.129332 2.816694 -0.716164
v -0.129332 2.815795 -0.730941
v -0.129332 2.780639 -0.709016
v -0.129332 2.817670 -0.698891
v -0.129332 2.854260 -0.723329
v -0.129332 2.853361 -0.740723
v -0.129332 2.779740 -0.721211
v -0.129332 2.781615 -0.694381
v -0.129332 2.855236 -0.703326
v -0.127660 2.814008 -0.760761
v -0.122643 2.813707 -0.770633
v -0.127660 2.777952 -0.745727
v -0.129332 2.814439 -0.752270
v -0.127660 2.851573 -0.775865
v -0.122643 2.851273 -0.786632
v -0.122643 2.777652 -0.754705
v -0.129332 2.778383 -0.738515
v -0.129332 2.852004 -0.766091
v -0.012472 3.479797 -0.782253
v -0.005574 3.480299 -0.782918
v -0.012472 3.486078 -0.817607
v -0.022018 3.478292 -0.780259
v -0.012472 3.472414 -0.743024
v -0.005574 3.473061 -0.743436
v -0.005574 3.486401 -0.818537
v -0.022018 3.485107 -0.814815
v -0.022018 3.470472 -0.741789
v -0.075466 2.694752 -0.712922
v -0.095884 2.696303 -0.705257
v -0.075466 2.693853 -0.727380
v -0.054351 2.694235 -0.720796
v -0.075466 2.695728 -0.696488
v -0.095884 2.697279 -0.691748
v -0.095884 2.695404 -0.716640
v -0.054351 2.693336 -0.738403
v -0.054351 2.695211 -0.701362
v -0.127660 3.432765 -0.743280
v -0.122643 3.442252 -0.744148
v -0.127660 3.448813 -0.762588
v -0.129332 3.417855 -0.744649
v -0.127660 3.417561 -0.719346
v -0.122643 3.426880 -0.719656
v -0.122643 3.458401 -0.764041
v -0.129332 3.432934 -0.764074
v -0.129332 3.403599 -0.720604
v -0.012472 2.694235 -0.733429
v -0.022018 2.694235 -0.731434
v -0.012472 2.693336 -0.756083
v -0.005574 2.694235 -0.734094
v -0.012472 2.695211 -0.709184
v -0.022018 2.695211 -0.707949
v -0.022018 2.693336 -0.753291
v -0.005574 2.693336 -0.757013
v -0.005574 2.695211 -0.709595
v -0.126034 2.710912 -0.718674
v -0.121156 2.710768 -0.725936
v -0.121156 2.702096 -0.719229
v -0.127660 2.711291 -0.713792
v -0.127660 2.725371 -0.723384
v -0.122643 2.725071 -0.731035
v -0.116696 2.702421 -0.726195
v -0.122643 2.702318 -0.714381
v -0.129332 2.725802 -0.718074
v -0.129332 3.316733 -0.757921
v -0.129332 3.360091 -0.752805
v -0.129332 3.324049 -0.779934
v -0.129332 3.266946 -0.761936
v -0.129332 3.309876 -0.731410
v -0.129332 3.350218 -0.727299
v -0.129332 3.370571 -0.773762
v -0.129332 3.271162 -0.784982
v -0.129332 3.263045 -0.734439
v -0.127660 2.943421 -0.805844
v -0.122643 2.943120 -0.818342
v -0.127660 2.916236 -0.798765
v -0.129332 2.943852 -0.793586
v -0.127660 2.972291 -0.811558
v -0.122643 2.971991 -0.824300
v -0.122643 2.915936 -0.810881
v -0.129332 2.916667 -0.787056
v -0.129332 2.972723 -0.798952
v -0.075466 3.463850 -0.761698
v -0.054351 3.470266 -0.769620
v -0.075466 3.475616 -0.788828
v -0.095884 3.456638 -0.753888
v -0.075466 3.451982 -0.730308
v -0.054351 3.460116 -0.735202
v -0.054351 3.479929 -0.799927
v -0.095884 3.470445 -0.777862
v -0.095884 3.443113 -0.725506
v -0.129332 3.103495 -0.756586
v -0.129332 3.157749 -0.761276
v -0.129332 3.102852 -0.781196
v -0.129332 3.053123 -0.750762
v -0.129332 3.104227 -0.727629
v -0.129332 3.157750 -0.732479
v -0.129332 3.157873 -0.785686
v -0.129332 3.052224 -0.775291
v -0.129332 3.054099 -0.721977
v -0.320400 3.077411 -0.028427
v -0.318183 3.075129 0.037309
v -0.320400 3.143156 -0.019518
v -0.318183 3.079692 -0.094162
v -0.320400 2.998726 -0.038538
v -0.318183 2.995501 0.026636
v -0.318183 3.141949 0.046690
v -0.318183 3.144363 -0.085725
v -0.318183 3.001952 -0.103711
v -0.319353 3.309957 -0.003785
v -0.317197 3.311123 0.060044
v -0.316212 3.352550 -0.001761
v -0.317197 3.307469 -0.067660
v -0.320400 3.258428 -0.007159
v -0.318183 3.259437 0.059137
v -0.314240 3.352033 0.055340
v -0.314240 3.347782 -0.059050
v -0.318183 3.257418 -0.073456
v -0.285227 3.071517 0.141390
v -0.285227 3.140038 0.151519
v -0.300443 3.072087 0.124956
v -0.285227 2.990395 0.129826
v -0.266188 3.071327 0.146868
v -0.266188 3.139937 0.157036
v -0.300443 3.140339 0.134967
v -0.300443 2.991201 0.113533
v -0.266188 2.990126 0.135257
v -0.285057 3.305869 -0.169068
v -0.285227 3.255820 -0.178426
v -0.300012 3.304960 -0.152850
v -0.284550 3.349584 -0.150841
v -0.265942 3.307321 -0.175142
v -0.266188 3.255736 -0.183951
v -0.300443 3.256073 -0.161852
v -0.298718 3.344652 -0.135521
v -0.265206 3.355823 -0.158621
v -0.285057 3.315614 0.161494
v -0.284550 3.361792 0.147299
v -0.300012 3.313632 0.145233
v -0.285227 3.261035 0.164107
v -0.265942 3.317548 0.167507
v -0.265206 3.369097 0.154834
v -0.298718 3.355164 0.131812
v -0.300443 3.260783 0.147533
v -0.266188 3.261119 0.169632
v -0.191691 2.629781 0.094803
v -0.218077 2.629012 0.099494
v -0.192856 2.480612 0.082948
v -0.167063 2.632089 0.080730
v -0.190701 2.770127 0.108317
v -0.217866 2.768216 0.111123
v -0.218708 2.480227 0.088211
v -0.169186 2.481766 0.067157
v -0.163949 2.775861 0.099897
v -0.149523 2.053985 -0.092426
v -0.152869 2.049935 -0.036599
v -0.153196 1.927473 -0.092508
v -0.152869 2.058034 -0.148254
v -0.143972 2.193200 -0.090902
v -0.147497 2.188876 -0.031745
v -0.156363 1.923808 -0.040665
v -0.156363 1.931138 -0.144352
v -0.147497 2.197523 -0.150059
v -0.285174 2.653150 -0.236303
v -0.266210 2.653533 -0.241633
v -0.285018 2.504462 -0.243380
v -0.300331 2.652001 -0.220313
v -0.285227 2.791297 -0.226784
v -0.266188 2.791664 -0.232148
v -0.266276 2.504846 -0.248643
v -0.299997 2.503308 -0.227590
v -0.300443 2.790198 -0.210694
v -0.320211 2.641273 -0.071070
v -0.318002 2.645870 -0.135031
v -0.319643 2.492537 -0.080216
v -0.318002 2.636675 -0.007109
v -0.320400 2.779940 -0.060512
v -0.318183 2.784336 -0.124876
v -0.317460 2.497153 -0.143376
v -0.317460 2.487921 -0.017056
v -0.318183 2.775543 0.003851
v -0.131990 2.639319 -0.071457
v -0.135765 2.636316 -0.004877
v -0.135319 2.492537 -0.080216
v -0.135765 2.646031 -0.137508
v -0.126333 2.772128 -0.062062
v -0.130023 2.774108 0.012775
v -0.139082 2.487920 -0.017056
v -0.139082 2.497153 -0.143376
v -0.130023 2.784980 -0.134781
v -0.181496 1.656794 0.004350
v -0.201075 1.656314 0.007384
v -0.171231 1.608513 -0.012807
v -0.164051 1.658231 -0.004753
v -0.191596 1.723325 0.018410
v -0.211714 1.723117 0.021961
v -0.190016 1.607097 -0.010501
v -0.155956 1.612761 -0.019727
v -0.173177 1.723948 0.007759
v -0.200678 2.043524 0.051794
v -0.223663 2.043187 0.056446
v -0.201616 1.918006 0.041420
v -0.179634 2.044537 0.037837
v -0.197862 2.182030 0.061920
v -0.222076 2.181670 0.066849
v -0.223372 1.917701 0.045741
v -0.181697 1.918922 0.028460
v -0.175693 2.183111 0.047130
v -0.313402 2.053985 -0.092426
v -0.311461 2.058034 -0.148254
v -0.308313 1.927473 -0.092508
v -0.311461 2.049936 -0.036599
v -0.316613 2.193200 -0.090902
v -0.314569 2.197523 -0.150059
v -0.306476 1.931138 -0.144352
v -0.306476 1.923808 -0.040665
v -0.314569 2.188876 -0.031745
v -0.282618 2.064445 -0.236647
v -0.265955 2.064782 -0.241299
v -0.279174 1.936940 -0.226437
v -0.295935 2.063433 -0.222690
v -0.284183 2.204369 -0.243724
v -0.266629 2.204729 -0.248654
v -0.263402 1.937246 -0.230758
v -0.291780 1.936024 -0.213477
v -0.298213 2.203288 -0.228935
v -0.224385 1.550074 -0.091443
v -0.226049 1.556298 -0.061478
v -0.237979 1.560034 -0.091443
v -0.226049 1.557520 -0.121409
v -0.209372 1.546754 -0.091443
v -0.211251 1.553198 -0.060741
v -0.239002 1.565599 -0.063687
v -0.239002 1.566968 -0.119199
v -0.211251 1.554371 -0.122145
v -0.277816 1.661739 -0.091496
v -0.276372 1.664243 -0.128800
v -0.264547 1.612764 -0.091443
v -0.276372 1.660601 -0.054193
v -0.290257 1.729763 -0.091656
v -0.288558 1.732256 -0.134263
v -0.263798 1.616769 -0.122688
v -0.263798 1.614227 -0.060198
v -0.288558 1.727271 -0.049050
v -0.251897 1.666000 -0.187343
v -0.237525 1.665796 -0.190377
v -0.240606 1.614280 -0.170079
v -0.263406 1.666613 -0.178240
v -0.263313 1.736202 -0.201723
v -0.248729 1.736410 -0.205274
v -0.226277 1.612962 -0.172386
v -0.252150 1.618235 -0.163160
v -0.274969 1.735579 -0.191071
v -0.138713 1.661739 -0.091496
v -0.141699 1.660602 -0.054193
v -0.132596 1.612764 -0.091443
v -0.141699 1.664243 -0.128800
v -0.146823 1.729763 -0.091656
v -0.149751 1.727271 -0.049050
v -0.135876 1.614227 -0.060198
v -0.135876 1.616769 -0.122688
v -0.149751 1.732256 -0.134263
v -0.181496 1.666000 -0.187343
v -0.164051 1.666613 -0.178240
v -0.171231 1.614280 -0.170079
v -0.201075 1.665796 -0.190377
v -0.191596 1.736202 -0.201723
v -0.173177 1.735579 -0.191071
v -0.155956 1.618235 -0.163160
v -0.190016 1.612962 -0.172386
v -0.211714 1.736410 -0.205274
v -0.154569 1.550074 -0.091443
v -0.156674 1.556298 -0.061478
v -0.173111 1.546754 -0.091443
v -0.156674 1.557520 -0.121409
v -0.140023 1.560034 -0.091443
v -0.142808 1.565599 -0.063687
v -0.174989 1.553198 -0.060741
v -0.174989 1.554371 -0.122145
v -0.142808 1.566968 -0.119199
v -0.200678 2.064445 -0.236647
v -0.179634 2.063433 -0.222690
v -0.201616 1.936940 -0.226438
v -0.223663 2.064782 -0.241299
v -0.197862 2.204369 -0.243724
v -0.175693 2.203288 -0.228935
v -0.181697 1.936024 -0.213477
v -0.223372 1.937246 -0.230758
v -0.222076 2.204729 -0.248654
v -0.282618 2.043525 0.051794
v -0.295935 2.044537 0.037837
v -0.279174 1.918006 0.041420
v -0.265955 2.043187 0.056446
v -0.284183 2.182030 0.061920
v -0.298213 2.183111 0.047130
v -0.291780 1.918922 0.028460
v -0.263402 1.917701 0.045741
v -0.266629 2.181670 0.066849
v -0.251897 1.656794 0.004350
v -0.263406 1.658231 -0.004753
v -0.240606 1.608513 -0.012807
v -0.237525 1.656314 0.007384
v -0.263313 1.723325 0.018410
v -0.274969 1.723948 0.007759
v -0.252150 1.612761 -0.019727
v -0.226277 1.607097 -0.010501
v -0.248729 1.723117 0.021961
v -0.191691 2.653666 -0.236841
v -0.167063 2.654065 -0.222463
v -0.192856 2.504462 -0.243380
v -0.218077 2.653533 -0.241633
v -0.190701 2.793362 -0.228935
v -0.163949 2.798457 -0.219295
v -0.169186 2.503308 -0.227590
v -0.218708 2.504846 -0.248643
v -0.217866 2.791664 -0.232148
v -0.285174 2.629395 0.094164
v -0.300331 2.630544 0.078173
v -0.285018 2.480612 0.082948
v -0.266210 2.629012 0.099494
v -0.285227 2.768582 0.105760
v -0.300443 2.769681 0.089669
v -0.299997 2.481766 0.067157
v -0.266276 2.480227 0.088211
v -0.266188 2.768216 0.111123
v -0.190429 3.319706 0.174915
v -0.186902 3.377731 0.171994
v -0.217012 3.319605 0.170073
v -0.191604 3.261119 0.173823
v -0.166148 3.319717 0.186089
v -0.161916 3.377774 0.179266
v -0.214448 3.377326 0.165099
v -0.217866 3.261119 0.169632
v -0.167559 3.261119 0.186396
v -0.190429 3.308906 -0.181926
v -0.191604 3.255717 -0.187122
v -0.217012 3.309030 -0.177953
v -0.186902 3.362495 -0.176240
v -0.166148 3.308560 -0.190230
v -0.167559 3.255658 -0.196637
v -0.217866 3.255736 -0.183951
v -0.214448 3.362660 -0.169861
v -0.161916 3.362110 -0.180914
v -0.191378 3.071756 0.150766
v -0.191604 3.139937 0.161424
v -0.217866 3.071327 0.146868
v -0.190701 2.991842 0.137392
v -0.166657 3.073043 0.162461
v -0.167559 3.139937 0.174587
v -0.217866 3.139937 0.157036
v -0.217866 2.990126 0.135257
v -0.163949 2.996989 0.143796
v -0.191378 3.084451 -0.206361
v -0.190701 3.009533 -0.213378
v -0.217866 3.083495 -0.203721
v -0.191604 3.146745 -0.199243
v -0.166657 3.087321 -0.214281
v -0.163949 3.016151 -0.216515
v -0.217866 3.007327 -0.212332
v -0.217866 3.146374 -0.196071
v -0.167559 3.147858 -0.208757
v -0.151930 3.549517 0.150069
v -0.129600 3.548206 0.141271
v -0.137840 3.595062 0.131179
v -0.175096 3.548094 0.139800
v -0.166856 3.494791 0.160646
v -0.142424 3.494486 0.156328
v -0.118825 3.591513 0.121810
v -0.158750 3.591513 0.121810
v -0.192739 3.494038 0.150445
v -0.117265 3.649547 -0.013922
v -0.119566 3.638527 -0.073797
v -0.141016 3.642433 -0.013461
v -0.119566 3.646338 0.046874
v -0.098117 3.642433 -0.013461
v -0.101769 3.632102 -0.069182
v -0.141695 3.632102 -0.069182
v -0.141695 3.639372 0.043126
v -0.101769 3.639372 0.043126
v -0.208574 3.542052 -0.007018
v -0.205276 3.544485 0.056465
v -0.187959 3.585935 -0.009804
v -0.205276 3.536389 -0.070401
v -0.228633 3.494939 -0.004131
v -0.225538 3.495613 0.064422
v -0.185509 3.586641 0.046540
v -0.185509 3.579371 -0.065769
v -0.225538 3.487205 -0.072663
v -0.096117 3.542381 -0.006933
v -0.099974 3.536540 -0.071571
v -0.087720 3.585935 -0.009804
v -0.099974 3.544807 0.057943
v -0.108405 3.496253 -0.003793
v -0.111843 3.487808 -0.077342
v -0.092066 3.579371 -0.065769
v -0.092066 3.586641 0.046540
v -0.111843 3.496901 0.070335
v -0.151930 3.529504 -0.164211
v -0.175096 3.529383 -0.153856
v -0.137840 3.576809 -0.150787
v -0.129600 3.529324 -0.155033
v -0.166856 3.474756 -0.169335
v -0.192739 3.475190 -0.159166
v -0.158750 3.574499 -0.141039
v -0.118825 3.574498 -0.141039
v -0.142424 3.474953 -0.163876
v 0.246279 -4.036376 0.176179
v 0.246279 -3.957127 0.144303
v 0.229861 -4.016985 0.278598
v 0.246279 -4.105556 0.200686
v 0.229861 -4.055768 0.073759
v 0.229861 -3.969779 0.047946
v 0.229861 -3.944475 0.240659
v 0.229861 -4.081129 0.307981
v 0.229861 -4.129983 0.093391
v -0.000000 3.688084 0.019616
v -0.000000 3.651604 -0.101267
v -0.103797 3.655881 0.015509
v -0.000000 3.660158 0.132285
v 0.103797 3.655881 0.015509
v 0.096603 3.621741 -0.096217
v -0.096603 3.621741 -0.096217
v -0.096603 3.629404 0.119505
v 0.096603 3.629404 0.119505
v 0.267653 3.189961 -0.041452
v 0.249741 3.184064 -0.152317
v 0.242536 3.400152 -0.017103
v 0.249740 3.189227 0.068567
v 0.273120 2.942031 -0.065702
v 0.254912 2.940259 -0.174149
v 0.226093 3.384006 -0.121471
v 0.226093 3.389779 0.083883
v 0.254912 2.943802 0.042746
v -0.000000 3.196565 0.235712
v 0.106958 3.192770 0.216529
v -0.000000 3.407972 0.243825
v -0.106958 3.192770 0.216529
v -0.000000 2.946459 0.205417
v 0.109248 2.946164 0.187342
v 0.096603 3.394030 0.223610
v -0.096603 3.394030 0.223609
v -0.109248 2.946164 0.187342
v -0.267653 3.189961 -0.041452
v -0.249741 3.189227 0.068567
v -0.242536 3.400152 -0.017103
v -0.249741 3.184064 -0.152317
v -0.273120 2.942031 -0.065702
v -0.254912 2.943802 0.042746
v -0.226093 3.389779 0.083883
v -0.226093 3.384006 -0.121471
v -0.254912 2.940259 -0.174150
v 0.000000 -3.603665 -0.201351
v 0.098065 -3.603560 -0.186391
v 0.000000 -3.749639 -0.158587
v -0.098065 -3.603560 -0.186391
v 0.000000 -3.437455 -0.243480
v 0.096726 -3.437455 -0.228439
v 0.098512 -3.749217 -0.143647
v -0.098512 -3.749217 -0.143647
v -0.096726 -3.437455 -0.228439
v 0.000000 3.183356 -0.318616
v 0.106958 3.180522 -0.300279
v 0.000000 2.937603 -0.336821
v -0.106958 3.180522 -0.300279
v 0.000000 3.392333 -0.278031
v 0.096603 3.379755 -0.261197
v 0.109248 2.937898 -0.318746
v -0.109248 2.937898 -0.318746
v -0.096603 3.379755 -0.261197
v 0.000000 2.166819 -0.321542
v 0.096853 2.166834 -0.306233
v 0.000000 1.916681 -0.302886
v -0.096852 2.166834 -0.306233
v 0.000000 2.419503 -0.334191
v 0.102275 2.419562 -0.318107
v 0.091043 1.916681 -0.288212
v -0.091043 1.916681 -0.288212
v -0.102275 2.419562 -0.318107
v 0.000000 1.170086 -0.225620
v 0.077542 1.170086 -0.212076
v 0.000000 0.921221 -0.203935
v -0.077542 1.170086 -0.212077
v 0.000000 1.418951 -0.252200
v 0.080976 1.418951 -0.238393
v 0.075366 0.921221 -0.190573
v -0.075366 0.921221 -0.190573
v -0.080976 1.418951 -0.238393
v 0.000000 0.174626 -0.203484
v 0.077299 0.174626 -0.190407
v 0.000000 -0.074239 -0.221299
v -0.077299 0.174626 -0.190408
v 0.000000 0.423491 -0.192406
v 0.075366 0.423491 -0.179262
v 0.080007 -0.074239 -0.208274
v -0.080007 -0.074239 -0.208274
v -0.075365 0.423491 -0.179262
v 0.000000 -2.805708 -0.312148
v 0.083777 -2.805708 -0.298593
v 0.000000 -3.036439 -0.300389
v -0.083777 -2.805708 -0.298593
v 0.000000 -2.562888 -0.317229
v 0.077080 -2.562888 -0.304741
v 0.089582 -3.036439 -0.285981
v -0.089582 -3.036439 -0.285981
v -0.077080 -2.562888 -0.304741
v -0.245163 -3.602084 0.023051
v -0.228819 -3.601451 0.112811
v -0.241814 -3.437455 -0.017862
v -0.228819 -3.602716 -0.066710
v -0.246279 -3.743313 0.065510
v -0.229861 -3.740782 0.155148
v -0.225693 -3.437455 0.072386
v -0.225693 -3.437455 -0.108109
v -0.229861 -3.745843 -0.024129
v -0.209443 -2.805708 -0.108823
v -0.195480 -2.805707 -0.027494
v -0.192699 -2.562887 -0.129903
v -0.195480 -2.805708 -0.190153
v -0.223954 -3.036439 -0.084278
v -0.209024 -3.036439 0.002166
v -0.179852 -2.562887 -0.054973
v -0.179852 -2.562888 -0.204834
v -0.209024 -3.036439 -0.170723
v -0.193248 0.174626 -0.007333
v -0.180365 0.174626 0.071127
v -0.188414 0.423491 0.004764
v -0.180365 0.174626 -0.085794
v -0.200017 -0.074239 -0.025923
v -0.186682 -0.074239 0.052227
v -0.175853 0.423491 0.083632
v -0.175853 0.423491 -0.074104
v -0.186682 -0.074239 -0.104074
v -0.193854 1.170086 -0.022466
v -0.180931 1.170086 0.058796
v -0.202441 1.418951 -0.045099
v -0.180931 1.170086 -0.103727
v -0.188414 0.921221 -0.003507
v -0.175853 0.921221 0.076664
v -0.188945 1.418951 0.037742
v -0.188945 1.418951 -0.127939
v -0.175853 0.921221 -0.083678
v -0.242131 2.167040 -0.091903
v -0.225989 2.167129 -0.000048
v -0.255688 2.420389 -0.092931
v -0.225989 2.166952 -0.183759
v -0.227607 1.916681 -0.082764
v -0.212433 1.916681 0.005285
v -0.238642 2.420743 0.003573
v -0.238642 2.420034 -0.189435
v -0.212433 1.916681 -0.170813
v -0.000000 -3.600502 0.247452
v 0.098065 -3.600608 0.232492
v -0.000000 -3.437455 0.207757
v -0.098065 -3.600608 0.232492
v -0.000000 -3.736987 0.289606
v 0.098512 -3.737408 0.274667
v 0.096726 -3.437455 0.192715
v -0.096726 -3.437455 0.192715
v -0.098512 -3.737408 0.274667
v -0.000000 -2.805708 0.094501
v 0.083777 -2.805707 0.080946
v -0.000000 -2.562887 0.057423
v -0.083777 -2.805708 0.080946
v -0.000000 -3.036439 0.131832
v 0.089582 -3.036439 0.117425
v 0.077080 -2.562887 0.044934
v -0.077080 -2.562888 0.044934
v -0.089582 -3.036439 0.117425
v -0.000000 0.174626 0.188818
v 0.077299 0.174626 0.175741
v -0.000000 0.423491 0.201935
v -0.077299 0.174626 0.175741
v -0.000000 -0.074239 0.169452
v 0.080007 -0.074239 0.156427
v 0.075365 0.423491 0.188790
v -0.075366 0.423491 0.188790
v -0.080007 -0.074239 0.156427
v -0.000000 1.170086 0.180689
v 0.077542 1.170086 0.167145
v -0.000000 1.418951 0.162003
v -0.077542 1.170086 0.167145
v -0.000000 0.921221 0.196921
v 0.075365 0.921221 0.183559
v 0.080976 1.418951 0.148196
v -0.080976 1.418951 0.148196
v -0.075366 0.921221 0.183559
v -0.000000 2.167262 0.137736
v 0.096852 2.167247 0.122426
v -0.000000 2.421274 0.148329
v -0.096853 2.167247 0.122426
v -0.000000 1.916681 0.137358
v 0.091043 1.916681 0.122684
v 0.102275 2.421216 0.132245
v -0.102275 2.421216 0.132245
v -0.091043 1.916681 0.122684
v 0.245163 -3.602084 0.023051
v 0.228819 -3.602716 -0.066710
v 0.241814 -3.437455 -0.017862
v 0.228819 -3.601451 0.112811
v 0.246279 -3.743313 0.065510
v 0.229861 -3.745843 -0.024129
v 0.225693 -3.437455 -0.108109
v 0.225693 -3.437455 0.072386
v 0.229861 -3.740782 0.155148
v 0.209443 -2.805708 -0.108823
v 0.195480 -2.805707 -0.190153
v 0.192699 -2.562887 -0.129903
v 0.195480 -2.805708 -0.027494
v 0.223954 -3.036439 -0.084278
v 0.209024 -3.036439 -0.170722
v 0.179852 -2.562887 -0.204834
v 0.179852 -2.562888 -0.054973
v 0.209024 -3.036439 0.002166
v 0.193248 0.174626 -0.007333
v 0.180365 0.174626 -0.085793
v 0.188414 0.423491 0.004764
v 0.180365 0.174626 0.071128
v 0.200017 -0.074239 -0.025923
v 0.186682 -0.074239 -0.104073
v 0.175853 0.423491 -0.074104
v 0.175853 0.423491 0.083632
v 0.186682 -0.074239 0.052227
v 0.193854 1.170086 -0.022466
v 0.180931 1.170086 -0.103727
v 0.202441 1.418951 -0.045099
v 0.180931 1.170086 0.058796
v 0.188414 0.921221 -0.003507
v 0.175853 0.921221 -0.083678
v 0.188945 1.418951 -0.127939
v 0.188945 1.418951 0.037742
v 0.175853 0.921221 0.076665
v 0.242131 2.167040 -0.091903
v 0.225989 2.166952 -0.183759
v 0.255688 2.420389 -0.092931
v 0.225989 2.167129 -0.000048
v 0.227607 1.916681 -0.082764
v 0.212433 1.916681 -0.170813
v 0.238642 2.420034 -0.189435
v 0.238642 2.420743 0.003573
v 0.212433 1.916681 0.005285
v -0.000000 -4.270266 0.454389
v -0.000000 -4.186509 0.481792
v -0.095319 -4.271228 0.439042
v -0.000000 -4.344865 0.409496
v 0.095319 -4.271228 0.439042
v 0.098512 -4.189995 0.464374
v -0.098512 -4.189995 0.464374
v -0.085742 -4.340821 0.397999
v 0.085742 -4.340820 0.398000
v -0.246279 -4.036377 0.176178
v -0.246279 -3.957128 0.144303
v -0.229861 -4.055768 0.073758
v -0.246279 -4.105556 0.200686
v -0.229861 -4.016986 0.278598
v -0.229861 -3.944475 0.240659
v -0.229861 -3.969779 0.047946
v -0.229861 -4.129982 0.093391
v -0.229861 -4.081129 0.307981
v -0.000000 -3.987898 0.432228
v -0.000000 -3.925497 0.385194
v -0.098512 -3.991130 0.415158
v -0.000000 -4.044489 0.468923
v 0.098512 -3.991130 0.415158
v 0.098512 -3.927606 0.369134
v -0.098512 -3.927605 0.369134
v -0.098512 -4.048560 0.451041
v 0.098512 -4.048560 0.451041
v 0.000000 -4.084856 -0.079871
v 0.000000 -3.988757 -0.096588
v 0.098512 -4.081623 -0.062801
v 0.000000 -4.166622 -0.067551
v -0.098512 -4.081623 -0.062801
v -0.098512 -3.986648 -0.080529
v 0.098512 -3.986649 -0.080529
v 0.098512 -4.162551 -0.049668
v -0.098512 -4.162552 -0.049668
v -0.000000 -4.433671 0.198692
v 0.092127 -4.425220 0.200094
v -0.000000 -4.428504 0.276573
v -0.092127 -4.425220 0.200094
v 0.000000 -4.421936 0.123615
v 0.085742 -4.415649 0.128888
v 0.085742 -4.418883 0.273938
v -0.085742 -4.418883 0.273938
v -0.085742 -4.415649 0.128888
v 0.238526 -4.303181 0.217719
v 0.246279 -4.238802 0.220534
v 0.222563 -4.288602 0.312961
v 0.215266 -4.358112 0.211228
v 0.222563 -4.316019 0.122766
v 0.229861 -4.259719 0.116030
v 0.229861 -4.217885 0.325037
v 0.200672 -4.347161 0.292829
v 0.200672 -4.362103 0.130781
v -0.238526 -4.303181 0.217719
v -0.246279 -4.238802 0.220534
v -0.222563 -4.316020 0.122766
v -0.215266 -4.358111 0.211228
v -0.222564 -4.288602 0.312961
v -0.229861 -4.217885 0.325037
v -0.229861 -4.259719 0.116030
v -0.200672 -4.362103 0.130781
v -0.200672 -4.347161 0.292829
v 0.000000 -4.336095 -0.018951
v 0.000000 -4.291094 -0.040724
v 0.095319 -4.333393 -0.003315
v 0.000000 -4.371357 0.012960
v -0.095319 -4.333393 -0.003315
v -0.098512 -4.287608 -0.023307
v 0.098512 -4.287608 -0.023307
v 0.085742 -4.368443 0.025610
v -0.085742 -4.368443 0.025610
v 0.000000 -0.833842 -0.324783
v 0.097636 -0.834045 -0.308467
v 0.000000 -1.068693 -0.337988
v -0.097636 -0.834045 -0.308467
v 0.000000 -0.627054 -0.310609
v 0.099304 -0.627263 -0.294379
v 0.095353 -1.068887 -0.321730
v -0.095353 -1.068887 -0.321730
v -0.099304 -0.627263 -0.294379
v -0.000060 -1.801291 -0.362964
v 0.091088 -1.801449 -0.347428
v -0.000241 -2.007835 -0.365189
v -0.091208 -1.801449 -0.347428
v 0.000000 -1.566496 -0.357617
v 0.091934 -1.566667 -0.341772
v 0.090201 -2.007982 -0.350014
v -0.090684 -2.007981 -0.350014
v -0.091934 -1.566667 -0.341772
v -0.228191 -1.803665 -0.129928
v -0.213086 -1.804614 -0.036714
v -0.230002 -1.569053 -0.119933
v -0.212878 -1.802715 -0.223142
v -0.226673 -2.010037 -0.137568
v -0.211707 -2.010918 -0.046520
v -0.214736 -1.570075 -0.024859
v -0.214602 -1.568030 -0.215007
v -0.211448 -2.009156 -0.228617
v -0.243784 -0.836884 -0.080042
v -0.227409 -0.838100 0.017854
v -0.247788 -0.630187 -0.067157
v -0.227654 -0.835667 -0.177939
v -0.238254 -1.071597 -0.094107
v -0.222319 -1.072759 0.003446
v -0.231080 -0.631441 0.030224
v -0.231458 -0.628934 -0.164538
v -0.222421 -1.070436 -0.191659
v -0.000060 -1.806038 0.103108
v 0.091296 -1.805880 0.087572
v -0.000000 -1.571608 0.117751
v -0.091417 -1.805880 0.087572
v -0.000241 -2.012239 0.090053
v 0.090461 -2.012092 0.074878
v 0.092067 -1.571438 0.101906
v -0.092068 -1.571438 0.101906
v -0.090944 -2.012092 0.074878
v -0.000000 -0.839925 0.164698
v 0.097391 -0.839722 0.148382
v -0.000000 -0.633321 0.176295
v -0.097391 -0.839722 0.148382
v -0.000000 -1.074501 0.149775
v 0.095250 -1.074307 0.133516
v 0.098926 -0.633112 0.160065
v -0.098926 -0.633112 0.160065
v -0.095250 -1.074307 0.133516
v 0.228070 -1.803665 -0.129928
v 0.212757 -1.802715 -0.223142
v 0.230002 -1.569053 -0.119933
v 0.212965 -1.804614 -0.036714
v 0.226190 -2.010037 -0.137568
v 0.210965 -2.009156 -0.228616
v 0.214602 -1.568030 -0.215007
v 0.214735 -1.570075 -0.024859
v 0.211224 -2.010918 -0.046520
v 0.243784 -0.836884 -0.080042
v 0.227654 -0.835667 -0.177938
v 0.247788 -0.630187 -0.067157
v 0.227409 -0.838100 0.017854
v 0.238254 -1.071597 -0.094107
v 0.222421 -1.070436 -0.191659
v 0.231458 -0.628934 -0.164538
v 0.231080 -0.631441 0.030224
v 0.222319 -1.072759 0.003446
v -0.000000 -0.293274 0.175391
v -0.000000 -0.359994 0.181713
v 0.093866 -0.293073 0.160519
v -0.000000 -0.254530 0.165456
v -0.093866 -0.293073 0.160519
v -0.097270 -0.359787 0.166215
v 0.097270 -0.359787 0.166215
v 0.089431 -0.254338 0.151315
v -0.089431 -0.254338 0.151314
v 0.000000 -0.287236 -0.270768
v 0.000000 -0.353753 -0.283239
v -0.094405 -0.287437 -0.255896
v 0.000000 -0.248773 -0.258784
v 0.094405 -0.287437 -0.255896
v 0.097799 -0.353961 -0.267740
v -0.097799 -0.353961 -0.267740
v -0.089954 -0.248965 -0.244643
v 0.089954 -0.248965 -0.244643
v 0.235338 -0.290255 -0.047689
v 0.243836 -0.356874 -0.050763
v 0.219918 -0.289047 -0.136920
v 0.224231 -0.251651 -0.046664
v 0.219379 -0.291462 0.041543
v 0.227316 -0.358122 0.042228
v 0.227845 -0.355625 -0.143753
v 0.209544 -0.250500 -0.131512
v 0.209021 -0.252803 0.038184
v -0.235338 -0.290255 -0.047689
v -0.243836 -0.356874 -0.050763
v -0.219379 -0.291462 0.041543
v -0.224231 -0.251651 -0.046664
v -0.219918 -0.289047 -0.136921
v -0.227845 -0.355625 -0.143753
v -0.227316 -0.358122 0.042228
v -0.209021 -0.252803 0.038184
v -0.209544 -0.250500 -0.131512
v -0.001991 -2.348579 0.064341
v -0.001207 -2.283507 0.070741
v -0.087686 -2.348455 0.050429
v -0.002897 -2.385425 0.059242
v 0.083703 -2.348455 0.050429
v 0.086771 -2.283379 0.056388
v -0.089185 -2.283379 0.056388
v -0.085940 -2.385306 0.045784
v 0.080146 -2.385306 0.045784
v -0.001991 -2.344874 -0.353011
v -0.001207 -2.279629 -0.359849
v 0.083396 -2.344998 -0.339099
v -0.002897 -2.381860 -0.344505
v -0.087379 -2.344998 -0.339099
v -0.088880 -2.279758 -0.345496
v 0.086466 -2.279758 -0.345496
v 0.079846 -2.381979 -0.331047
v -0.085639 -2.381979 -0.331047
v 0.211861 -2.346727 -0.144335
v 0.218356 -2.281569 -0.144554
v 0.197758 -2.347467 -0.060865
v 0.204335 -2.383642 -0.142631
v 0.197451 -2.345986 -0.227805
v 0.203566 -2.280793 -0.230672
v 0.203871 -2.282344 -0.058436
v 0.190670 -2.384355 -0.061882
v 0.190369 -2.382929 -0.223381
v -0.215844 -2.346727 -0.144335
v -0.220770 -2.281569 -0.144554
v -0.201434 -2.345986 -0.227806
v -0.210129 -2.383642 -0.142632
v -0.201741 -2.347467 -0.060865
v -0.206285 -2.282344 -0.058436
v -0.205980 -2.280793 -0.230672
v -0.196163 -2.382929 -0.223381
v -0.196463 -2.384355 -0.061882
v 0.054351 3.458643 0.160731
v 0.075466 3.458208 0.160727
v 0.095884 3.456903 0.160713
v 0.148446 3.139937 0.200914
v 0.146883 3.075134 0.188489
v 0.142194 3.005355 0.167158
v 0.112608 2.980011 0.357956
v 0.114181 2.982403 0.283086
v 0.118900 2.970460 0.206263
v 0.112608 3.578604 1.505836
v 0.111423 3.587011 1.548595
v 0.107869 3.588879 1.575948
v 0.112608 2.675807 1.593053
v 0.112608 2.499230 1.532809
v 0.112608 2.333344 1.457218
v 0.054351 2.161706 1.459505
v 0.075466 2.169695 1.429500
v 0.095884 2.178211 1.399071
v 0.022018 2.953454 0.118220
v 0.012472 2.953454 0.118220
v 0.005574 2.953454 0.118220
v 0.022018 3.598345 1.721031
v 0.012472 3.598528 1.734555
v 0.005574 3.598591 1.741909
v 0.000000 3.604163 1.644606
v 0.000000 3.609491 1.696976
v 0.000000 3.607138 1.727340
v 0.000000 1.596603 1.056067
v 0.000000 1.559262 1.018860
v 0.000000 1.539782 0.997018
v 0.000000 2.673865 1.768621
v 0.000000 2.491871 1.705509
v 0.000000 2.314139 1.623238
v 0.117683 2.272599 1.212775
v 0.109820 2.315689 1.146944
v 0.100208 2.366938 1.075761
v 0.110278 2.861655 0.635990
v 0.112026 2.907404 0.567745
v 0.112608 2.941772 0.499738
v 0.112608 3.456599 0.234211
v 0.112608 3.457640 0.303996
v 0.112608 3.457690 0.371136
v 0.112608 3.448107 0.756415
v 0.112608 3.448001 0.823590
v 0.112608 3.452573 0.900716
v 0.000000 3.460990 0.234230
v 0.000000 3.462074 0.304000
v 0.000000 3.462194 0.371136
v 0.000000 3.455583 0.756178
v 0.000000 3.456944 0.825423
v 0.000000 3.463626 0.909044
v 0.000000 2.951109 0.199591
v 0.000000 2.947352 0.278833
v 0.000000 2.939206 0.355490
v 0.000000 2.679150 0.782684
v 0.000000 2.596172 0.853418
v 0.000000 2.506265 0.911265
v 0.054351 3.461654 0.436730
v 0.075466 3.461190 0.436730
v 0.095884 3.459800 0.436730
v 0.054351 3.477083 1.004718
v 0.075466 3.475288 1.000364
v 0.095884 3.471338 0.996277
v 0.022018 2.923696 0.429111
v 0.012472 2.923695 0.429106
v 0.005574 2.923695 0.429103
v 0.019689 2.412322 0.947738
v 0.011890 2.412321 0.947733
v 0.005574 2.412321 0.947730
v 0.129332 3.123347 0.434434
v 0.127660 3.061749 0.432996
v 0.122643 3.007641 0.431554
v 0.117683 2.751580 1.017039
v 0.109820 2.641649 1.016463
v 0.100208 2.538074 1.011798
v 0.054351 1.622822 0.964994
v 0.074490 1.663866 0.957734
v 0.091981 1.702503 0.952759
v 0.000000 1.574312 0.957639
v 0.000000 1.546515 0.967071
v 0.000000 1.534043 0.975272
v 0.112608 1.837873 0.909964
v 0.111423 1.878802 0.895123
v 0.107869 1.915652 0.882432
v 0.022018 1.927356 0.869210
v 0.012472 1.924938 0.869686
v 0.005574 1.923691 0.869962
v 0.112608 1.897031 1.112455
v 0.112608 1.971408 1.193046
v 0.112608 2.066841 1.281527
v 0.100959 2.115595 0.941966
v 0.094559 2.197474 0.973875
v 0.089337 2.298398 0.998078
v 0.000000 2.146052 0.916063
v -0.000000 2.226607 0.940575
v 0.000000 2.317232 0.954314
v 0.089337 2.552040 0.927907
v 0.094559 2.648371 0.854394
v 0.100959 2.732376 0.779676
v 0.112608 3.455904 0.501873
v 0.112608 3.454398 0.566489
v 0.112608 3.452558 0.630503
v 0.000000 3.460753 0.501873
v 0.000000 3.459593 0.566477
v 0.000000 3.458277 0.630455
v 0.000000 2.897843 0.499214
v 0.000000 2.861056 0.567727
v 0.000000 2.812741 0.636541
v 0.126685 2.998897 0.700292
v 0.123556 2.921663 0.702420
v 0.117348 2.854895 0.704450
v 0.021489 2.752311 0.707598
v 0.012340 2.752307 0.707577
v 0.005574 2.752305 0.707564
v 0.054351 3.456912 0.693745
v 0.075466 3.456266 0.693761
v 0.095884 3.454325 0.693790
v 0.143027 3.376042 0.199685
v 0.147091 3.319284 0.209906
v 0.148446 3.261119 0.211542
v 0.112608 3.326144 1.626140
v 0.112608 3.187460 1.641185
v 0.112608 3.027831 1.645970
v 0.000000 3.328543 1.802716
v 0.000000 3.189437 1.817891
v 0.000000 3.029037 1.822631
v 0.000000 3.443939 -0.075162
v 0.000000 3.449687 0.002655
v 0.000000 3.454732 0.082413
v 0.129332 3.358947 0.436766
v 0.129332 3.308417 0.436667
v 0.129332 3.250420 0.436328
v 0.129332 3.235273 1.000808
v 0.128750 3.120811 1.005853
v 0.127003 2.995469 1.010750
v 0.129332 3.313397 0.695097
v 0.129200 3.243520 0.695837
v 0.128803 3.164683 0.696896
v 0.129332 3.174184 0.501631
v 0.129200 3.153224 0.567151
v 0.128803 3.122994 0.632590
v 0.126685 3.027060 0.764850
v 0.125229 2.967861 0.836678
v 0.124037 2.912403 0.918439
v 0.136978 3.201390 0.250204
v 0.131244 3.200030 0.305423
v 0.129332 3.195949 0.368726
v 0.022018 2.854789 1.785434
v 0.012472 2.854738 1.799225
v 0.005574 2.854721 1.806718
v 0.128803 2.849970 1.530753
v 0.127528 2.852519 1.574402
v 0.122643 2.854013 1.605247
v 0.112608 3.439841 -0.075366
v 0.112608 3.445490 0.002507
v 0.112608 3.450448 0.082320
v 0.054351 3.437919 -0.147658
v 0.075466 3.437520 -0.147683
v 0.095884 3.436321 -0.147758
v 0.148446 3.150084 -0.227786
v 0.146883 3.092947 -0.232157
v 0.142194 3.028933 -0.230932
v 0.022018 2.983144 -0.198042
v 0.012472 2.983144 -0.198042
v 0.005574 2.983144 -0.198042
v 0.266188 3.201833 -0.189457
v 0.285227 3.201826 -0.183920
v 0.300443 3.201805 -0.167309
v 0.143027 3.359309 -0.195374
v 0.147091 3.307361 -0.208117
v 0.148446 3.255540 -0.215665
v 0.118900 2.892065 -0.132905
v 0.115754 2.874662 -0.054102
v 0.118900 2.879822 0.028319
v 0.000000 2.957362 0.035178
v 0.000000 2.963301 -0.046941
v 0.000000 2.971739 -0.125546
v 0.054351 3.417433 -0.365360
v 0.075466 3.417074 -0.365389
v 0.095884 3.415995 -0.365478
v 0.129332 3.164975 -0.388857
v 0.127660 3.123221 -0.393888
v 0.122643 3.087280 -0.398438
v 0.022018 3.032223 -0.405622
v 0.012472 3.032223 -0.405622
v 0.005574 3.032223 -0.405622
v 0.129332 3.337729 -0.371947
v 0.129332 3.299020 -0.375277
v 0.129332 3.255524 -0.379267
v 0.129332 3.211025 -0.425960
v 0.129332 3.211652 -0.465904
v 0.129332 3.211869 -0.504906
v 0.136978 3.204761 -0.252886
v 0.131244 3.206538 -0.293254
v 0.129332 3.208356 -0.338244
v 0.112608 3.417919 -0.319128
v 0.112608 3.422762 -0.268313
v 0.112608 3.428164 -0.211732
v 0.000000 2.997985 -0.261837
v 0.000000 3.013171 -0.317392
v 0.000000 3.025614 -0.365166
v 0.112608 3.053923 -0.360626
v 0.114181 3.038200 -0.314407
v 0.118900 3.010048 -0.264786
v 0.000000 3.421614 -0.318831
v 0.000000 3.426556 -0.268020
v 0.000000 3.432058 -0.211453
v 0.054351 3.415570 -0.532710
v 0.075466 3.413303 -0.532740
v 0.095884 3.410387 -0.532829
v 0.129332 3.161806 -0.542290
v 0.128321 3.110977 -0.538989
v 0.125285 3.061496 -0.535247
v 0.022018 2.988830 -0.510922
v 0.012472 2.988830 -0.510922
v 0.005574 2.988830 -0.510922
v 0.125285 3.013273 -0.573028
v 0.128321 3.013037 -0.611552
v 0.129332 3.012319 -0.649250
v 0.129332 3.336455 -0.539297
v 0.129332 3.300559 -0.541932
v 0.129332 3.258479 -0.543834
v 0.129332 3.210485 -0.665704
v 0.129332 3.210763 -0.626062
v 0.129332 3.211267 -0.585083
v 0.112608 3.407230 -0.574824
v 0.112608 3.409334 -0.616082
v 0.112608 3.413995 -0.655297
v 0.112608 3.407244 -0.492116
v 0.112608 3.408533 -0.451217
v 0.112608 3.410720 -0.409375
v 0.000000 3.029909 -0.439218
v 0.000000 3.020613 -0.467162
v 0.000000 3.006273 -0.490661
v 0.114414 3.035565 -0.498423
v 0.113060 3.049949 -0.468544
v 0.112608 3.058219 -0.437208
v 0.000000 3.414052 -0.491819
v 0.000000 3.412804 -0.450920
v 0.000000 3.414214 -0.409078
v 0.054351 3.449711 -0.697606
v 0.075466 3.440824 -0.695174
v 0.095884 3.431252 -0.692818
v 0.129332 3.157958 -0.699453
v 0.129332 3.105030 -0.694528
v 0.129332 3.055099 -0.689178
v 0.114414 2.977968 -0.552550
v 0.113060 2.950745 -0.567120
v 0.112608 2.924109 -0.578958
v 0.129332 3.007115 -0.804259
v 0.127660 3.006684 -0.817072
v 0.122643 3.006383 -0.829958
v 0.129332 3.342400 -0.696948
v 0.129332 3.304510 -0.700242
v 0.129332 3.260082 -0.702471
v 0.129332 3.214804 -0.787402
v 0.129332 3.213146 -0.763503
v 0.129332 3.211684 -0.735194
v 0.112608 3.489856 -0.799101
v 0.111423 3.497602 -0.809715
v 0.107869 3.501788 -0.819507
v 0.000000 3.452228 -0.659414
v 0.000000 3.439636 -0.616888
v 0.000000 3.427914 -0.574527
v 0.000000 2.915543 -0.922842
v 0.000000 2.942728 -0.930804
v 0.000000 2.971598 -0.937079
v 0.054351 3.508162 -0.875925
v 0.074490 3.507515 -0.856870
v 0.091981 3.505575 -0.839360
v 0.112608 3.158368 -0.861824
v 0.112608 3.101262 -0.857919
v 0.112608 3.049939 -0.851917
v 0.022018 3.005991 -0.936068
v 0.012472 3.005991 -0.941211
v 0.005574 3.005991 -0.942925
v 0.000000 3.158411 -0.959465
v 0.000000 3.101125 -0.955611
v 0.000000 3.049743 -0.949600
v 0.112608 3.399210 -0.840519
v 0.112608 3.344090 -0.849556
v 0.112608 3.282777 -0.857413
v 0.000000 3.401671 -0.937354
v 0.000000 3.345812 -0.946638
v 0.000000 3.283775 -0.954736
v 0.054351 3.219870 -0.925385
v 0.075466 3.219830 -0.904319
v 0.095884 3.219710 -0.882262
v 0.000000 3.486401 -0.818537
v 0.000000 3.480299 -0.782918
v 0.000000 3.473061 -0.743436
v 0.000000 2.970222 -0.529151
v 0.000000 2.949244 -0.545193
v 0.000000 2.924690 -0.558893
v 0.022018 2.895354 -0.570094
v 0.012472 2.895354 -0.570094
v 0.005574 2.895354 -0.570094
v 0.122643 2.894191 -0.606495
v 0.127660 2.893428 -0.629723
v 0.129332 2.892535 -0.655730
v 0.112608 2.724874 -0.742959
v 0.111423 2.710678 -0.737351
v 0.107869 2.702652 -0.736655
v 0.129332 2.887330 -0.778259
v 0.127660 2.886899 -0.789160
v 0.122643 2.886599 -0.800712
v 0.000000 2.733826 -0.594922
v 0.000000 2.719256 -0.597712
v 0.000000 2.710109 -0.602521
v 0.022018 2.886206 -0.905080
v 0.012472 2.886206 -0.910223
v 0.005574 2.886206 -0.911937
v 0.129332 2.920899 -0.682351
v 0.129332 2.948084 -0.682233
v 0.129332 2.976954 -0.682763
v 0.112608 2.915739 -0.825719
v 0.112608 2.942924 -0.833430
v 0.112608 2.971794 -0.839546
v 0.022018 2.704591 -0.610821
v 0.012472 2.704591 -0.610821
v 0.005574 2.704591 -0.610821
v 0.107869 2.705338 -0.626866
v 0.111423 2.703578 -0.640952
v 0.112608 2.702353 -0.657669
v 0.022018 2.696211 -0.684247
v 0.012472 2.696211 -0.684864
v 0.005574 2.696211 -0.685070
v 0.112608 2.697149 -0.720526
v 0.111423 2.697095 -0.725742
v 0.107869 2.697927 -0.732363
v 0.000000 2.700907 -0.624085
v 0.000000 2.698594 -0.641455
v 0.000000 2.697184 -0.662070
v 0.022018 2.696221 -0.811666
v 0.012472 2.696221 -0.816623
v 0.005574 2.696221 -0.818275
v 0.000000 2.691979 -0.791906
v 0.000000 2.692065 -0.803243
v 0.000000 2.693316 -0.811727
v 0.000000 2.777259 -0.862571
v 0.000000 2.813314 -0.879663
v 0.000000 2.850880 -0.896832
v 0.129332 2.730034 -0.673990
v 0.127660 2.715523 -0.673297
v 0.122643 2.706550 -0.673360
v 0.112608 2.733244 -0.608558
v 0.111423 2.718993 -0.610648
v 0.107869 2.710802 -0.614062
v 0.122643 3.449941 0.160638
v 0.127739 3.444772 0.160984
v 0.129647 3.439708 0.162131
v 0.107869 3.578733 1.589664
v 0.111423 3.555768 1.590655
v 0.112608 3.510611 1.596977
v 0.000000 3.585337 1.755434
v 0.000000 3.559540 1.764254
v 0.000000 3.513365 1.773246
v 0.122643 3.452386 0.436730
v 0.127660 3.443080 0.436731
v 0.129332 3.426284 0.436737
v 0.122643 3.453139 0.991653
v 0.127660 3.431302 0.991739
v 0.129332 3.392132 0.993337
v 0.122643 3.443970 0.693907
v 0.127660 3.430968 0.694034
v 0.129332 3.407498 0.694252
v 0.122643 3.429930 -0.148160
v 0.127739 3.425238 -0.149612
v 0.129647 3.420746 -0.153367
v 0.122643 3.410242 -0.365954
v 0.127660 3.403020 -0.366551
v 0.129332 3.389986 -0.367628
v 0.122643 3.402601 -0.533304
v 0.127660 3.395593 -0.533901
v 0.129332 3.383657 -0.534978
v 0.122643 3.414376 -0.690131
v 0.127660 3.405355 -0.690274
v 0.129332 3.392218 -0.691442
v 0.107869 3.500718 -0.824861
v 0.111423 3.492148 -0.824102
v 0.112608 3.474068 -0.826666
v 0.000000 3.505396 -0.914560
v 0.000000 3.496132 -0.918830
v 0.000000 3.477602 -0.923143
v 0.129332 3.429269 -0.795956
v 0.127660 3.436081 -0.806561
v 0.122643 3.440834 -0.817907
v 0.054351 3.447038 -0.894578
v 0.075466 3.446728 -0.873601
v 0.095884 3.445797 -0.851815
v 0.129332 3.363938 -0.578533
v 0.129332 3.364200 -0.619687
v 0.129332 3.366569 -0.658592
v 0.131212 3.389209 -0.221691
v 0.129802 3.377810 -0.273585
v 0.129332 3.371789 -0.322838
v 0.129332 3.367102 -0.413084
v 0.129332 3.365957 -0.454926
v 0.129332 3.365237 -0.495826
v 0.122684 3.448384 -0.080750
v 0.119917 3.459119 -0.001000
v 0.122684 3.458077 0.079860
v 0.129332 3.395379 0.501909
v 0.129332 3.389534 0.566613
v 0.129332 3.381123 0.630846
v 0.129332 3.354504 0.757845
v 0.129332 3.339926 0.825775
v 0.129332 3.330040 0.903561
v 0.131212 3.412562 0.238544
v 0.129802 3.404995 0.305081
v 0.129332 3.401459 0.371144
v 0.022018 3.438972 1.761672
v 0.012472 3.438975 1.775473
v 0.005574 3.438977 1.782976
v 0.129332 3.419663 1.506915
v 0.127660 3.428681 1.550500
v 0.122643 3.433767 1.581378
v 0.005574 3.458643 0.160731
v 0.012472 3.458643 0.160731
v 0.022018 3.458643 0.160731
v 0.005574 2.146402 1.523531
v 0.012472 2.147762 1.516802
v 0.022018 2.150521 1.504454
v 0.101219 2.942051 0.118709
v 0.076800 2.950603 0.118342
v 0.054351 2.953454 0.118220
v 0.091981 3.591629 1.611627
v 0.074490 3.595576 1.640286
v 0.054351 3.597375 1.671672
v 0.005574 3.461654 0.436730
v 0.012472 3.461654 0.436730
v 0.022018 3.461654 0.436730
v 0.005574 3.478269 1.014338
v 0.012472 3.478211 1.013332
v 0.022018 3.478035 1.011480
v 0.095884 2.940489 0.429621
v 0.075466 2.927897 0.429253
v 0.054351 2.923698 0.429125
v 0.072612 2.418115 0.965018
v 0.057416 2.413773 0.952072
v 0.042702 2.412324 0.947752
v 0.005574 1.535393 0.983841
v 0.012472 1.543941 0.981710
v 0.022018 1.560304 0.977958
v 0.091981 1.942478 0.870522
v 0.074490 1.941334 0.867831
v 0.054351 1.936715 0.867614
v 0.090589 2.772845 0.707063
v 0.071362 2.757456 0.707528
v 0.051704 2.752322 0.707659
v 0.005574 3.456907 0.693719
v 0.012472 3.456907 0.693723
v 0.022018 3.456908 0.693728
v 0.095884 2.855122 1.665642
v 0.075466 2.855177 1.700968
v 0.054351 2.855060 1.735043
v 0.005574 3.437919 -0.147658
v 0.012472 3.437919 -0.147658
v 0.022018 3.437919 -0.147658
v 0.101219 2.969724 -0.202041
v 0.076800 2.979789 -0.199042
v 0.054351 2.983144 -0.198042
v 0.005574 3.417433 -0.365360
v 0.012472 3.417433 -0.365360
v 0.022018 3.417433 -0.365360
v 0.095884 3.043234 -0.404185
v 0.075466 3.034976 -0.405262
v 0.054351 3.032223 -0.405622
v 0.005574 3.418806 -0.532710
v 0.012472 3.418644 -0.532710
v 0.022018 3.418159 -0.532710
v 0.097690 2.997132 -0.518229
v 0.075917 2.990905 -0.512749
v 0.054351 2.988830 -0.510922
v 0.005574 3.463950 -0.701723
v 0.012472 3.463238 -0.701517
v 0.022018 3.461102 -0.700900
v 0.005574 3.508162 -0.908970
v 0.012472 3.508162 -0.907318
v 0.022018 3.508162 -0.902361
v 0.095884 3.006069 -0.865474
v 0.075466 3.006010 -0.887562
v 0.054351 3.005991 -0.908639
v 0.005574 3.219870 -0.959671
v 0.012472 3.219870 -0.957957
v 0.022018 3.219870 -0.952814
v 0.095884 2.895121 -0.577374
v 0.075466 2.895295 -0.571914
v 0.054351 2.895354 -0.570094
v 0.095884 2.886284 -0.834835
v 0.075466 2.886225 -0.856662
v 0.054351 2.886206 -0.877652
v 0.091981 2.705891 -0.614416
v 0.074490 2.704916 -0.611719
v 0.054351 2.704591 -0.610821
v 0.095884 2.698279 -0.676141
v 0.075466 2.696728 -0.678515
v 0.054351 2.696211 -0.680953
v 0.091981 2.697741 -0.749797
v 0.074490 2.696601 -0.766458
v 0.054351 2.696221 -0.785230
v 0.005574 3.447038 -0.928863
v 0.012472 3.447038 -0.927149
v 0.022018 3.447038 -0.922006
v 0.095884 3.437927 1.641868
v 0.075466 3.438707 1.677204
v 0.054351 3.438968 1.711278
v 0.035537 3.328536 1.758170
v 0.035537 3.189449 1.773354
v 0.035537 3.029103 1.778102
v 0.035537 3.401671 -0.920211
v 0.035537 3.345812 -0.929495
v 0.035537 3.283775 -0.937593
v 0.035537 2.733826 -0.594922
v 0.035537 2.719256 -0.597712
v 0.035537 2.710109 -0.602521
v 0.035537 2.691979 -0.778315
v 0.035537 2.692065 -0.788290
v 0.035537 2.693316 -0.795825
v 0.035537 2.700907 -0.624085
v 0.035537 2.698594 -0.641249
v 0.035537 2.697184 -0.661247
v 0.035537 2.971598 -0.919936
v 0.035537 2.942728 -0.913661
v 0.035537 2.915543 -0.905699
v 0.035537 2.970222 -0.529151
v 0.035537 2.949244 -0.545193
v 0.035537 2.924690 -0.558893
v 0.035537 2.724678 -0.820025
v 0.035537 2.710186 -0.812571
v 0.035537 2.701272 -0.806907
v 0.035537 3.158411 -0.942322
v 0.035537 3.101125 -0.938468
v 0.035537 3.049743 -0.932457
v 0.035537 3.505396 -0.897665
v 0.035537 3.496132 -0.901749
v 0.035537 3.477602 -0.906000
v 0.035537 3.497506 -0.858063
v 0.035537 3.503361 -0.873676
v 0.035537 3.507198 -0.884794
v 0.035537 3.414214 -0.409078
v 0.035537 3.412642 -0.450920
v 0.035537 3.413405 -0.491819
v 0.035537 3.424678 -0.574527
v 0.035537 3.434619 -0.616682
v 0.035537 3.445755 -0.658590
v 0.035537 3.432058 -0.211453
v 0.035537 3.426556 -0.268020
v 0.035537 3.421614 -0.318831
v 0.035537 2.997985 -0.261837
v 0.035537 3.013171 -0.317392
v 0.035537 3.025614 -0.365166
v 0.035537 3.029909 -0.439218
v 0.035537 3.020613 -0.467162
v 0.035537 3.006273 -0.490661
v 0.035537 2.971739 -0.125546
v 0.035537 2.963301 -0.046941
v 0.035537 2.957362 0.035178
v 0.035537 2.674206 1.724096
v 0.035537 2.493222 1.661448
v 0.035537 2.318111 1.580577
v 0.035537 3.460753 0.501873
v 0.035537 3.459594 0.566479
v 0.035537 3.458279 0.630462
v 0.035537 2.897848 0.499244
v 0.035404 2.861065 0.567773
v 0.035007 2.812752 0.636601
v 0.035007 2.037581 0.872942
v 0.035404 2.004941 0.863660
v 0.035537 1.972923 0.862262
v 0.035537 1.622449 0.947770
v 0.035537 1.597655 0.956282
v 0.035537 1.586583 0.963792
v 0.032889 2.679160 0.782744
v 0.031433 2.596181 0.853464
v 0.030242 2.506270 0.911295
v 0.035537 2.951109 0.199591
v 0.035537 2.947352 0.278835
v 0.035537 2.939207 0.355496
v 0.035537 3.455590 0.756214
v 0.035537 3.456894 0.824873
v 0.035537 3.463398 0.906693
v 0.035537 3.460990 0.234230
v 0.035537 3.462074 0.304000
v 0.035537 3.462194 0.371136
v 0.035537 3.585087 1.711234
v 0.035537 3.559470 1.719783
v 0.035537 3.513356 1.728686
v 0.035537 3.601750 1.606456
v 0.035537 3.607618 1.655917
v 0.035537 3.605926 1.684588
v 0.035537 1.646361 1.040449
v 0.035537 1.611582 1.005152
v 0.035537 1.592943 0.984352
v 0.035537 3.443939 -0.075162
v 0.035537 3.449687 0.002655
v 0.035537 3.454732 0.082413
v 0.000000 1.993068 1.415953
v 0.000000 1.858375 1.304432
v 0.000000 1.745236 1.200738
v 0.107869 1.745545 0.955948
v 0.111423 1.768515 0.970935
v 0.112608 1.798975 0.999882
v 0.107869 1.957787 0.873660
v 0.110841 1.980938 0.877839
v 0.110278 2.010488 0.890020
v 0.000000 1.969788 0.862873
v 0.000000 2.004158 0.863813
v 0.000000 2.037581 0.872942
v 0.030242 2.317233 0.954320
v 0.031433 2.226607 0.940576
v 0.032889 2.146052 0.916063
v 0.035537 2.010201 1.380789
v 0.035537 1.885242 1.274936
v 0.035537 1.781837 1.176989
v 0.054351 1.733592 1.084109
v 0.075466 1.770586 1.070841
v 0.095884 1.807849 1.057613
v 0.021489 2.081175 0.890335
v 0.012340 2.081175 0.890335
v 0.005574 2.081175 0.890335
v 0.090589 2.069961 0.898640
v 0.071362 2.078371 0.892411
v 0.051704 2.081175 0.890335
v 0.126685 1.955452 0.982620
v 0.123556 1.990870 0.957008
v 0.117348 2.025105 0.931860
v 0.005574 1.658729 1.113670
v 0.012472 1.665768 1.110372
v 0.022018 1.679561 1.104523
v 0.112608 3.485553 1.106229
v 0.112608 3.512017 1.227005
v 0.112608 3.539274 1.342508
v 0.000000 3.503505 1.149771
v 0.000000 3.534025 1.297402
v 0.000000 3.564517 1.440460
v 0.122643 2.193600 1.350723
v 0.127078 2.202731 1.330307
v 0.127003 2.216901 1.304473
v 0.000000 1.853755 0.885271
v -0.000000 1.772513 0.905088
v 0.000000 1.691167 0.926053
v 0.107869 1.740313 0.945272
v 0.111423 1.754816 0.939106
v 0.112608 1.773753 0.932583
v 0.124037 2.846392 1.130163
v 0.125229 2.838690 1.252104
v 0.126685 2.840432 1.367931
v 0.129332 3.340957 1.109413
v 0.129332 3.360959 1.229819
v 0.129332 3.384047 1.344763
v 0.035537 1.869430 0.882216
v 0.035537 1.797648 0.900164
v 0.035537 1.725875 0.919191
v 0.035537 3.502312 1.137727
v 0.035537 3.532167 1.277982
v 0.035537 3.562112 1.413480
v 0.122643 1.864027 1.037527
v 0.127528 1.882691 1.029595
v 0.128803 1.901124 1.019556
v 0.124037 2.131074 1.195797
v 0.125229 2.044226 1.124625
v 0.126685 1.976024 1.059154
v 0.054351 3.584362 1.506222
v 0.075466 3.579936 1.481660
v 0.095884 3.573030 1.458282
v 0.022018 1.643177 0.940007
v 0.012472 1.629946 0.942685
v 0.005574 1.623090 0.944230
v 0.129332 3.297374 1.455793
v 0.129200 3.162627 1.468626
v 0.128803 3.009396 1.473754
v 0.126685 2.680953 1.436276
v 0.125229 2.520508 1.391248
v 0.124037 2.371114 1.333671
v 0.128803 1.885149 0.966884
v 0.127528 1.854945 0.942623
v 0.122643 1.828325 0.929139
v 0.095884 1.766120 0.923083
v 0.075466 1.729443 0.926068
v 0.054351 1.694169 0.930942
v 0.005574 3.589668 1.560234
v 0.012472 3.589403 1.554567
v 0.022018 3.588608 1.544157
v 0.122643 3.548941 1.429819
v 0.127660 3.523220 1.427432
v 0.129332 3.477939 1.431624
v 0.112608 2.851076 -0.800589
v 0.112608 2.813511 -0.784005
v 0.112608 2.777455 -0.767495
v 0.000000 2.860027 -0.578642
v 0.000000 2.822462 -0.584967
v 0.000000 2.786407 -0.589502
v 0.000000 2.701272 -0.823802
v 0.000000 2.710186 -0.829652
v 0.000000 2.724678 -0.837168
v 0.129332 2.856236 -0.681111
v 0.129332 2.818671 -0.679303
v 0.129332 2.782615 -0.677244
v 0.112608 2.859446 -0.595361
v 0.112608 2.821880 -0.600540
v 0.112608 2.785825 -0.604211
v 0.035537 2.860027 -0.578642
v 0.035537 2.822462 -0.584967
v 0.035537 2.786407 -0.589502
v 0.035537 2.850880 -0.879689
v 0.035537 2.813314 -0.862520
v 0.035537 2.777259 -0.845428
v 0.022018 2.746464 -0.840836
v 0.012472 2.746464 -0.845979
v 0.005574 2.746464 -0.847693
v 0.054351 2.755611 -0.592676
v 0.075466 2.755553 -0.594084
v 0.095884 2.755379 -0.598309
v 0.005574 2.755611 -0.592676
v 0.012472 2.755611 -0.592676
v 0.022018 2.755611 -0.592676
v 0.122643 2.754448 -0.620838
v 0.127660 2.753686 -0.638397
v 0.129332 2.752793 -0.657282
v 0.095884 2.746542 -0.771466
v 0.075466 2.746483 -0.792636
v 0.054351 2.746464 -0.813407
v 0.129332 2.747588 -0.726543
v 0.127660 2.747157 -0.732641
v 0.122643 2.746856 -0.740842
v 0.129332 3.010347 -0.716855
v 0.129332 3.009371 -0.745135
v 0.129332 3.008472 -0.769330
v 0.122643 3.219069 -0.846914
v 0.127660 3.218454 -0.834188
v 0.129332 3.217574 -0.821606
v 0.112608 3.434436 -0.721666
v 0.112608 3.449237 -0.747576
v 0.112608 3.464634 -0.768957
v 0.000000 3.507198 -0.900697
v 0.000000 3.503522 -0.888628
v 0.000000 3.498153 -0.871653
v 0.129332 2.890562 -0.707067
v 0.129332 2.889586 -0.729609
v 0.129332 2.888687 -0.749347
v 0.112608 2.700380 -0.688031
v 0.112608 2.699404 -0.699236
v 0.112608 2.698505 -0.708188
v 0.000000 2.695211 -0.709595
v 0.000000 2.694235 -0.734094
v 0.000000 2.693336 -0.757013
v 0.129332 3.382112 -0.723299
v 0.129332 3.394603 -0.747932
v 0.129332 3.407832 -0.767974
v 0.035537 2.695211 -0.705479
v 0.035537 2.694235 -0.727445
v 0.035537 2.693336 -0.747708
v 0.035537 3.466589 -0.739319
v 0.035537 3.475283 -0.776269
v 0.035537 3.483165 -0.809232
v 0.129332 2.750820 -0.690413
v 0.129332 2.749844 -0.702788
v 0.129332 2.748945 -0.712747
v 0.129332 2.852592 -0.755109
v 0.129332 2.815026 -0.743037
v 0.129332 2.778971 -0.731024
v 0.022018 3.491459 -0.843966
v 0.012472 3.491945 -0.847487
v 0.005574 3.492107 -0.848660
v 0.054351 2.692567 -0.753331
v 0.075466 2.693084 -0.739424
v 0.095884 2.694634 -0.725868
v 0.129332 3.446785 -0.779379
v 0.127660 3.463552 -0.777786
v 0.122643 3.473237 -0.779774
v 0.005574 2.692567 -0.776801
v 0.012472 2.692567 -0.775628
v 0.022018 2.692567 -0.772107
v 0.129332 2.726390 -0.713176
v 0.127660 2.711878 -0.709424
v 0.122643 2.702906 -0.709898
v 0.129332 3.275073 -0.803600
v 0.129332 3.330798 -0.797606
v 0.129332 3.380215 -0.790469
v 0.129332 2.973310 -0.784114
v 0.129332 2.944440 -0.779222
v 0.129332 2.917255 -0.773440
v 0.095884 3.483155 -0.797330
v 0.075466 3.486470 -0.811183
v 0.054351 3.488870 -0.825189
v 0.129332 3.051454 -0.795321
v 0.129332 3.102317 -0.801259
v 0.129332 3.158040 -0.805552
v 0.311530 3.140943 0.101863
v 0.311530 3.073228 0.092088
v 0.311530 2.992813 0.080946
v 0.308389 3.351236 0.102962
v 0.310745 3.312003 0.113244
v 0.311530 3.260278 0.114384
v 0.311530 3.145369 -0.140898
v 0.311530 3.081594 -0.148941
v 0.311530 3.004639 -0.158022
v 0.318183 3.201694 -0.078718
v 0.320400 3.201612 -0.012274
v 0.318183 3.201528 0.054169
v 0.308389 3.343295 -0.106858
v 0.310745 3.305268 -0.120907
v 0.311530 3.256577 -0.128703
v 0.318183 2.905410 -0.114054
v 0.320400 2.901453 -0.049387
v 0.318183 2.897495 0.015280
v 0.308389 3.377221 -0.053500
v 0.309960 3.384353 -0.000637
v 0.308389 3.381859 0.051886
v 0.217866 2.912005 -0.221833
v 0.190250 2.914875 -0.220751
v 0.162144 2.923484 -0.217505
v 0.265062 3.408429 0.124233
v 0.284298 3.395743 0.116442
v 0.297856 3.384382 0.103503
v 0.207312 3.417691 -0.162619
v 0.179540 3.417455 -0.171548
v 0.154222 3.417258 -0.171269
v 0.266188 2.890900 0.123058
v 0.285227 2.891230 0.117669
v 0.300443 2.892219 0.101502
v 0.217866 3.201390 0.164908
v 0.191604 3.201390 0.169173
v 0.167559 3.201390 0.181967
v 0.142237 2.345324 -0.148767
v 0.138564 2.340817 -0.087108
v 0.142237 2.336311 -0.025449
v 0.316376 2.345324 -0.148767
v 0.318507 2.340817 -0.087108
v 0.316376 2.336311 -0.025449
v 0.219971 2.352834 -0.251532
v 0.194733 2.352459 -0.246393
v 0.171626 2.351332 -0.230979
v 0.266408 2.328800 0.077316
v 0.284705 2.329175 0.072177
v 0.299328 2.330302 0.056763
v 0.142194 2.779245 0.072504
v 0.147364 2.634685 0.049947
v 0.150371 2.484074 0.035577
v 0.310911 2.484074 0.035577
v 0.311375 2.632843 0.046193
v 0.311530 2.771879 0.057487
v 0.311530 2.788000 -0.178512
v 0.311375 2.649702 -0.188332
v 0.310911 2.500999 -0.196010
v 0.150371 2.500999 -0.196010
v 0.147364 2.652323 -0.191639
v 0.142194 2.798484 -0.191739
v 0.155987 1.821118 -0.139355
v 0.152970 1.817966 -0.091976
v 0.155987 1.814814 -0.044597
v 0.299034 1.821118 -0.139355
v 0.300784 1.817966 -0.091976
v 0.299034 1.814814 -0.044597
v 0.219842 1.826371 -0.218319
v 0.199110 1.826108 -0.214371
v 0.180129 1.825320 -0.202526
v 0.257988 1.809561 0.034368
v 0.273018 1.809823 0.030419
v 0.285030 1.810611 0.018575
v 0.158070 2.201126 -0.199356
v 0.162906 2.061408 -0.194776
v 0.165863 1.934192 -0.187555
v 0.165863 1.920754 0.002538
v 0.162906 2.046561 0.009923
v 0.158070 2.185273 0.017552
v 0.300965 1.920754 0.002538
v 0.305639 2.046561 0.009923
v 0.308435 2.185273 0.017552
v 0.300965 1.934192 -0.187555
v 0.305639 2.061408 -0.194776
v 0.308435 2.201126 -0.199356
v 0.135254 1.585716 -0.118598
v 0.131892 1.579857 -0.091443
v 0.135254 1.583957 -0.064288
v 0.251215 1.585716 -0.118598
v 0.251064 1.579857 -0.091443
v 0.251215 1.583957 -0.064288
v 0.180624 1.576343 -0.150056
v 0.162418 1.578851 -0.148559
v 0.148880 1.586376 -0.144067
v 0.216886 1.573410 -0.032830
v 0.231353 1.575882 -0.034327
v 0.243311 1.583297 -0.038819
v 0.158536 1.725194 -0.013544
v 0.150274 1.659782 -0.023182
v 0.144176 1.615959 -0.034458
v 0.260137 1.615959 -0.034458
v 0.271687 1.659782 -0.023182
v 0.283462 1.725194 -0.013544
v 0.260137 1.620505 -0.148429
v 0.271687 1.666429 -0.159811
v 0.283462 1.734333 -0.169768
v 0.144176 1.620505 -0.148429
v 0.150274 1.666429 -0.159811
v 0.158536 1.734333 -0.169768
v 0.167559 3.202419 -0.202142
v 0.191604 3.201979 -0.192628
v 0.217866 3.201833 -0.189457
v 0.300443 2.910686 -0.200277
v 0.285227 2.911675 -0.216444
v 0.266188 2.912005 -0.221833
v 0.154222 3.435845 0.168490
v 0.179540 3.435867 0.166693
v 0.207312 3.435173 0.157595
v 0.297856 3.374699 -0.105117
v 0.284298 3.384168 -0.117776
v 0.265062 3.395471 -0.126087
v 0.162144 2.901391 0.121854
v 0.190250 2.893523 0.122757
v 0.217866 2.890900 0.123058
v 0.300443 3.201417 0.142760
v 0.285227 3.201397 0.159371
v 0.266188 3.201390 0.164908
v 0.299328 2.351332 -0.230979
v 0.284705 2.352459 -0.246393
v 0.266408 2.352834 -0.251532
v 0.171626 2.330302 0.056763
v 0.194733 2.329175 0.072177
v 0.219971 2.328800 0.077316
v 0.285030 1.825320 -0.202526
v 0.273018 1.826108 -0.214371
v 0.257988 1.826371 -0.218319
v 0.180129 1.810611 0.018575
v 0.199110 1.809823 0.030419
v 0.219842 1.809561 0.034368
v 0.243311 1.586376 -0.144067
v 0.231353 1.578851 -0.148559
v 0.216886 1.576343 -0.150056
v 0.148880 1.583297 -0.038819
v 0.162418 1.575882 -0.034327
v 0.180624 1.573410 -0.032830
v 0.231451 1.736410 -0.205274
v 0.220511 1.665796 -0.190377
v 0.209351 1.612962 -0.172386
v 0.194325 1.554371 -0.122145
v 0.192446 1.546754 -0.091443
v 0.194325 1.553198 -0.060741
v 0.245833 2.204729 -0.248654
v 0.246214 2.064783 -0.241299
v 0.244717 1.937246 -0.230758
v 0.245833 2.181670 0.066849
v 0.246214 2.043187 0.056446
v 0.244717 1.917701 0.045741
v 0.231451 1.723117 0.021961
v 0.220511 1.656314 0.007384
v 0.209351 1.607097 -0.010501
v 0.243632 2.791664 -0.232148
v 0.243742 2.653533 -0.241633
v 0.244072 2.504846 -0.248643
v 0.243632 2.768216 0.111123
v 0.243742 2.629012 0.099494
v 0.244072 2.480227 0.088211
v 0.243632 3.261119 0.169632
v 0.243112 3.319017 0.168593
v 0.241551 3.374976 0.159180
v 0.241551 3.360978 -0.163436
v 0.243112 3.308609 -0.176346
v 0.243632 3.255736 -0.183951
v 0.243632 2.990126 0.135257
v 0.243632 3.071327 0.146868
v 0.243632 3.139937 0.157036
v 0.243632 3.146374 -0.196071
v 0.243632 3.083495 -0.203721
v 0.243632 3.007327 -0.212332
v 0.246056 3.452646 0.068883
v 0.248309 3.454659 -0.001718
v 0.246056 3.444384 -0.072346
v 0.091528 3.612494 -0.063714
v 0.087094 3.621194 -0.012087
v 0.091528 3.619222 0.040231
v 0.146638 3.609188 -0.114790
v 0.126436 3.614030 -0.122752
v 0.109685 3.609188 -0.114790
v 0.109685 3.622529 0.091308
v 0.126436 3.628358 0.098579
v 0.146638 3.622529 0.091308
v 0.164796 3.619222 0.040231
v 0.165777 3.621194 -0.012087
v 0.164796 3.612494 -0.063714
v 0.214243 3.493791 0.120210
v 0.194433 3.545796 0.109065
v 0.176369 3.586747 0.093624
v 0.103101 3.586747 0.093624
v 0.111238 3.546017 0.111273
v 0.122926 3.494673 0.129042
v 0.214243 3.478569 -0.128549
v 0.194433 3.530999 -0.122931
v 0.176369 3.573406 -0.112474
v 0.103101 3.573406 -0.112474
v 0.111238 3.530962 -0.124695
v 0.122926 3.478423 -0.135606
v -0.054351 3.458643 0.160731
v -0.075466 3.458208 0.160727
v -0.095884 3.456903 0.160713
v -0.148446 3.139937 0.200914
v -0.146883 3.075134 0.188489
v -0.142194 3.005355 0.167158
v -0.112608 2.980011 0.357956
v -0.114181 2.982403 0.283086
v -0.118900 2.970460 0.206263
v -0.112608 3.578604 1.505836
v -0.111423 3.587011 1.548595
v -0.107869 3.588879 1.575948
v -0.112608 2.675807 1.593053
v -0.112608 2.499230 1.532809
v -0.112608 2.333344 1.457218
v -0.054351 2.161706 1.459505
v -0.075466 2.169695 1.429500
v -0.095884 2.178211 1.399071
v -0.022018 2.953454 0.118220
v -0.012472 2.953454 0.118220
v -0.005574 2.953454 0.118220
v -0.022018 3.598345 1.721031
v -0.012472 3.598528 1.734555
v -0.005574 3.598591 1.741909
v -0.117683 2.272599 1.212775
v -0.109820 2.315689 1.146944
v -0.100208 2.366938 1.075761
v -0.110278 2.861655 0.635990
v -0.112026 2.907404 0.567745
v -0.112608 2.941772 0.499738
v -0.112608 3.456599 0.234211
v -0.112608 3.457640 0.303996
v -0.112608 3.457690 0.371136
v -0.112608 3.448107 0.756415
v -0.112608 3.448001 0.823590
v -0.112608 3.452573 0.900716
v -0.054351 3.461654 0.436730
v -0.075466 3.461190 0.436730
v -0.095884 3.459800 0.436730
v -0.054351 3.477083 1.004718
v -0.075466 3.475288 1.000364
v -0.095884 3.471338 0.996277
v -0.022018 2.923696 0.429111
v -0.012472 2.923695 0.429106
v -0.005574 2.923695 0.429103
v -0.019689 2.412322 0.947738
v -0.011890 2.412321 0.947733
v -0.005574 2.412320 0.947730
v -0.129332 3.123347 0.434434
v -0.127660 3.061749 0.432996
v -0.122643 3.007641 0.431554
v -0.117683 2.751580 1.017039
v -0.109820 2.641649 1.016463
v -0.100208 2.538074 1.011798
v -0.054351 1.622822 0.964994
v -0.074490 1.663866 0.957734
v -0.091981 1.702503 0.952759
v -0.112608 1.837874 0.909964
v -0.111423 1.878802 0.895123
v -0.107869 1.915652 0.882432
v -0.022018 1.927356 0.869210
v -0.012472 1.924938 0.869685
v -0.005574 1.923691 0.869962
v -0.112608 1.897031 1.112455
v -0.112608 1.971408 1.193046
v -0.112608 2.066841 1.281527
v -0.100959 2.115595 0.941966
v -0.094559 2.197474 0.973875
v -0.089337 2.298398 0.998078
v -0.089337 2.552040 0.927907
v -0.094559 2.648371 0.854394
v -0.100959 2.732376 0.779676
v -0.112608 3.455904 0.501873
v -0.112608 3.454398 0.566489
v -0.112608 3.452558 0.630503
v -0.126685 2.998897 0.700292
v -0.123556 2.921663 0.702420
v -0.117348 2.854895 0.704450
v -0.021489 2.752311 0.707598
v -0.012340 2.752307 0.707577
v -0.005574 2.752305 0.707564
v -0.054351 3.456912 0.693745
v -0.075466 3.456266 0.693761
v -0.095884 3.454325 0.693790
v -0.143027 3.376042 0.199685
v -0.147091 3.319284 0.209906
v -0.148446 3.261119 0.211542
v -0.112608 3.326144 1.626140
v -0.112608 3.187460 1.641185
v -0.112608 3.027831 1.645970
v -0.129332 3.358947 0.436766
v -0.129332 3.308417 0.436667
v -0.129332 3.250420 0.436328
v -0.129332 3.235273 1.000808
v -0.128750 3.120811 1.005853
v -0.127003 2.995469 1.010750
v -0.129332 3.313397 0.695097
v -0.129200 3.243520 0.695837
v -0.128803 3.164683 0.696896
v -0.129332 3.174184 0.501631
v -0.129200 3.153224 0.567151
v -0.128803 3.122994 0.632590
v -0.126685 3.027060 0.764850
v -0.125229 2.967861 0.836678
v -0.124037 2.912403 0.918439
v -0.136978 3.201390 0.250204
v -0.131244 3.200030 0.305423
v -0.129332 3.195949 0.368726
v -0.022018 2.854789 1.785434
v -0.012472 2.854738 1.799225
v -0.005574 2.854721 1.806718
v -0.128803 2.849970 1.530753
v -0.127528 2.852519 1.574402
v -0.122643 2.854013 1.605247
v -0.112608 3.439841 -0.075366
v -0.112608 3.445490 0.002507
v -0.112608 3.450448 0.082320
v -0.054351 3.437919 -0.147658
v -0.075466 3.437520 -0.147683
v -0.095884 3.436321 -0.147758
v -0.148446 3.150084 -0.227786
v -0.146883 3.092947 -0.232157
v -0.142194 3.028933 -0.230932
v -0.022018 2.983144 -0.198042
v -0.012472 2.983144 -0.198042
v -0.005574 2.983144 -0.198042
v -0.266188 3.201833 -0.189457
v -0.285227 3.201826 -0.183920
v -0.300443 3.201805 -0.167309
v -0.143027 3.359308 -0.195374
v -0.147091 3.307361 -0.208117
v -0.148446 3.255540 -0.215665
v -0.118900 2.892065 -0.132905
v -0.115754 2.874662 -0.054102
v -0.118900 2.879822 0.028319
v -0.054351 3.417433 -0.365360
v -0.075466 3.417074 -0.365389
v -0.095884 3.415995 -0.365478
v -0.129332 3.164975 -0.388857
v -0.127660 3.123221 -0.393888
v -0.122643 3.087280 -0.398438
v -0.022018 3.032223 -0.405622
v -0.012472 3.032223 -0.405622
v -0.005574 3.032223 -0.405622
v -0.129332 3.337729 -0.371946
v -0.129332 3.299020 -0.375277
v -0.129332 3.255524 -0.379267
v -0.129332 3.211025 -0.425960
v -0.129332 3.211652 -0.465904
v -0.129332 3.211869 -0.504906
v -0.136978 3.204761 -0.252886
v -0.131244 3.206538 -0.293254
v -0.129332 3.208356 -0.338244
v -0.112608 3.417919 -0.319128
v -0.112608 3.422762 -0.268313
v -0.112608 3.428164 -0.211732
v -0.112608 3.053923 -0.360626
v -0.114181 3.038200 -0.314407
v -0.118900 3.010048 -0.264786
v -0.054351 3.415570 -0.532710
v -0.075466 3.413303 -0.532740
v -0.095884 3.410387 -0.532829
v -0.129332 3.161806 -0.542290
v -0.128321 3.110977 -0.538989
v -0.125285 3.061496 -0.535247
v -0.022018 2.988830 -0.510922
v -0.012472 2.988830 -0.510922
v -0.005574 2.988830 -0.510922
v -0.125285 3.013273 -0.573028
v -0.128321 3.013037 -0.611552
v -0.129332 3.012319 -0.649250
v -0.129332 3.336455 -0.539297
v -0.129332 3.300559 -0.541932
v -0.129332 3.258479 -0.543834
v -0.129332 3.210485 -0.665704
v -0.129332 3.210763 -0.626062
v -0.129332 3.211267 -0.585083
v -0.112608 3.407230 -0.574824
v -0.112608 3.409334 -0.616082
v -0.112608 3.413995 -0.655297
v -0.112608 3.407244 -0.492116
v -0.112608 3.408533 -0.451217
v -0.112608 3.410720 -0.409375
v -0.114414 3.035565 -0.498423
v -0.113060 3.049949 -0.468544
v -0.112608 3.058219 -0.437208
v -0.054351 3.449711 -0.697606
v -0.075466 3.440824 -0.695174
v -0.095884 3.431252 -0.692818
v -0.129332 3.157958 -0.699453
v -0.129332 3.105030 -0.694528
v -0.129332 3.055099 -0.689178
v -0.114414 2.977968 -0.552550
v -0.113060 2.950745 -0.567120
v -0.112608 2.924109 -0.578958
v -0.129332 3.007115 -0.804259
v -0.127660 3.006684 -0.817072
v -0.122643 3.006383 -0.829958
v -0.129332 3.342400 -0.696948
v -0.129332 3.304510 -0.700242
v -0.129332 3.260082 -0.702471
v -0.129332 3.214804 -0.787402
v -0.129332 3.213146 -0.763503
v -0.129332 3.211684 -0.735194
v -0.112608 3.489856 -0.799101
v -0.111423 3.497602 -0.809715
v -0.107869 3.501788 -0.819507
v -0.054351 3.508162 -0.875925
v -0.074490 3.507515 -0.856870
v -0.091981 3.505575 -0.839360
v -0.112608 3.158368 -0.861824
v -0.112608 3.101262 -0.857919
v -0.112608 3.049939 -0.851917
v -0.022018 3.005991 -0.936068
v -0.012472 3.005991 -0.941211
v -0.005574 3.005991 -0.942925
v -0.112608 3.399210 -0.840519
v -0.112608 3.344090 -0.849557
v -0.112608 3.282777 -0.857413
v -0.054351 3.219870 -0.925385
v -0.075466 3.219830 -0.904319
v -0.095884 3.219710 -0.882262
v -0.022018 2.895354 -0.570094
v -0.012472 2.895354 -0.570094
v -0.005574 2.895354 -0.570094
v -0.122643 2.894191 -0.606495
v -0.127660 2.893428 -0.629723
v -0.129332 2.892535 -0.655730
v -0.112608 2.724874 -0.742959
v -0.111423 2.710678 -0.737351
v -0.107869 2.702652 -0.736655
v -0.129332 2.887330 -0.778259
v -0.127660 2.886899 -0.789160
v -0.122643 2.886599 -0.800712
v -0.022018 2.886206 -0.905080
v -0.012472 2.886206 -0.910223
v -0.005574 2.886206 -0.911937
v -0.129332 2.920899 -0.682351
v -0.129332 2.948084 -0.682233
v -0.129332 2.976954 -0.682763
v -0.112608 2.915739 -0.825719
v -0.112608 2.942924 -0.833430
v -0.112608 2.971794 -0.839547
v -0.022018 2.704591 -0.610821
v -0.012472 2.704591 -0.610821
v -0.005574 2.704591 -0.610821
v -0.107869 2.705338 -0.626866
v -0.111423 2.703578 -0.640952
v -0.112608 2.702353 -0.657668
v -0.022018 2.696211 -0.684247
v -0.012472 2.696211 -0.684864
v -0.005574 2.696211 -0.685070
v -0.112608 2.697149 -0.720526
v -0.111423 2.697095 -0.725742
v -0.107869 2.697927 -0.732363
v -0.022018 2.696221 -0.811666
v -0.012472 2.696221 -0.816623
v -0.005574 2.696221 -0.818275
v -0.129332 2.730034 -0.673990
v -0.127660 2.715523 -0.673297
v -0.122643 2.706550 -0.673360
v -0.112608 2.733244 -0.608558
v -0.111423 2.718993 -0.610648
v -0.107869 2.710802 -0.614062
v -0.122643 3.449941 0.160638
v -0.127739 3.444772 0.160984
v -0.129647 3.439708 0.162131
v -0.107869 3.578733 1.589664
v -0.111423 3.555768 1.590655
v -0.112608 3.510611 1.596978
v -0.122643 3.452386 0.436730
v -0.127660 3.443080 0.436731
v -0.129332 3.426284 0.436737
v -0.122643 3.453139 0.991653
v -0.127660 3.431302 0.991739
v -0.129332 3.392132 0.993337
v -0.122643 3.443970 0.693907
v -0.127660 3.430968 0.694034
v -0.129332 3.407498 0.694252
v -0.122643 3.429930 -0.148160
v -0.127739 3.425238 -0.149612
v -0.129647 3.420746 -0.153367
v -0.122643 3.410242 -0.365954
v -0.127660 3.403020 -0.366551
v -0.129332 3.389986 -0.367628
v -0.122643 3.402601 -0.533304
v -0.127660 3.395593 -0.533901
v -0.129332 3.383657 -0.534978
v -0.122643 3.414376 -0.690131
v -0.127660 3.405355 -0.690274
v -0.129332 3.392218 -0.691442
v -0.107869 3.500718 -0.824861
v -0.111423 3.492148 -0.824102
v -0.112608 3.474068 -0.826666
v -0.129332 3.429269 -0.795956
v -0.127660 3.436081 -0.806561
v -0.122643 3.440834 -0.817907
v -0.054351 3.447038 -0.894578
v -0.075466 3.446728 -0.873601
v -0.095884 3.445797 -0.851815
v -0.129332 3.363938 -0.578533
v -0.129332 3.364200 -0.619687
v -0.129332 3.366569 -0.658592
v -0.131212 3.389209 -0.221691
v -0.129802 3.377810 -0.273584
v -0.129332 3.371789 -0.322838
v -0.129332 3.367102 -0.413084
v -0.129332 3.365957 -0.454926
v -0.129332 3.365237 -0.495826
v -0.122684 3.448384 -0.080750
v -0.119917 3.459119 -0.001000
v -0.122684 3.458077 0.079860
v -0.129332 3.395379 0.501909
v -0.129332 3.389534 0.566613
v -0.129332 3.381123 0.630846
v -0.129332 3.354504 0.757845
v -0.129332 3.339926 0.825775
v -0.129332 3.330040 0.903561
v -0.131212 3.412562 0.238544
v -0.129802 3.404995 0.305081
v -0.129332 3.401459 0.371144
v -0.022018 3.438972 1.761672
v -0.012472 3.438975 1.775473
v -0.005574 3.438977 1.782976
v -0.129332 3.419663 1.506915
v -0.127660 3.428681 1.550500
v -0.122643 3.433767 1.581378
v -0.005574 3.458643 0.160731
v -0.012472 3.458643 0.160731
v -0.022018 3.458643 0.160731
v -0.005574 2.146402 1.523531
v -0.012472 2.147762 1.516802
v -0.022018 2.150521 1.504454
v -0.101219 2.942051 0.118709
v -0.076800 2.950603 0.118342
v -0.054351 2.953454 0.118220
v -0.091981 3.591629 1.611627
v -0.074490 3.595576 1.640286
v -0.054351 3.597375 1.671672
v -0.005574 3.461654 0.436730
v -0.012472 3.461654 0.436730
v -0.022018 3.461654 0.436730
v -0.005574 3.478269 1.014338
v -0.012472 3.478211 1.013332
v -0.022018 3.478035 1.011480
v -0.095884 2.940489 0.429621
v -0.075466 2.927897 0.429253
v -0.054351 2.923698 0.429125
v -0.072612 2.418115 0.965018
v -0.057416 2.413773 0.952072
v -0.042702 2.412324 0.947752
v -0.005574 1.535393 0.983841
v -0.012472 1.543941 0.981710
v -0.022018 1.560304 0.977958
v -0.091981 1.942478 0.870522
v -0.074490 1.941334 0.867831
v -0.054351 1.936715 0.867614
v -0.090589 2.772845 0.707063
v -0.071362 2.757456 0.707528
v -0.051704 2.752322 0.707659
v -0.005574 3.456907 0.693719
v -0.012472 3.456907 0.693723
v -0.022018 3.456908 0.693728
v -0.095884 2.855122 1.665642
v -0.075466 2.855177 1.700968
v -0.054351 2.855060 1.735043
v -0.005574 3.437919 -0.147658
v -0.012472 3.437919 -0.147658
v -0.022018 3.437919 -0.147658
v -0.101219 2.969724 -0.202041
v -0.076800 2.979789 -0.199042
v -0.054351 2.983144 -0.198042
v -0.005574 3.417433 -0.365360
v -0.012472 3.417433 -0.365360
v -0.022018 3.417433 -0.365360
v -0.095884 3.043234 -0.404185
v -0.075466 3.034976 -0.405262
v -0.054351 3.032223 -0.405622
v -0.005574 3.418806 -0.532710
v -0.012472 3.418644 -0.532710
v -0.022018 3.418159 -0.532710
v -0.097690 2.997132 -0.518229
v -0.075917 2.990905 -0.512749
v -0.054351 2.988830 -0.510922
v -0.005574 3.463950 -0.701723
v -0.012472 3.463238 -0.701517
v -0.022018 3.461102 -0.700900
v -0.005574 3.508162 -0.908970
v -0.012472 3.508162 -0.907318
v -0.022018 3.508162 -0.902361
v -0.095884 3.006069 -0.865474
v -0.075466 3.006010 -0.887562
v -0.054351 3.005991 -0.908639
v -0.005574 3.219870 -0.959671
v -0.012472 3.219870 -0.957957
v -0.022018 3.219870 -0.952814
v -0.095884 2.895121 -0.577374
v -0.075466 2.895295 -0.571914
v -0.054351 2.895354 -0.570094
v -0.095884 2.886284 -0.834835
v -0.075466 2.886225 -0.856662
v -0.054351 2.886206 -0.877652
v -0.091981 2.705891 -0.614416
v -0.074490 2.704916 -0.611719
v -0.054351 2.704591 -0.610821
v -0.095884 2.698279 -0.676141
v -0.075466 2.696728 -0.678515
v -0.054351 2.696211 -0.680953
v -0.091981 2.697741 -0.749797
v -0.074490 2.696601 -0.766458
v -0.054351 2.696221 -0.785230
v -0.005574 3.447038 -0.928863
v -0.012472 3.447038 -0.927149
v -0.022018 3.447038 -0.922006
v -0.095884 3.437927 1.641868
v -0.075466 3.438707 1.677204
v -0.054351 3.438968 1.711278
v -0.035537 3.328536 1.758170
v -0.035537 3.189449 1.773354
v -0.035537 3.029103 1.778103
v -0.035537 3.401671 -0.920211
v -0.035537 3.345812 -0.929495
v -0.035537 3.283775 -0.937593
v -0.035537 2.733826 -0.594922
v -0.035537 2.719256 -0.597712
v -0.035537 2.710109 -0.602521
v -0.035537 2.691979 -0.778315
v -0.035537 2.692065 -0.788290
v -0.035537 2.693316 -0.795825
v -0.035537 2.700907 -0.624085
v -0.035537 2.698594 -0.641249
v -0.035537 2.697184 -0.661247
v -0.035537 2.971598 -0.919936
v -0.035537 2.942728 -0.913661
v -0.035537 2.915543 -0.905699
v -0.035537 2.970222 -0.529151
v -0.035537 2.949244 -0.545193
v -0.035537 2.924690 -0.558893
v -0.035537 2.724678 -0.820025
v -0.035537 2.710186 -0.812571
v -0.035537 2.701272 -0.806907
v -0.035537 3.158411 -0.942322
v -0.035537 3.101125 -0.938468
v -0.035537 3.049743 -0.932457
v -0.035537 3.505396 -0.897665
v -0.035537 3.496132 -0.901749
v -0.035537 3.477602 -0.906000
v -0.035537 3.497506 -0.858063
v -0.035537 3.503361 -0.873676
v -0.035537 3.507198 -0.884794
v -0.035537 3.414214 -0.409078
v -0.035537 3.412642 -0.450920
v -0.035537 3.413405 -0.491819
v -0.035537 3.424678 -0.574527
v -0.035537 3.434619 -0.616682
v -0.035537 3.445755 -0.658590
v -0.035537 3.432058 -0.211453
v -0.035537 3.426556 -0.268020
v -0.035537 3.421614 -0.318831
v -0.035537 2.997985 -0.261837
v -0.035537 3.013171 -0.317392
v -0.035537 3.025614 -0.365166
v -0.035537 3.029909 -0.439218
v -0.035537 3.020613 -0.467162
v -0.035537 3.006273 -0.490661
v -0.035537 2.971739 -0.125546
v -0.035537 2.963301 -0.046941
v -0.035537 2.957362 0.035178
v -0.035537 2.674206 1.724096
v -0.035537 2.493222 1.661448
v -0.035537 2.318111 1.580577
v -0.035537 3.460753 0.501873
v -0.035537 3.459594 0.566479
v -0.035537 3.458279 0.630462
v -0.035537 2.897848 0.499244
v -0.035404 2.861065 0.567773
v -0.035007 2.812752 0.636601
v -0.035007 2.037581 0.872942
v -0.035404 2.004941 0.863660
v -0.035537 1.972923 0.862262
v -0.035537 1.622449 0.947770
v -0.035537 1.597655 0.956282
v -0.035537 1.586583 0.963792
v -0.032889 2.679160 0.782744
v -0.031433 2.596181 0.853464
v -0.030242 2.506270 0.911295
v -0.035537 2.951109 0.199591
v -0.035537 2.947352 0.278835
v -0.035537 2.939207 0.355496
v -0.035537 3.455590 0.756214
v -0.035537 3.456894 0.824873
v -0.035537 3.463398 0.906693
v -0.035537 3.460990 0.234230
v -0.035537 3.462074 0.304000
v -0.035537 3.462194 0.371136
v -0.035537 3.585087 1.711234
v -0.035537 3.559470 1.719783
v -0.035537 3.513356 1.728686
v -0.035537 3.601750 1.606456
v -0.035537 3.607618 1.655917
v -0.035537 3.605926 1.684588
v -0.035537 1.646361 1.040449
v -0.035537 1.611582 1.005152
v -0.035537 1.592943 0.984352
v -0.035537 3.443939 -0.075162
v -0.035537 3.449687 0.002655
v -0.035537 3.454732 0.082413
v -0.107869 1.745545 0.955948
v -0.111423 1.768515 0.970935
v -0.112608 1.798975 0.999882
v -0.107869 1.957787 0.873660
v -0.110841 1.980938 0.877839
v -0.110278 2.010488 0.890020
v -0.030242 2.317233 0.954320
v -0.031433 2.226607 0.940576
v -0.032889 2.146052 0.916063
v -0.035537 2.010201 1.380789
v -0.035537 1.885242 1.274936
v -0.035537 1.781837 1.176989
v -0.054351 1.733592 1.084109
v -0.075466 1.770586 1.070841
v -0.095884 1.807849 1.057613
v -0.021489 2.081175 0.890335
v -0.012340 2.081175 0.890335
v -0.005574 2.081175 0.890335
v -0.090589 2.069961 0.898640
v -0.071362 2.078371 0.892411
v -0.051704 2.081175 0.890335
v -0.126685 1.955452 0.982620
v -0.123556 1.990870 0.957008
v -0.117348 2.025105 0.931860
v -0.005574 1.658729 1.113670
v -0.012472 1.665768 1.110372
v -0.022018 1.679561 1.104523
v -0.112608 3.485553 1.106229
v -0.112608 3.512017 1.227005
v -0.112608 3.539274 1.342508
v -0.122643 2.193600 1.350723
v -0.127078 2.202731 1.330307
v -0.127003 2.216901 1.304473
v -0.107869 1.740313 0.945272
v -0.111423 1.754816 0.939106
v -0.112608 1.773753 0.932583
v -0.124037 2.846392 1.130163
v -0.125229 2.838690 1.252104
v -0.126685 2.840432 1.367931
v -0.129332 3.340957 1.109413
v -0.129332 3.360959 1.229819
v -0.129332 3.384047 1.344763
v -0.035537 1.869430 0.882216
v -0.035537 1.797648 0.900164
v -0.035537 1.725875 0.919191
v -0.035537 3.502312 1.137727
v -0.035537 3.532167 1.277982
v -0.035537 3.562112 1.413480
v -0.122643 1.864027 1.037527
v -0.127528 1.882691 1.029595
v -0.128803 1.901124 1.019556
v -0.124037 2.131074 1.195797
v -0.125229 2.044226 1.124625
v -0.126685 1.976024 1.059154
v -0.054351 3.584362 1.506222
v -0.075466 3.579936 1.481660
v -0.095884 3.573030 1.458282
v -0.022018 1.643177 0.940007
v -0.012472 1.629946 0.942685
v -0.005574 1.623090 0.944230
v -0.129332 3.297374 1.455793
v -0.129200 3.162627 1.468626
v -0.128803 3.009396 1.473754
v -0.126685 2.680953 1.436276
v -0.125229 2.520508 1.391248
v -0.124037 2.371114 1.333671
v -0.128803 1.885149 0.966884
v -0.127528 1.854945 0.942623
v -0.122643 1.828325 0.929139
v -0.095884 1.766120 0.923083
v -0.075466 1.729443 0.926068
v -0.054351 1.694168 0.930942
v -0.005574 3.589668 1.560234
v -0.012472 3.589403 1.554567
v -0.022018 3.588608 1.544157
v -0.122643 3.548941 1.429819
v -0.127660 3.523220 1.427432
v -0.129332 3.477939 1.431624
v -0.112608 2.851076 -0.800589
v -0.112608 2.813511 -0.784005
v -0.112608 2.777455 -0.767495
v -0.129332 2.856236 -0.681111
v -0.129332 2.818671 -0.679303
v -0.129332 2.782615 -0.677244
v -0.112608 2.859446 -0.595361
v -0.112608 2.821881 -0.600540
v -0.112608 2.785825 -0.604211
v -0.035537 2.860027 -0.578642
v -0.035537 2.822462 -0.584967
v -0.035537 2.786407 -0.589502
v -0.035537 2.850880 -0.879689
v -0.035537 2.813314 -0.862520
v -0.035537 2.777259 -0.845428
v -0.022018 2.746464 -0.840836
v -0.012472 2.746464 -0.845979
v -0.005574 2.746464 -0.847693
v -0.054351 2.755611 -0.592676
v -0.075466 2.755553 -0.594084
v -0.095884 2.755379 -0.598308
v -0.005574 2.755611 -0.592676
v -0.012472 2.755611 -0.592676
v -0.022018 2.755611 -0.592676
v -0.122643 2.754448 -0.620838
v -0.127660 2.753686 -0.638397
v -0.129332 2.752793 -0.657282
v -0.095884 2.746542 -0.771466
v -0.075466 2.746483 -0.792636
v -0.054351 2.746464 -0.813407
v -0.129332 2.747588 -0.726543
v -0.127660 2.747157 -0.732641
v -0.122643 2.746856 -0.740842
v -0.129332 3.010347 -0.716855
v -0.129332 3.009371 -0.745135
v -0.129332 3.008472 -0.769330
v -0.122643 3.219069 -0.846914
v -0.127660 3.218454 -0.834188
v -0.129332 3.217574 -0.821606
v -0.112608 3.434436 -0.721666
v -0.112608 3.449237 -0.747576
v -0.112608 3.464634 -0.768957
v -0.129332 2.890562 -0.707067
v -0.129332 2.889586 -0.729609
v -0.129332 2.888687 -0.749347
v -0.112608 2.700380 -0.688031
v -0.112608 2.699404 -0.699236
v -0.112608 2.698505 -0.708188
v -0.129332 3.382112 -0.723299
v -0.129332 3.394603 -0.747932
v -0.129332 3.407832 -0.767974
v -0.035537 2.695211 -0.705479
v -0.035537 2.694235 -0.727445
v -0.035537 2.693336 -0.747708
v -0.035537 3.466589 -0.739319
v -0.035537 3.475283 -0.776269
v -0.035537 3.483165 -0.809232
v -0.129332 2.750820 -0.690413
v -0.129332 2.749844 -0.702788
v -0.129332 2.748945 -0.712747
v -0.129332 2.852592 -0.755110
v -0.129332 2.815026 -0.743037
v -0.129332 2.778971 -0.731024
v -0.022018 3.491459 -0.843966
v -0.012472 3.491945 -0.847487
v -0.005574 3.492107 -0.848660
v -0.054351 2.692567 -0.753331
v -0.075466 2.693084 -0.739424
v -0.095884 2.694634 -0.725868
v -0.129332 3.446785 -0.779379
v -0.127660 3.463552 -0.777786
v -0.122643 3.473237 -0.779774
v -0.005574 2.692567 -0.776801
v -0.012472 2.692567 -0.775628
v -0.022018 2.692567 -0.772107
v -0.129332 2.726390 -0.713176
v -0.127660 2.711878 -0.709424
v -0.122643 2.702906 -0.709898
v -0.129332 3.275073 -0.803600
v -0.129332 3.330798 -0.797606
v -0.129332 3.380215 -0.790469
v -0.129332 2.973310 -0.784114
v -0.129332 2.944440 -0.779222
v -0.129332 2.917254 -0.773440
v -0.095884 3.483155 -0.797330
v -0.075466 3.486470 -0.811183
v -0.054351 3.488870 -0.825189
v -0.129332 3.051454 -0.795321
v -0.129332 3.102317 -0.801259
v -0.129332 3.158040 -0.805552
v -0.311530 3.140943 0.101863
v -0.311530 3.073228 0.092088
v -0.311530 2.992813 0.080946
v -0.308389 3.351236 0.102962
v -0.310745 3.312003 0.113244
v -0.311530 3.260278 0.114384
v -0.311530 3.145369 -0.140898
v -0.311530 3.081594 -0.148941
v -0.311530 3.004639 -0.158022
v -0.318183 3.201694 -0.078718
v -0.320400 3.201612 -0.012274
v -0.318183 3.201528 0.054169
v -0.308389 3.343295 -0.106858
v -0.310745 3.305268 -0.120907
v -0.311530 3.256577 -0.128703
v -0.318183 2.905410 -0.114054
v -0.320400 2.901453 -0.049387
v -0.318183 2.897495 0.015280
v -0.308389 3.377221 -0.053500
v -0.309960 3.384353 -0.000637
v -0.308389 3.381859 0.051886
v -0.217866 2.912005 -0.221833
v -0.190250 2.914875 -0.220751
v -0.162144 2.923484 -0.217505
v -0.265062 3.408429 0.124233
v -0.284298 3.395743 0.116442
v -0.297856 3.384382 0.103503
v -0.207312 3.417691 -0.162619
v -0.179540 3.417455 -0.171548
v -0.154222 3.417258 -0.171269
v -0.266188 2.890900 0.123058
v -0.285227 2.891230 0.117669
v -0.300443 2.892219 0.101502
v -0.217866 3.201390 0.164908
v -0.191604 3.201390 0.169173
v -0.167559 3.201390 0.181967
v -0.142237 2.345324 -0.148767
v -0.138564 2.340817 -0.087108
v -0.142237 2.336311 -0.025449
v -0.316376 2.345324 -0.148767
v -0.318507 2.340817 -0.087108
v -0.316376 2.336311 -0.025449
v -0.219971 2.352834 -0.251532
v -0.194733 2.352459 -0.246393
v -0.171626 2.351332 -0.230979
v -0.266408 2.328800 0.077316
v -0.284705 2.329175 0.072177
v -0.299328 2.330302 0.056763
v -0.142194 2.779245 0.072504
v -0.147364 2.634685 0.049947
v -0.150371 2.484074 0.035577
v -0.310911 2.484074 0.035577
v -0.311375 2.632843 0.046193
v -0.311530 2.771879 0.057487
v -0.311530 2.788000 -0.178512
v -0.311375 2.649702 -0.188332
v -0.310911 2.500999 -0.196010
v -0.150371 2.500999 -0.196010
v -0.147364 2.652323 -0.191639
v -0.142194 2.798484 -0.191739
v -0.155987 1.821118 -0.139355
v -0.152970 1.817966 -0.091976
v -0.155987 1.814814 -0.044597
v -0.299034 1.821118 -0.139355
v -0.300784 1.817966 -0.091976
v -0.299034 1.814814 -0.044597
v -0.219842 1.826371 -0.218319
v -0.199110 1.826108 -0.214371
v -0.180129 1.825320 -0.202526
v -0.257988 1.809561 0.034368
v -0.273018 1.809823 0.030419
v -0.285030 1.810611 0.018575
v -0.158070 2.201126 -0.199356
v -0.162906 2.061408 -0.194776
v -0.165863 1.934192 -0.187555
v -0.165863 1.920754 0.002538
v -0.162906 2.046561 0.009923
v -0.158070 2.185273 0.017552
v -0.300965 1.920754 0.002538
v -0.305639 2.046561 0.009923
v -0.308435 2.185273 0.017552
v -0.300965 1.934192 -0.187555
v -0.305639 2.061408 -0.194776
v -0.308435 2.201126 -0.199356
v -0.135254 1.585716 -0.118598
v -0.131892 1.579857 -0.091443
v -0.135254 1.583957 -0.064288
v -0.251215 1.585716 -0.118598
v -0.251064 1.579857 -0.091443
v -0.251215 1.583957 -0.064288
v -0.180624 1.576343 -0.150056
v -0.162418 1.578851 -0.148559
v -0.148880 1.586376 -0.144067
v -0.216886 1.573410 -0.032830
v -0.231353 1.575882 -0.034327
v -0.243311 1.583297 -0.038819
v -0.158536 1.725194 -0.013544
v -0.150274 1.659782 -0.023182
v -0.144176 1.615959 -0.034458
v -0.260137 1.615959 -0.034458
v -0.271687 1.659782 -0.023182
v -0.283462 1.725194 -0.013544
v -0.260137 1.620505 -0.148429
v -0.271687 1.666429 -0.159811
v -0.283462 1.734333 -0.169768
v -0.144176 1.620505 -0.148429
v -0.150274 1.666429 -0.159811
v -0.158536 1.734333 -0.169768
v -0.167559 3.202419 -0.202143
v -0.191604 3.201979 -0.192628
v -0.217866 3.201833 -0.189457
v -0.300443 2.910686 -0.200277
v -0.285227 2.911675 -0.216444
v -0.266188 2.912005 -0.221833
v -0.154222 3.435845 0.168490
v -0.179540 3.435867 0.166693
v -0.207312 3.435173 0.157595
v -0.297856 3.374699 -0.105117
v -0.284298 3.384168 -0.117776
v -0.265062 3.395471 -0.126087
v -0.162144 2.901391 0.121854
v -0.190250 2.893523 0.122757
v -0.217866 2.890900 0.123058
v -0.300443 3.201417 0.142760
v -0.285227 3.201397 0.159371
v -0.266188 3.201390 0.164908
v -0.299328 2.351332 -0.230979
v -0.284705 2.352459 -0.246393
v -0.266408 2.352834 -0.251532
v -0.171626 2.330302 0.056763
v -0.194733 2.329175 0.072177
v -0.219971 2.328800 0.077316
v -0.285030 1.825320 -0.202526
v -0.273018 1.826108 -0.214371
v -0.257988 1.826371 -0.218319
v -0.180129 1.810611 0.018575
v -0.199110 1.809823 0.030419
v -0.219842 1.809561 0.034368
v -0.243311 1.586376 -0.144067
v -0.231353 1.578851 -0.148559
v -0.216886 1.576343 -0.150056
v -0.148880 1.583297 -0.038819
v -0.162418 1.575882 -0.034327
v -0.180624 1.573410 -0.032830
v -0.231451 1.736410 -0.205274
v -0.220511 1.665796 -0.190377
v -0.209351 1.612962 -0.172386
v -0.194325 1.554371 -0.122145
v -0.192446 1.546754 -0.091443
v -0.194325 1.553198 -0.060741
v -0.245833 2.204729 -0.248654
v -0.246214 2.064782 -0.241299
v -0.244717 1.937246 -0.230758
v -0.245833 2.181670 0.066849
v -0.246214 2.043187 0.056446
v -0.244717 1.917701 0.045741
v -0.231451 1.723117 0.021961
v -0.220511 1.656314 0.007384
v -0.209351 1.607097 -0.010501
v -0.243632 2.791664 -0.232148
v -0.243742 2.653533 -0.241633
v -0.244072 2.504846 -0.248643
v -0.243632 2.768216 0.111123
v -0.243742 2.629012 0.099494
v -0.244072 2.480227 0.088211
v -0.243632 3.261119 0.169632
v -0.243112 3.319017 0.168593
v -0.241551 3.374976 0.159180
v -0.241551 3.360978 -0.163436
v -0.243112 3.308609 -0.176346
v -0.243632 3.255736 -0.183951
v -0.243632 2.990126 0.135257
v -0.243632 3.071327 0.146868
v -0.243632 3.139937 0.157036
v -0.243632 3.146374 -0.196071
v -0.243632 3.083495 -0.203721
v -0.243632 3.007327 -0.212332
v -0.246056 3.452646 0.068883
v -0.248309 3.454659 -0.001718
v -0.246056 3.444384 -0.072346
v -0.091528 3.612494 -0.063714
v -0.087094 3.621194 -0.012087
v -0.091528 3.619222 0.040231
v -0.146638 3.609188 -0.114790
v -0.126436 3.614030 -0.122752
v -0.109685 3.609188 -0.114790
v -0.109685 3.622529 0.091308
v -0.126436 3.628358 0.098579
v -0.146638 3.622529 0.091308
v -0.164796 3.619222 0.040231
v -0.165777 3.621194 -0.012087
v -0.164796 3.612494 -0.063714
v -0.214243 3.493791 0.120210
v -0.194433 3.545796 0.109065
v -0.176369 3.586747 0.093624
v -0.103101 3.586747 0.093624
v -0.111238 3.546017 0.111273
v -0.122926 3.494673 0.129042
v -0.214243 3.478569 -0.128549
v -0.194433 3.530999 -0.122931
v -0.176369 3.573406 -0.112474
v -0.103101 3.573406 -0.112474
v -0.111238 3.530962 -0.124695
v -0.122926 3.478423 -0.135606
v 0.229861 -3.867857 0.015476
v 0.246279 -3.861530 0.106824
v 0.229861 -3.855205 0.198173
v 0.098512 -3.876291 -0.106321
v 0.000000 -3.877346 -0.121546
v -0.098512 -3.876291 -0.106321
v 0.200288 2.938783 -0.264522
v 0.196133 3.178573 -0.244951
v 0.177277 3.368240 -0.209432
v 0.098512 -3.846770 0.319970
v -0.000000 -3.845716 0.335195
v -0.098512 -3.846770 0.319970
v 0.200288 2.945278 0.133119
v 0.196133 3.188089 0.160356
v 0.177277 3.379025 0.168462
v -0.229861 -3.855205 0.198172
v -0.246279 -3.861530 0.106824
v -0.229861 -3.867857 0.015476
v -0.200288 2.945278 0.133119
v -0.196133 3.188089 0.160356
v -0.177277 3.379025 0.168462
v -0.200288 2.938783 -0.264522
v -0.196133 3.178573 -0.244951
v -0.177277 3.368240 -0.209432
v 0.177277 3.532445 -0.097481
v 0.190380 3.559746 0.003250
v 0.177277 3.538743 0.097820
v 0.089409 3.529021 -0.195258
v 0.000000 3.552444 -0.207953
v -0.089409 3.529021 -0.195258
v 0.089409 3.542167 0.195597
v -0.000000 3.567048 0.214452
v -0.089410 3.542167 0.195597
v -0.177277 3.538743 0.097820
v -0.190380 3.559746 0.003249
v -0.177277 3.532445 -0.097481
v 0.180605 -3.747952 -0.098828
v 0.179786 -3.603243 -0.141511
v 0.177330 -3.437455 -0.183315
v 0.164233 -3.036439 -0.242759
v 0.153591 -2.805708 -0.257928
v 0.141313 -2.562887 -0.267276
v 0.146679 -0.074239 -0.169199
v 0.141715 0.174626 -0.151177
v 0.138170 0.423491 -0.139828
v 0.138170 0.921221 -0.150487
v 0.142160 1.170086 -0.171446
v 0.148456 1.418951 -0.196973
v 0.166912 1.916681 -0.244187
v 0.177563 2.166878 -0.260305
v 0.187505 2.419739 -0.269855
v 0.180605 -3.738674 0.229847
v 0.179786 -3.600924 0.187612
v 0.177330 -3.437455 0.147592
v 0.164233 -3.036439 0.074203
v 0.153591 -2.805708 0.040281
v 0.141312 -2.562888 0.007469
v 0.146679 -0.074239 0.117352
v 0.141715 0.174626 0.136511
v 0.138170 0.423491 0.149356
v 0.138170 0.921221 0.143474
v 0.142160 1.170086 0.126514
v 0.148456 1.418951 0.106776
v 0.166912 1.916681 0.078659
v 0.177563 2.167203 0.076499
v 0.187505 2.421038 0.083993
v -0.180605 -3.738674 0.229847
v -0.179786 -3.600924 0.187612
v -0.177331 -3.437455 0.147592
v -0.164233 -3.036439 0.074203
v -0.153591 -2.805708 0.040281
v -0.141313 -2.562888 0.007469
v -0.146679 -0.074239 0.117352
v -0.141715 0.174626 0.136511
v -0.138170 0.423491 0.149356
v -0.138170 0.921221 0.143474
v -0.142160 1.170086 0.126514
v -0.148457 1.418951 0.106776
v -0.166912 1.916681 0.078659
v -0.177563 2.167203 0.076498
v -0.187505 2.421038 0.083993
v -0.180605 -3.747952 -0.098828
v -0.179786 -3.603243 -0.141511
v -0.177330 -3.437455 -0.183315
v -0.164233 -3.036439 -0.242759
v -0.153591 -2.805708 -0.257928
v -0.141313 -2.562888 -0.267276
v -0.146679 -0.074239 -0.169199
v -0.141715 0.174626 -0.151177
v -0.138170 0.423491 -0.139828
v -0.138170 0.921221 -0.150487
v -0.142160 1.170086 -0.171446
v -0.148456 1.418951 -0.196973
v -0.166912 1.916681 -0.244187
v -0.177563 2.166878 -0.260305
v -0.187505 2.419739 -0.269855
v 0.106633 2.676154 -0.322667
v 0.000000 2.676007 -0.339671
v -0.106633 2.676154 -0.322667
v 0.085525 1.667816 -0.265210
v 0.000000 1.667816 -0.279385
v -0.085525 1.667816 -0.265210
v 0.074592 0.672356 -0.178197
v 0.000000 0.672356 -0.191434
v -0.074592 0.672356 -0.178197
v 0.083101 -0.323103 -0.229500
v 0.000000 -0.323103 -0.242482
v -0.083101 -0.323103 -0.229501
v 0.069936 -2.314023 -0.307657
v -0.000000 -2.314023 -0.318972
v -0.069936 -2.314023 -0.307657
v 0.094047 -3.249036 -0.263674
v 0.000000 -3.249036 -0.278612
v -0.094047 -3.249036 -0.263674
v -0.219442 -3.249036 0.035096
v -0.235117 -3.249036 -0.054535
v -0.219442 -3.249036 -0.144166
v -0.163183 -2.314023 -0.081362
v -0.174839 -2.314023 -0.149251
v -0.163183 -2.314023 -0.217139
v -0.193902 -0.323103 0.030128
v -0.207752 -0.323103 -0.047760
v -0.193902 -0.323103 -0.125649
v -0.174048 0.672356 0.086544
v -0.186480 0.672356 0.007122
v -0.174048 0.672356 -0.072301
v -0.199558 1.667816 0.018304
v -0.213812 1.667816 -0.066750
v -0.199558 1.667816 -0.151804
v -0.248811 2.679106 0.017415
v -0.266583 2.678221 -0.084609
v -0.248811 2.677335 -0.186634
v 0.094047 -3.249036 0.154604
v -0.000000 -3.249036 0.169542
v -0.094047 -3.249036 0.154603
v 0.069935 -2.314023 0.009156
v -0.000000 -2.314023 0.020470
v -0.069936 -2.314023 0.009156
v 0.083101 -0.323103 0.133980
v -0.000000 -0.323103 0.146962
v -0.083101 -0.323103 0.133980
v 0.074592 0.672356 0.192440
v -0.000000 0.672356 0.205677
v -0.074592 0.672356 0.192440
v 0.085525 1.667816 0.131709
v -0.000000 1.667816 0.145885
v -0.085525 1.667816 0.131709
v 0.106633 2.680287 0.153448
v -0.000000 2.680435 0.170452
v -0.106633 2.680287 0.153448
v 0.219442 -3.249036 -0.144166
v 0.235117 -3.249036 -0.054535
v 0.219442 -3.249036 0.035096
v 0.163183 -2.314023 -0.217139
v 0.174839 -2.314023 -0.149251
v 0.163183 -2.314023 -0.081362
v 0.193902 -0.323103 -0.125649
v 0.207752 -0.323103 -0.047760
v 0.193902 -0.323103 0.030129
v 0.174048 0.672356 -0.072300
v 0.186480 0.672356 0.007122
v 0.174048 0.672356 0.086544
v 0.199558 1.667816 -0.151804
v 0.213812 1.667816 -0.066750
v 0.199558 1.667816 0.018304
v 0.248811 2.677335 -0.186634
v 0.266583 2.678221 -0.084609
v 0.248811 2.679106 0.017415
v 0.229861 -4.196580 0.107323
v 0.246279 -4.170939 0.216060
v 0.229861 -4.145298 0.324797
v 0.098512 -4.230768 -0.037660
v 0.000000 -4.235042 -0.055783
v -0.098512 -4.230768 -0.037660
v 0.098512 -4.111110 0.469780
v -0.000000 -4.106836 0.487903
v -0.098512 -4.111110 0.469780
v -0.229861 -4.145298 0.324797
v -0.246279 -4.170939 0.216060
v -0.229861 -4.196580 0.107323
v 0.180605 -3.933931 0.320956
v 0.180605 -4.000826 0.363948
v 0.180605 -4.060773 0.397393
v 0.180605 -4.150338 0.003979
v 0.180605 -4.071928 -0.011591
v 0.180605 -3.980323 -0.032351
v -0.180605 -3.980322 -0.032351
v -0.180605 -4.071928 -0.011591
v -0.180605 -4.150338 0.003979
v -0.180605 -4.060773 0.397393
v -0.180605 -4.000826 0.363948
v -0.180605 -3.933932 0.320956
v 0.157345 -4.395976 0.134635
v 0.168975 -4.399992 0.204279
v 0.157345 -4.391332 0.276026
v 0.079357 -4.395085 0.068126
v 0.000000 -4.399199 0.059113
v -0.079357 -4.395086 0.068126
v 0.079357 -4.392222 0.342536
v -0.000000 -4.400785 0.349445
v -0.079357 -4.392222 0.342536
v -0.157345 -4.391332 0.276026
v -0.168975 -4.399992 0.204279
v -0.157345 -4.395976 0.134635
v -0.180605 -4.200453 0.412123
v -0.174790 -4.276534 0.392174
v -0.157345 -4.338361 0.360211
v 0.157345 -4.338361 0.360211
v 0.174790 -4.276534 0.392174
v 0.180605 -4.200454 0.412123
v 0.157345 -4.363943 0.064554
v 0.174790 -4.326347 0.043841
v 0.180605 -4.277150 0.028944
v -0.180605 -4.277150 0.028944
v -0.174790 -4.326347 0.043841
v -0.157345 -4.363944 0.064554
v 0.165614 -2.008422 -0.304490
v 0.167079 -1.801924 -0.300821
v 0.168568 -1.567178 -0.294235
v 0.174796 -1.069468 -0.272953
v 0.178959 -0.834653 -0.259519
v 0.181995 -0.627889 -0.245689
v 0.166002 -2.011651 0.029354
v 0.167391 -1.805406 0.040965
v 0.168768 -1.570927 0.054369
v 0.174643 -1.073727 0.084740
v 0.178591 -0.839114 0.099434
v 0.181428 -0.632486 0.111375
v -0.166485 -2.011651 0.029354
v -0.167512 -1.805406 0.040965
v -0.168768 -1.570927 0.054369
v -0.174643 -1.073727 0.084740
v -0.178591 -0.839113 0.099434
v -0.181428 -0.632485 0.111374
v -0.166096 -2.008422 -0.304490
v -0.167200 -1.801924 -0.300821
v -0.168568 -1.567178 -0.294235
v -0.174796 -1.069468 -0.272953
v -0.178959 -0.834653 -0.259519
v -0.181995 -0.627889 -0.245689
v 0.099608 -0.462561 -0.280469
v 0.000000 -0.462350 -0.296438
v -0.099608 -0.462561 -0.280469
v 0.093202 -1.317768 -0.333165
v 0.000000 -1.317585 -0.349256
v -0.093202 -1.317768 -0.333165
v 0.088815 -2.172130 -0.349411
v -0.000603 -2.171992 -0.364187
v -0.090021 -2.172130 -0.349411
v -0.209729 -2.174867 -0.053889
v -0.224511 -2.174046 -0.142546
v -0.209439 -2.173224 -0.231202
v -0.217524 -1.321417 -0.011344
v -0.233045 -1.320322 -0.107890
v -0.217493 -1.319228 -0.204437
v -0.231620 -0.466781 0.038900
v -0.248421 -0.465515 -0.056911
v -0.232100 -0.464249 -0.152722
v 0.089105 -2.175961 0.064319
v -0.000604 -2.176098 0.079095
v -0.090312 -2.175961 0.064319
v 0.093233 -1.322876 0.117385
v -0.000000 -1.323059 0.133476
v -0.093233 -1.322876 0.117385
v 0.099129 -0.468470 0.166648
v -0.000000 -0.468681 0.182617
v -0.099129 -0.468470 0.166648
v 0.208232 -2.173224 -0.231202
v 0.223304 -2.174046 -0.142546
v 0.208522 -2.174867 -0.053889
v 0.217493 -1.319228 -0.204437
v 0.233044 -1.320322 -0.107890
v 0.217524 -1.321417 -0.011344
v 0.232100 -0.464249 -0.152721
v 0.248421 -0.465515 -0.056911
v 0.231620 -0.466781 0.038900
v 0.084975 -0.224517 -0.233684
v 0.000000 -0.224336 -0.247043
v -0.084975 -0.224517 -0.233684
v -0.197451 -0.228143 0.033487
v -0.211819 -0.227055 -0.046664
v -0.197945 -0.225968 -0.126816
v 0.084481 -0.229593 0.140356
v -0.000000 -0.229775 0.153715
v -0.084481 -0.229593 0.140356
v 0.197945 -0.225968 -0.126815
v 0.211819 -0.227055 -0.046664
v 0.197451 -0.228143 0.033487
v -0.164044 -0.253762 0.108890
v -0.172177 -0.292469 0.115903
v -0.178417 -0.359162 0.119720
v 0.178417 -0.359162 0.119720
v 0.172177 -0.292469 0.115903
v 0.164044 -0.253762 0.108891
v 0.164828 -0.249540 -0.202219
v 0.172985 -0.288041 -0.211280
v 0.179210 -0.354585 -0.221245
v -0.179210 -0.354585 -0.221245
v -0.172986 -0.288041 -0.211280
v -0.164828 -0.249540 -0.202219
v 0.076055 -2.404830 -0.322167
v -0.003862 -2.404715 -0.335166
v -0.083779 -2.404830 -0.322167
v -0.190819 -2.407125 -0.062193
v -0.204018 -2.406436 -0.140186
v -0.190529 -2.405747 -0.218178
v 0.076345 -2.408043 0.041796
v -0.003862 -2.408158 0.054795
v -0.084070 -2.408043 0.041796
v 0.182804 -2.405747 -0.218178
v 0.196293 -2.406436 -0.140185
v 0.183095 -2.407125 -0.062193
v 0.149299 -2.384949 0.005409
v 0.155064 -2.348085 0.008694
v 0.160035 -2.282990 0.013329
v -0.162449 -2.282990 0.013329
v -0.159047 -2.348085 0.008694
v -0.155092 -2.384949 0.005409
v -0.154641 -2.382336 -0.290672
v -0.158587 -2.345369 -0.297364
v -0.161991 -2.280146 -0.302437
v 0.159578 -2.280146 -0.302437
v 0.154604 -2.345369 -0.297364
v 0.148848 -2.382336 -0.290672
v 0.112608 2.186447 1.371663
v 0.103069 3.586817 1.591971
v 0.130518 2.922379 0.120054
v 0.112608 3.454292 0.160685
v 0.088193 2.430364 0.999994
v 0.112608 2.965671 0.430348
v 0.112608 3.457020 0.436730
v 0.112608 3.464274 0.993144
v 0.103069 1.729892 0.950893
v 0.103069 1.939696 0.874956
v 0.106783 2.803616 0.706093
v 0.112608 3.450443 0.693837
v 0.148446 3.201390 0.207556
v 0.112608 2.854774 1.632568
v 0.129332 3.187787 0.435625
v 0.123508 2.869107 1.014734
v 0.128009 3.081578 0.698355
v 0.130518 2.946826 -0.210010
v 0.112608 3.433925 -0.147909
v 0.148446 3.203297 -0.221171
v 0.112608 3.059752 -0.402030
v 0.112608 3.413838 -0.365657
v 0.129332 3.209942 -0.383824
v 0.117880 3.012764 -0.532304
v 0.112608 3.406820 -0.533007
v 0.129332 3.211725 -0.544216
v 0.112608 3.006187 -0.845299
v 0.129332 3.011347 -0.684793
v 0.112608 3.422076 -0.690987
v 0.103069 2.707207 -0.618070
v 0.129332 3.210702 -0.702564
v 0.103069 3.502963 -0.827544
v 0.112608 3.219469 -0.862149
v 0.112608 2.894772 -0.588294
v 0.112608 2.886402 -0.815182
v 0.129332 2.891562 -0.682261
v 0.103069 2.699281 -0.739122
v 0.112608 2.701381 -0.674275
v 0.132772 3.435677 0.165466
v 0.112608 3.436367 1.608762
v 0.129332 3.399179 0.436748
v 0.129332 3.329000 0.996381
v 0.129332 3.369621 0.694595
v 0.132772 3.417094 -0.162647
v 0.129332 3.368952 -0.369366
v 0.129332 3.364657 -0.536717
v 0.129332 3.372165 -0.693658
v 0.112608 3.443936 -0.832242
v 0.035537 3.458643 0.160731
v 0.035537 2.155046 1.485639
v 0.035537 2.953454 0.118220
v 0.035537 3.597980 1.700386
v 0.035537 3.461654 0.436730
v 0.035537 3.477679 1.008652
v 0.035537 2.923697 0.429117
v 0.029712 2.412323 0.947744
v 0.035537 1.586069 0.972436
v 0.035537 1.931197 0.868523
v 0.034213 2.752316 0.707625
v 0.035537 3.456910 0.693736
v 0.035537 2.854890 1.764366
v 0.035537 3.437919 -0.147658
v 0.035537 2.983144 -0.198042
v 0.035537 3.417433 -0.365360
v 0.035537 3.032223 -0.405622
v 0.035537 3.417188 -0.532710
v 0.035537 2.988830 -0.510922
v 0.035537 3.456831 -0.699665
v 0.035537 3.508162 -0.892447
v 0.035537 3.005991 -0.925782
v 0.035537 3.219870 -0.942528
v 0.035537 2.895354 -0.570094
v 0.035537 2.886206 -0.894794
v 0.035537 2.704591 -0.610821
v 0.035537 2.696211 -0.683012
v 0.035537 2.696221 -0.801752
v 0.035537 3.447038 -0.911720
v 0.035537 3.438969 1.740597
v 0.112608 1.840592 1.045989
v 0.106783 2.053140 0.911098
v 0.034213 2.081175 0.890335
v 0.035537 1.701654 1.095857
v 0.112608 3.562934 1.439773
v 0.123508 2.239170 1.267277
v 0.112608 1.800360 0.923578
v 0.128009 2.846048 1.465022
v 0.129332 3.405267 1.441407
v 0.035537 1.664134 0.936118
v 0.035537 3.587016 1.528283
v 0.128009 1.923865 1.004776
v 0.112608 2.746660 -0.753125
v 0.129332 2.751820 -0.675338
v 0.112608 2.755030 -0.606757
v 0.035537 2.755611 -0.592676
v 0.035537 2.746464 -0.830550
v 0.129332 3.007702 -0.789139
v 0.129332 3.216375 -0.806799
v 0.112608 3.478788 -0.786052
v 0.129332 2.887918 -0.765744
v 0.112608 2.697736 -0.715185
v 0.129332 3.419989 -0.783843
v 0.035537 2.692567 -0.765066
v 0.035537 3.490489 -0.836925
v 0.129332 2.748175 -0.720571
v 0.311530 3.201459 0.109539
v 0.311530 2.894198 0.069169
v 0.305206 3.373602 0.087745
v 0.311530 3.201764 -0.134087
v 0.311530 2.908708 -0.167943
v 0.305206 3.365975 -0.090049
v 0.153258 2.349079 -0.200149
v 0.153258 2.332555 0.025933
v 0.309983 2.349079 -0.200149
v 0.309983 2.332555 0.025933
v 0.165040 1.823744 -0.178837
v 0.165040 1.812187 -0.005115
v 0.293782 1.823744 -0.178837
v 0.293782 1.812187 -0.005115
v 0.142067 1.596491 -0.137703
v 0.142067 1.593363 -0.045183
v 0.251523 1.596491 -0.137703
v 0.251523 1.593363 -0.045183
v 0.243632 3.201833 -0.189457
v 0.243632 2.912005 -0.221833
v 0.237819 3.433228 0.134293
v 0.237819 3.418107 -0.137809
v 0.243632 2.890900 0.123058
v 0.243632 3.201390 0.164908
v 0.244732 2.352834 -0.251532
v 0.244732 2.328800 0.077316
v 0.240182 1.826371 -0.218319
v 0.240182 1.809561 0.034368
v 0.199960 1.576343 -0.150056
v 0.199960 1.573410 -0.032830
v 0.100511 3.599375 -0.098658
v 0.100511 3.610718 0.076575
v 0.162806 3.599375 -0.098658
v 0.162806 3.610718 0.076575
v -0.112608 2.186447 1.371663
v -0.103069 3.586817 1.591971
v -0.130518 2.922379 0.120054
v -0.112608 3.454292 0.160685
v 0.000000 2.953454 0.118220
v 0.000000 3.458643 0.160731
v 0.000000 2.146071 1.525491
v 0.000000 3.598592 1.744044
v -0.088193 2.430364 0.999994
v -0.112608 2.965671 0.430348
v -0.112608 3.457020 0.436730
v -0.112608 3.464274 0.993144
v 0.000000 3.461654 0.436730
v 0.000000 3.478267 1.014630
v 0.000000 2.923694 0.429102
v 0.000000 2.412320 0.947729
v -0.103069 1.729892 0.950893
v 0.000000 1.533073 0.984502
v -0.103069 1.939696 0.874956
v -0.000000 1.923359 0.870050
v -0.106783 2.803616 0.706093
v -0.112608 3.450443 0.693837
v 0.000000 3.456907 0.693718
v 0.000000 2.752304 0.707560
v -0.148446 3.201390 0.207556
v -0.112608 2.854774 1.632568
v 0.000000 2.854721 1.808890
v -0.129332 3.187787 0.435625
v -0.123508 2.869107 1.014734
v -0.128009 3.081578 0.698355
v -0.130518 2.946826 -0.210010
v -0.112608 3.433925 -0.147909
v 0.000000 2.983144 -0.198042
v 0.000000 3.437919 -0.147658
v -0.148446 3.203297 -0.221171
v -0.112608 3.059752 -0.402030
v -0.112608 3.413838 -0.365657
v 0.000000 3.032223 -0.405622
v 0.000000 3.417433 -0.365360
v -0.129332 3.209942 -0.383824
v -0.117880 3.012764 -0.532304
v -0.112608 3.406820 -0.533007
v 0.000000 2.988830 -0.510922
v 0.000000 3.418806 -0.532710
v -0.129332 3.211725 -0.544216
v -0.112608 3.006187 -0.845299
v -0.129332 3.011347 -0.684793
v -0.112608 3.422076 -0.690987
v -0.103069 2.707207 -0.618070
v 0.000000 3.463950 -0.701723
v -0.129332 3.210702 -0.702564
v -0.103069 3.502963 -0.827544
v 0.000000 3.005991 -0.942925
v 0.000000 3.508162 -0.908970
v -0.112608 3.219469 -0.862149
v 0.000000 3.219870 -0.959671
v -0.112608 2.894772 -0.588294
v 0.000000 2.895354 -0.570094
v -0.112608 2.886402 -0.815182
v -0.129332 2.891562 -0.682261
v 0.000000 2.886206 -0.911937
v 0.000000 2.704591 -0.610821
v -0.103069 2.699281 -0.739122
v -0.112608 2.701381 -0.674275
v 0.000000 2.696211 -0.685070
v 0.000000 2.696221 -0.818275
v -0.132772 3.435677 0.165466
v -0.112608 3.436367 1.608762
v 0.000000 3.438978 1.785152
v -0.129332 3.399179 0.436748
v -0.129332 3.329000 0.996381
v -0.129332 3.369621 0.694595
v -0.132772 3.417094 -0.162647
v -0.129332 3.368952 -0.369366
v -0.129332 3.364657 -0.536717
v -0.129332 3.372165 -0.693658
v -0.112608 3.443936 -0.832242
v 0.000000 3.447038 -0.928863
v -0.035537 3.458643 0.160731
v -0.035537 2.155046 1.485639
v -0.035537 2.953454 0.118220
v -0.035537 3.597980 1.700386
v -0.035537 3.461654 0.436730
v -0.035537 3.477679 1.008652
v -0.035537 2.923697 0.429117
v -0.029712 2.412323 0.947744
v -0.035537 1.586069 0.972436
v -0.035537 1.931197 0.868523
v -0.034213 2.752316 0.707625
v -0.035537 3.456910 0.693736
v -0.035537 2.854890 1.764366
v -0.035537 3.437919 -0.147658
v -0.035537 2.983144 -0.198042
v -0.035537 3.417433 -0.365360
v -0.035537 3.032223 -0.405622
v -0.035537 3.417188 -0.532710
v -0.035537 2.988830 -0.510922
v -0.035537 3.456831 -0.699665
v -0.035537 3.508162 -0.892447
v -0.035537 3.005991 -0.925782
v -0.035537 3.219870 -0.942528
v -0.035537 2.895354 -0.570094
v -0.035537 2.886206 -0.894794
v -0.035537 2.704591 -0.610821
v -0.035537 2.696211 -0.683012
v -0.035537 2.696221 -0.801752
v -0.035537 3.447038 -0.911720
v -0.035537 3.438969 1.740597
v 0.000000 1.656897 1.114681
v -0.112608 1.840592 1.045989
v -0.106783 2.053140 0.911098
v -0.000000 2.081175 0.890335
v -0.034213 2.081175 0.890335
v -0.035537 1.701654 1.095857
v -0.112608 3.562934 1.439773
v 0.000000 3.589667 1.561882
v -0.123508 2.239170 1.267277
v 0.000000 1.621255 0.944719
v -0.112608 1.800360 0.923578
v -0.128009 2.846048 1.465022
v -0.129332 3.405267 1.441407
v -0.035537 1.664134 0.936118
v -0.035537 3.587016 1.528283
v -0.128009 1.923865 1.004776
v -0.112608 2.746660 -0.753125
v 0.000000 2.755611 -0.592676
v 0.000000 2.746464 -0.847693
v -0.129332 2.751820 -0.675338
v -0.112608 2.755030 -0.606757
v -0.035537 2.755611 -0.592676
v -0.035537 2.746464 -0.830550
v -0.129332 3.007702 -0.789139
v -0.129332 3.216375 -0.806799
v -0.112608 3.478788 -0.786052
v 0.000000 3.492107 -0.848660
v -0.129332 2.887918 -0.765744
v -0.112608 2.697736 -0.715185
v 0.000000 2.692567 -0.776801
v -0.129332 3.419989 -0.783843
v -0.035537 2.692567 -0.765066
v -0.035537 3.490489 -0.836925
v -0.129332 2.748175 -0.720571
v -0.311530 3.201459 0.109539
v -0.311530 2.894198 0.069169
v -0.305206 3.373602 0.087745
v -0.311530 3.201764 -0.134087
v -0.311530 2.908708 -0.167943
v -0.305206 3.365975 -0.090049
v -0.153258 2.349079 -0.200149
v -0.153258 2.332555 0.025933
v -0.309983 2.349079 -0.200149
v -0.309983 2.332556 0.025933
v -0.165040 1.823744 -0.178837
v -0.165040 1.812187 -0.005115
v -0.293782 1.823744 -0.178837
v -0.293782 1.812187 -0.005115
v -0.142067 1.596491 -0.137703
v -0.142067 1.593363 -0.045183
v -0.251523 1.596491 -0.137703
v -0.251523 1.593363 -0.045183
v -0.243632 3.201833 -0.189457
v -0.243632 2.912005 -0.221833
v -0.237819 3.433228 0.134293
v -0.237819 3.418107 -0.137809
v -0.243632 2.890900 0.123058
v -0.243632 3.201390 0.164908
v -0.244732 2.352834 -0.251532
v -0.244732 2.328800 0.077316
v -0.240182 1.826371 -0.218319
v -0.240182 1.809561 0.034368
v -0.199960 1.576343 -0.150056
v -0.199960 1.573410 -0.032830
v -0.100511 3.599375 -0.098658
v -0.100511 3.610718 0.076575
v -0.162806 3.599375 -0.098658
v -0.162806 3.610718 0.076575
v 0.180605 -3.873128 -0.060647
v 0.180605 -3.849933 0.274296
v -0.180605 -3.849933 0.274296
v -0.180605 -3.873128 -0.060647
v 0.150729 3.481480 -0.169978
v 0.150728 3.491837 0.157835
v -0.150729 3.491837 0.157835
v -0.150729 3.481480 -0.169978
v 0.172419 -3.249036 -0.218858
v 0.128215 -2.314023 -0.273713
v 0.152351 -0.323103 -0.190556
v 0.136752 0.672356 -0.138486
v 0.156795 1.667816 -0.222683
v 0.195494 2.676597 -0.271654
v 0.172419 -3.249036 0.109788
v 0.128215 -2.314023 -0.024789
v 0.152351 -0.323103 0.095036
v 0.136752 0.672356 0.152729
v 0.156795 1.667816 0.089182
v 0.195494 2.679844 0.102436
v -0.172419 -3.249036 0.109788
v -0.128215 -2.314023 -0.024789
v -0.152351 -0.323103 0.095036
v -0.136752 0.672356 0.152729
v -0.156795 1.667816 0.089182
v -0.195494 2.679844 0.102436
v -0.172419 -3.249036 -0.218859
v -0.128215 -2.314023 -0.273713
v -0.152351 -0.323103 -0.190556
v -0.136752 0.672356 -0.138486
v -0.156795 1.667816 -0.222683
v -0.195494 2.676597 -0.271654
v 0.180605 -4.217947 0.016708
v 0.180605 -4.123930 0.415411
v -0.180605 -4.123930 0.415411
v -0.180605 -4.217947 0.016708
v 0.133781 -4.385981 0.087109
v 0.133781 -4.375644 0.327814
v -0.133781 -4.375644 0.327814
v -0.133781 -4.385981 0.087109
v 0.163378 -2.172540 -0.305082
v 0.170876 -1.318316 -0.284892
v 0.182535 -0.463194 -0.232564
v 0.163813 -2.175551 0.019991
v 0.170922 -1.322329 0.069112
v 0.181816 -0.467837 0.118743
v -0.165020 -2.175551 0.019991
v -0.170923 -1.322329 0.069112
v -0.181816 -0.467837 0.118743
v -0.164585 -2.172540 -0.305083
v -0.170876 -1.318316 -0.284892
v -0.182535 -0.463194 -0.232564
v 0.155705 -0.225061 -0.193608
v 0.154963 -0.229050 0.100280
v -0.154964 -0.229050 0.100280
v -0.155705 -0.225061 -0.193608
v 0.142701 -2.405174 -0.283171
v 0.143136 -2.407699 0.002800
v -0.150861 -2.407699 0.002800
v -0.150425 -2.405174 -0.283171
vt 0.903569 0.721041
vt 0.903569 0.732667
vt 0.902200 0.732667
vt 0.902200 0.721041
vt 0.900260 0.732667
vt 0.900260 0.721041
vt 0.903569 0.744083
vt 0.902200 0.744083
vt 0.900260 0.744083
vt 0.902200 0.709699
vt 0.903569 0.709699
vt 0.902200 0.699132
vt 0.903569 0.699132
vt 0.900260 0.709699
vt 0.900260 0.699132
vt 0.904559 0.709699
vt 0.904559 0.721041
vt 0.905359 0.709699
vt 0.905359 0.721041
vt 0.904559 0.699132
vt 0.905359 0.699132
vt 0.904559 0.732667
vt 0.904559 0.744083
vt 0.905359 0.732667
vt 0.905359 0.744083
vt 0.589955 0.366277
vt 0.583177 0.367087
vt 0.582051 0.360767
vt 0.588786 0.360009
vt 0.580233 0.351288
vt 0.586899 0.350619
vt 0.572529 0.368337
vt 0.571471 0.361934
vt 0.569760 0.352315
vt 0.592957 0.359524
vt 0.594154 0.365760
vt 0.595847 0.359176
vt 0.597062 0.365390
vt 0.591028 0.350189
vt 0.593889 0.349879
vt 0.594795 0.370217
vt 0.590581 0.370749
vt 0.595059 0.374214
vt 0.590836 0.374752
vt 0.597715 0.369837
vt 0.597985 0.373831
vt 0.583777 0.371585
vt 0.573089 0.372876
vt 0.584019 0.375599
vt 0.573310 0.376908
vt 0.308388 0.280513
vt 0.310896 0.279904
vt 0.316116 0.285500
vt 0.313734 0.286208
vt 0.324077 0.294107
vt 0.321929 0.294980
vt 0.314610 0.279093
vt 0.319668 0.284554
vt 0.327298 0.292927
vt 0.312132 0.286757
vt 0.306685 0.280987
vt 0.310921 0.287226
vt 0.305384 0.281394
vt 0.320497 0.295648
vt 0.319422 0.296213
vt 0.303183 0.277299
vt 0.304942 0.276869
vt 0.300653 0.274651
vt 0.302446 0.274252
vt 0.301824 0.277666
vt 0.299253 0.274989
vt 0.307504 0.276315
vt 0.311268 0.275574
vt 0.305025 0.273730
vt 0.308784 0.273025
vt 0.903569 0.966887
vt 0.902200 0.965029
vt 0.902200 0.957433
vt 0.903569 0.959155
vt 0.902200 0.945726
vt 0.903569 0.947243
vt 0.900260 0.962194
vt 0.900260 0.954805
vt 0.900260 0.943412
vt 0.904559 0.960093
vt 0.904559 0.967898
vt 0.905359 0.960366
vt 0.905359 0.968192
vt 0.904559 0.948070
vt 0.905359 0.948310
vt 0.904559 0.972892
vt 0.903569 0.971833
vt 0.904559 0.976479
vt 0.903569 0.975385
vt 0.905359 0.973199
vt 0.905359 0.976797
vt 0.902200 0.969886
vt 0.900260 0.966915
vt 0.902200 0.973373
vt 0.900260 0.970300
vt 0.590294 0.399470
vt 0.583464 0.400327
vt 0.583548 0.398130
vt 0.590379 0.397273
vt 0.583667 0.395021
vt 0.590498 0.394164
vt 0.572733 0.401654
vt 0.572817 0.399457
vt 0.572937 0.396349
vt 0.594610 0.396730
vt 0.594526 0.398927
vt 0.597541 0.396343
vt 0.597457 0.398540
vt 0.594729 0.393621
vt 0.597661 0.393234
vt 0.594465 0.400516
vt 0.590234 0.401059
vt 0.594416 0.401800
vt 0.590185 0.402344
vt 0.597397 0.400129
vt 0.597348 0.401413
vt 0.583403 0.401916
vt 0.572672 0.403242
vt 0.583354 0.403200
vt 0.572624 0.404526
vt 0.903569 0.764968
vt 0.902200 0.764968
vt 0.902200 0.754797
vt 0.903569 0.754797
vt 0.900260 0.764968
vt 0.900260 0.754797
vt 0.904559 0.754797
vt 0.904559 0.764968
vt 0.905359 0.754797
vt 0.905359 0.764968
vt 0.904559 0.774755
vt 0.903569 0.774755
vt 0.904559 0.784317
vt 0.903569 0.784317
vt 0.905359 0.774755
vt 0.905359 0.784317
vt 0.902200 0.774755
vt 0.900260 0.774755
vt 0.902200 0.784317
vt 0.900260 0.784317
vt 0.903569 0.840964
vt 0.902200 0.840939
vt 0.902200 0.830890
vt 0.903569 0.830888
vt 0.902200 0.821783
vt 0.903569 0.821782
vt 0.900260 0.840901
vt 0.900260 0.830892
vt 0.900260 0.821784
vt 0.904559 0.830887
vt 0.904559 0.840977
vt 0.905359 0.830886
vt 0.905359 0.840981
vt 0.904559 0.821781
vt 0.905359 0.821781
vt 0.904559 0.853153
vt 0.903569 0.853095
vt 0.904559 0.868515
vt 0.903569 0.868369
vt 0.905359 0.853169
vt 0.905359 0.868558
vt 0.902200 0.852989
vt 0.900260 0.852827
vt 0.902200 0.868099
vt 0.900260 0.867687
vt 0.405541 0.769208
vt 0.408810 0.769208
vt 0.408810 0.780208
vt 0.405541 0.780208
vt 0.408810 0.791325
vt 0.405541 0.791325
vt 0.411510 0.769208
vt 0.411510 0.780208
vt 0.411510 0.791325
vt 0.401891 0.780208
vt 0.401891 0.769208
vt 0.398051 0.780208
vt 0.398051 0.769208
vt 0.401891 0.791325
vt 0.398051 0.791325
vt 0.401891 0.758287
vt 0.405541 0.758287
vt 0.401891 0.747406
vt 0.405541 0.747406
vt 0.398051 0.758287
vt 0.398051 0.747406
vt 0.408810 0.758287
vt 0.411510 0.758287
vt 0.408810 0.747406
vt 0.411510 0.747406
vt 0.555649 0.892752
vt 0.558153 0.892752
vt 0.557735 0.906234
vt 0.554959 0.906234
vt 0.557355 0.918395
vt 0.554332 0.918395
vt 0.560264 0.892751
vt 0.560055 0.906234
vt 0.559865 0.918395
vt 0.551879 0.906235
vt 0.552882 0.892752
vt 0.548647 0.906235
vt 0.549985 0.892752
vt 0.550967 0.918395
vt 0.547432 0.918395
vt 0.553703 0.878546
vt 0.556213 0.878546
vt 0.554067 0.864218
vt 0.556463 0.864218
vt 0.551079 0.878547
vt 0.551565 0.864218
vt 0.558495 0.878546
vt 0.560435 0.878546
vt 0.558647 0.864218
vt 0.560511 0.864218
vt 0.581539 0.186795
vt 0.579154 0.186476
vt 0.579351 0.175392
vt 0.581766 0.176395
vt 0.579622 0.164059
vt 0.581890 0.165515
vt 0.575426 0.186205
vt 0.575630 0.174732
vt 0.575419 0.159659
vt 0.583242 0.176757
vt 0.583012 0.186928
vt 0.584250 0.176800
vt 0.584029 0.186968
vt 0.583311 0.166034
vt 0.584309 0.166083
vt 0.582652 0.196707
vt 0.581161 0.196650
vt 0.582192 0.206256
vt 0.580658 0.206198
vt 0.583685 0.196747
vt 0.583255 0.206297
vt 0.578755 0.196559
vt 0.574977 0.196415
vt 0.578183 0.206104
vt 0.574296 0.205957
vt 0.575597 0.262474
vt 0.570971 0.262406
vt 0.572456 0.252627
vt 0.576463 0.252718
vt 0.574103 0.243507
vt 0.577562 0.243607
vt 0.563705 0.262293
vt 0.566162 0.252479
vt 0.568670 0.243350
vt 0.578946 0.252772
vt 0.578463 0.262510
vt 0.580667 0.252807
vt 0.580449 0.262531
vt 0.579706 0.243667
vt 0.581191 0.243709
vt 0.578584 0.273624
vt 0.575339 0.273622
vt 0.579638 0.286856
vt 0.576062 0.286911
vt 0.580833 0.273619
vt 0.582116 0.286809
vt 0.570099 0.273605
vt 0.561869 0.273568
vt 0.570289 0.286983
vt 0.561220 0.287081
vt 0.553705 0.758032
vt 0.556975 0.751587
vt 0.556975 0.755297
vt 0.553705 0.761385
vt 0.556975 0.761028
vt 0.553705 0.766473
vt 0.559675 0.746320
vt 0.559675 0.750326
vt 0.559675 0.756587
vt 0.550056 0.768218
vt 0.550056 0.765262
vt 0.546216 0.775423
vt 0.546216 0.772884
vt 0.550056 0.772585
vt 0.546216 0.779032
vt 0.550056 0.763246
vt 0.553705 0.755835
vt 0.550056 0.761702
vt 0.553705 0.754216
vt 0.546216 0.771059
vt 0.546216 0.769590
vt 0.556975 0.749224
vt 0.559675 0.743816
vt 0.556975 0.747535
vt 0.559675 0.742063
vt 0.344328 0.273212
vt 0.347087 0.272337
vt 0.351073 0.276495
vt 0.348349 0.277566
vt 0.356354 0.282635
vt 0.353657 0.283999
vt 0.350379 0.271000
vt 0.354347 0.274876
vt 0.359694 0.280609
vt 0.345488 0.278387
vt 0.341399 0.273880
vt 0.341806 0.279257
vt 0.337598 0.274598
vt 0.350935 0.285067
vt 0.347525 0.286200
vt 0.338215 0.270823
vt 0.341165 0.270244
vt 0.335484 0.268490
vt 0.338431 0.267970
vt 0.334398 0.271463
vt 0.331703 0.269090
vt 0.343964 0.269500
vt 0.347330 0.268362
vt 0.341273 0.267323
vt 0.344740 0.266343
vt 0.553768 0.807464
vt 0.557013 0.807364
vt 0.557127 0.811790
vt 0.553956 0.811790
vt 0.557355 0.817702
vt 0.554332 0.817702
vt 0.559694 0.807283
vt 0.559751 0.811790
vt 0.559865 0.817702
vt 0.550420 0.811790
vt 0.550147 0.807576
vt 0.546702 0.811790
vt 0.546338 0.807695
vt 0.550968 0.817702
vt 0.547432 0.817702
vt 0.550056 0.803871
vt 0.553705 0.803422
vt 0.550056 0.799484
vt 0.553705 0.798360
vt 0.546216 0.804345
vt 0.546216 0.800669
vt 0.556975 0.803022
vt 0.559675 0.802696
vt 0.556975 0.797360
vt 0.559675 0.796545
vt 0.579348 0.225077
vt 0.576573 0.224976
vt 0.577468 0.215579
vt 0.580057 0.215677
vt 0.572214 0.224819
vt 0.573401 0.215427
vt 0.581662 0.215737
vt 0.581068 0.225140
vt 0.582775 0.215780
vt 0.582261 0.225184
vt 0.580415 0.234453
vt 0.578520 0.234390
vt 0.581728 0.234497
vt 0.575463 0.234288
vt 0.570662 0.234128
vt 0.553768 0.937431
vt 0.557013 0.937431
vt 0.556975 0.945267
vt 0.553705 0.945267
vt 0.556975 0.952623
vt 0.553705 0.952623
vt 0.559694 0.937431
vt 0.559675 0.945267
vt 0.559675 0.952623
vt 0.550056 0.945267
vt 0.550147 0.937431
vt 0.546216 0.945267
vt 0.546338 0.937431
vt 0.550056 0.952623
vt 0.546216 0.952623
vt 0.550420 0.928634
vt 0.553956 0.928634
vt 0.546702 0.928634
vt 0.557127 0.928633
vt 0.559751 0.928633
vt 0.903569 0.803232
vt 0.902200 0.803232
vt 0.902200 0.793813
vt 0.903569 0.793813
vt 0.900260 0.803232
vt 0.900260 0.793813
vt 0.904559 0.793813
vt 0.904559 0.803232
vt 0.905359 0.793813
vt 0.905359 0.803232
vt 0.904559 0.812558
vt 0.903569 0.812559
vt 0.905359 0.812558
vt 0.902200 0.812559
vt 0.900260 0.812559
vt 0.517628 0.222865
vt 0.507062 0.222489
vt 0.512147 0.212810
vt 0.522151 0.213287
vt 0.515778 0.202894
vt 0.525332 0.203522
vt 0.496433 0.222111
vt 0.502076 0.212323
vt 0.506160 0.202246
vt 0.532019 0.213745
vt 0.528071 0.223237
vt 0.541685 0.214175
vt 0.538327 0.223603
vt 0.534758 0.204109
vt 0.543991 0.204636
vt 0.522646 0.232676
vt 0.511539 0.232402
vt 0.515480 0.242156
vt 0.503657 0.242044
vt 0.533640 0.232969
vt 0.527347 0.242323
vt 0.500356 0.232139
vt 0.489135 0.231882
vt 0.491864 0.241969
vt 0.480084 0.241913
vt 0.482858 0.262294
vt 0.469791 0.262359
vt 0.481419 0.252187
vt 0.493758 0.251938
vt 0.456902 0.262343
vt 0.469186 0.252475
vt 0.506306 0.251767
vt 0.496282 0.262066
vt 0.519171 0.251713
vt 0.510295 0.261854
vt 0.486563 0.273612
vt 0.471976 0.273323
vt 0.478308 0.286960
vt 0.462298 0.285715
vt 0.501902 0.273462
vt 0.495175 0.287251
vt 0.457745 0.272052
vt 0.443694 0.270290
vt 0.446728 0.282751
vt 0.430024 0.275089
vt 0.528626 0.183076
vt 0.519494 0.181840
vt 0.520224 0.170923
vt 0.529296 0.172562
vt 0.520631 0.159896
vt 0.529688 0.161964
vt 0.510302 0.180542
vt 0.511092 0.169196
vt 0.511517 0.157710
vt 0.538252 0.174023
vt 0.537638 0.184189
vt 0.547032 0.175220
vt 0.546471 0.185118
vt 0.538630 0.163798
vt 0.547399 0.165282
vt 0.536552 0.194238
vt 0.527397 0.193424
vt 0.545522 0.194937
vt 0.518119 0.192534
vt 0.508779 0.191605
vt 0.437386 0.384881
vt 0.412408 0.371965
vt 0.412673 0.369868
vt 0.437531 0.382711
vt 0.413080 0.366901
vt 0.437754 0.379639
vt 0.388958 0.356889
vt 0.389454 0.354936
vt 0.390210 0.352181
vt 0.463218 0.392862
vt 0.463119 0.395056
vt 0.488924 0.399718
vt 0.488833 0.401912
vt 0.463368 0.389755
vt 0.489059 0.396610
vt 0.463053 0.396642
vt 0.437292 0.386449
vt 0.463004 0.397922
vt 0.437224 0.387717
vt 0.488769 0.403498
vt 0.488720 0.404779
vt 0.412237 0.373483
vt 0.388636 0.358307
vt 0.412113 0.374712
vt 0.388402 0.359457
vt 0.440368 0.353127
vt 0.417695 0.341939
vt 0.419364 0.337472
vt 0.441427 0.347895
vt 0.422052 0.330973
vt 0.443164 0.340174
vt 0.397927 0.329551
vt 0.400098 0.325867
vt 0.403490 0.320581
vt 0.465214 0.356409
vt 0.464786 0.362304
vt 0.489655 0.362287
vt 0.489785 0.368661
vt 0.465928 0.347607
vt 0.489446 0.352694
vt 0.464531 0.366562
vt 0.439753 0.357016
vt 0.464339 0.370453
vt 0.439344 0.360712
vt 0.489831 0.373176
vt 0.489788 0.377189
vt 0.416682 0.345378
vt 0.396506 0.332488
vt 0.415965 0.348793
vt 0.395363 0.335528
vt 0.581837 0.142841
vt 0.581961 0.154225
vt 0.580244 0.153231
vt 0.580530 0.142690
vt 0.578283 0.151927
vt 0.579107 0.142513
vt 0.579789 0.132217
vt 0.581377 0.131684
vt 0.578764 0.121984
vt 0.580797 0.121169
vt 0.577985 0.132955
vt 0.575010 0.124790
vt 0.582532 0.131562
vt 0.582914 0.142939
vt 0.583471 0.131645
vt 0.583876 0.143011
vt 0.582084 0.120960
vt 0.582998 0.121054
vt 0.583188 0.154595
vt 0.584170 0.154655
vt 0.289731 0.489790
vt 0.289731 0.502329
vt 0.287186 0.502329
vt 0.287186 0.489790
vt 0.284640 0.502329
vt 0.284640 0.489790
vt 0.289731 0.514868
vt 0.287186 0.514868
vt 0.284640 0.514868
vt 0.287186 0.477251
vt 0.289731 0.477251
vt 0.287186 0.464712
vt 0.289731 0.464712
vt 0.284640 0.477251
vt 0.284640 0.464712
vt 0.292277 0.477251
vt 0.292277 0.489790
vt 0.294822 0.477251
vt 0.294822 0.489790
vt 0.292277 0.464712
vt 0.294822 0.464712
vt 0.292277 0.502329
vt 0.292277 0.514868
vt 0.294822 0.502329
vt 0.294822 0.514868
vt 0.405541 0.813650
vt 0.405541 0.802599
vt 0.408810 0.802599
vt 0.408810 0.813650
vt 0.411510 0.802599
vt 0.411510 0.813650
vt 0.408810 0.824099
vt 0.405541 0.824099
vt 0.408810 0.833566
vt 0.405541 0.833565
vt 0.411510 0.824099
vt 0.411510 0.833566
vt 0.401891 0.824099
vt 0.401891 0.813650
vt 0.398051 0.824099
vt 0.398051 0.813650
vt 0.401891 0.833566
vt 0.398051 0.833566
vt 0.401891 0.802599
vt 0.398051 0.802599
vt 0.414820 0.868992
vt 0.413450 0.868992
vt 0.413450 0.864643
vt 0.414820 0.864643
vt 0.413450 0.859899
vt 0.414820 0.859899
vt 0.411510 0.868992
vt 0.411510 0.864643
vt 0.411510 0.859899
vt 0.415809 0.864643
vt 0.415809 0.868992
vt 0.416609 0.864643
vt 0.416609 0.868992
vt 0.415809 0.859899
vt 0.416609 0.859899
vt 0.415809 0.873079
vt 0.414820 0.873079
vt 0.415809 0.877033
vt 0.414820 0.877033
vt 0.416609 0.873079
vt 0.416609 0.877033
vt 0.413450 0.873079
vt 0.411510 0.873079
vt 0.413450 0.877033
vt 0.411510 0.877033
vt 0.564831 0.074733
vt 0.570118 0.075370
vt 0.569936 0.081466
vt 0.564537 0.080797
vt 0.569840 0.087838
vt 0.564307 0.087141
vt 0.574334 0.075907
vt 0.574273 0.082008
vt 0.574303 0.088385
vt 0.558429 0.080050
vt 0.558779 0.074072
vt 0.551963 0.079277
vt 0.552267 0.073463
vt 0.558092 0.086322
vt 0.551580 0.085408
vt 0.559113 0.068230
vt 0.565142 0.068807
vt 0.559402 0.062369
vt 0.565425 0.062877
vt 0.552509 0.067784
vt 0.552700 0.062058
vt 0.570340 0.069413
vt 0.574451 0.069946
vt 0.570558 0.063457
vt 0.574588 0.063988
vt 0.564142 0.101091
vt 0.569983 0.102113
vt 0.570122 0.110587
vt 0.564143 0.108680
vt 0.570276 0.119553
vt 0.564167 0.116472
vt 0.574682 0.102904
vt 0.574913 0.112086
vt 0.557299 0.107377
vt 0.557538 0.100097
vt 0.549980 0.106295
vt 0.550566 0.099042
vt 0.557070 0.114770
vt 0.549371 0.113672
vt 0.557798 0.093041
vt 0.564186 0.093909
vt 0.551107 0.092038
vt 0.569872 0.094626
vt 0.574459 0.095177
vt 0.414820 0.848621
vt 0.413450 0.848621
vt 0.413450 0.841670
vt 0.414820 0.841670
vt 0.413450 0.833566
vt 0.414820 0.833565
vt 0.411510 0.848621
vt 0.411510 0.841670
vt 0.415809 0.841670
vt 0.415809 0.848621
vt 0.416609 0.841670
vt 0.416609 0.848621
vt 0.415809 0.833566
vt 0.416609 0.833566
vt 0.415809 0.854627
vt 0.414820 0.854627
vt 0.416609 0.854627
vt 0.413450 0.854627
vt 0.411510 0.854627
vt 0.894290 0.681588
vt 0.897560 0.681588
vt 0.897560 0.689833
vt 0.894290 0.689833
vt 0.897560 0.699132
vt 0.894290 0.699132
vt 0.900260 0.681588
vt 0.900260 0.689833
vt 0.890641 0.689833
vt 0.890641 0.681588
vt 0.886801 0.689833
vt 0.886801 0.681588
vt 0.890641 0.699132
vt 0.886801 0.699132
vt 0.890641 0.674182
vt 0.894290 0.674182
vt 0.890641 0.667400
vt 0.894290 0.667400
vt 0.886801 0.674182
vt 0.886801 0.667400
vt 0.897560 0.674182
vt 0.900260 0.674182
vt 0.897560 0.667400
vt 0.900260 0.667400
vt 0.536703 0.096514
vt 0.543624 0.097835
vt 0.542579 0.105047
vt 0.535115 0.103676
vt 0.541454 0.112405
vt 0.533375 0.111010
vt 0.527611 0.102222
vt 0.529796 0.095118
vt 0.520085 0.100728
vt 0.522896 0.093684
vt 0.525187 0.109531
vt 0.516945 0.108009
vt 0.531505 0.088422
vt 0.537984 0.089698
vt 0.532500 0.082338
vt 0.538807 0.083400
vt 0.525049 0.087116
vt 0.526215 0.081260
vt 0.544511 0.090913
vt 0.545160 0.084429
vt 0.538030 0.050760
vt 0.545599 0.050332
vt 0.545540 0.056243
vt 0.537889 0.056722
vt 0.545531 0.062065
vt 0.537918 0.062481
vt 0.553002 0.050132
vt 0.552854 0.056103
vt 0.530119 0.057508
vt 0.530718 0.051244
vt 0.523383 0.057802
vt 0.524319 0.051419
vt 0.529882 0.063398
vt 0.520560 0.065685
vt 0.530964 0.045418
vt 0.538133 0.044981
vt 0.531022 0.040086
vt 0.538210 0.039581
vt 0.524673 0.045667
vt 0.524725 0.040485
vt 0.545697 0.044559
vt 0.553176 0.044357
vt 0.545826 0.039153
vt 0.553406 0.038989
vt 0.894290 0.630831
vt 0.897560 0.630791
vt 0.897560 0.636908
vt 0.894290 0.636909
vt 0.897560 0.643005
vt 0.894290 0.643005
vt 0.900260 0.630759
vt 0.900260 0.636907
vt 0.900260 0.643005
vt 0.890641 0.636910
vt 0.890641 0.630878
vt 0.886801 0.636911
vt 0.886801 0.630928
vt 0.890641 0.643006
vt 0.886801 0.643007
vt 0.890641 0.625109
vt 0.894290 0.624927
vt 0.890641 0.619804
vt 0.894290 0.619351
vt 0.886801 0.625304
vt 0.886801 0.620286
vt 0.897560 0.624769
vt 0.900260 0.624648
vt 0.897560 0.618959
vt 0.900260 0.618657
vt 0.894290 0.654929
vt 0.897560 0.654929
vt 0.897560 0.661028
vt 0.894290 0.661028
vt 0.900260 0.654929
vt 0.900260 0.661028
vt 0.890641 0.661028
vt 0.890641 0.654929
vt 0.886801 0.661028
vt 0.886801 0.654929
vt 0.890641 0.648967
vt 0.894290 0.648967
vt 0.886801 0.648967
vt 0.897560 0.648967
vt 0.900260 0.648966
vt 0.538797 0.072627
vt 0.545602 0.072982
vt 0.545492 0.078526
vt 0.539018 0.077793
vt 0.532542 0.077071
vt 0.531870 0.072399
vt 0.526064 0.076354
vt 0.524881 0.072233
vt 0.530725 0.068101
vt 0.538326 0.067653
vt 0.522952 0.068732
vt 0.545583 0.067569
vt 0.538364 0.020027
vt 0.546289 0.019607
vt 0.546509 0.021493
vt 0.538420 0.021788
vt 0.546409 0.023701
vt 0.538396 0.024021
vt 0.554778 0.019729
vt 0.555032 0.021689
vt 0.554780 0.023839
vt 0.531069 0.022377
vt 0.531067 0.020666
vt 0.524761 0.023062
vt 0.524759 0.021370
vt 0.531071 0.024607
vt 0.524764 0.025268
vt 0.531066 0.019300
vt 0.538156 0.018516
vt 0.531065 0.018107
vt 0.537872 0.017130
vt 0.524757 0.020019
vt 0.524756 0.018840
vt 0.545461 0.017681
vt 0.553591 0.017483
vt 0.544329 0.015734
vt 0.549585 0.013742
vt 0.894290 0.598225
vt 0.897560 0.595380
vt 0.897560 0.597539
vt 0.894290 0.600115
vt 0.897560 0.600352
vt 0.894290 0.602576
vt 0.900260 0.593191
vt 0.900260 0.595558
vt 0.900260 0.598641
vt 0.890641 0.603087
vt 0.890641 0.601509
vt 0.886801 0.606257
vt 0.886801 0.605011
vt 0.890641 0.605143
vt 0.886801 0.607881
vt 0.890641 0.600249
vt 0.894290 0.596718
vt 0.890641 0.599149
vt 0.894290 0.595401
vt 0.886801 0.604016
vt 0.886801 0.603148
vt 0.897560 0.593657
vt 0.900260 0.591303
vt 0.897560 0.592152
vt 0.900260 0.589653
vt 0.565873 0.050791
vt 0.570982 0.051362
vt 0.570729 0.057365
vt 0.565635 0.056800
vt 0.574969 0.051901
vt 0.574710 0.057893
vt 0.559614 0.056334
vt 0.559820 0.050333
vt 0.560088 0.044576
vt 0.566242 0.045067
vt 0.560486 0.039273
vt 0.566844 0.039841
vt 0.571449 0.045674
vt 0.575518 0.046248
vt 0.572259 0.040529
vt 0.576510 0.041171
vt 0.515655 0.032432
vt 0.515648 0.029111
vt 0.519811 0.028647
vt 0.519813 0.032095
vt 0.524768 0.028157
vt 0.524766 0.031686
vt 0.515639 0.026366
vt 0.519805 0.025811
vt 0.519805 0.036096
vt 0.515653 0.036257
vt 0.519782 0.040593
vt 0.515640 0.040512
vt 0.524754 0.035810
vt 0.511745 0.036386
vt 0.511738 0.032798
vt 0.507525 0.036579
vt 0.507507 0.033291
vt 0.511742 0.040345
vt 0.507535 0.040198
vt 0.511724 0.029661
vt 0.511710 0.027059
vt 0.507484 0.030411
vt 0.507462 0.028019
vt 0.595266 0.016917
vt 0.592499 0.016281
vt 0.592678 0.012554
vt 0.595449 0.013192
vt 0.592813 0.008638
vt 0.595584 0.009275
vt 0.588153 0.015283
vt 0.588326 0.011554
vt 0.588461 0.007637
vt 0.597166 0.013586
vt 0.596981 0.017311
vt 0.598357 0.013860
vt 0.598169 0.017584
vt 0.597301 0.009670
vt 0.598492 0.009943
vt 0.596694 0.020651
vt 0.594986 0.020260
vt 0.596255 0.023414
vt 0.594562 0.023028
vt 0.597877 0.020922
vt 0.597428 0.023681
vt 0.592231 0.019629
vt 0.587903 0.018637
vt 0.591830 0.022406
vt 0.587539 0.021429
vt 0.442650 0.810609
vt 0.442657 0.803058
vt 0.445926 0.803536
vt 0.445901 0.811309
vt 0.448626 0.803904
vt 0.448588 0.811833
vt 0.442657 0.796606
vt 0.445926 0.797084
vt 0.448626 0.797452
vt 0.445826 0.820358
vt 0.442632 0.818992
vt 0.445726 0.830045
vt 0.442607 0.827791
vt 0.448476 0.821348
vt 0.448126 0.833965
vt 0.439007 0.818144
vt 0.439007 0.809983
vt 0.435167 0.817555
vt 0.435167 0.809394
vt 0.439007 0.826647
vt 0.435167 0.826058
vt 0.439007 0.802506
vt 0.439007 0.796054
vt 0.435167 0.801917
vt 0.435167 0.795465
vt 0.572478 0.022176
vt 0.580143 0.023720
vt 0.579309 0.025298
vt 0.571949 0.023869
vt 0.578185 0.027115
vt 0.571138 0.025805
vt 0.586281 0.025082
vt 0.585248 0.026585
vt 0.583853 0.028298
vt 0.563684 0.022573
vt 0.563766 0.020716
vt 0.563180 0.024627
vt 0.563158 0.018614
vt 0.572696 0.020371
vt 0.562742 0.016152
vt 0.572859 0.018178
vt 0.580744 0.022055
vt 0.587022 0.023471
vt 0.581170 0.019978
vt 0.515517 0.050036
vt 0.515609 0.045123
vt 0.519740 0.045525
vt 0.519488 0.050920
vt 0.518838 0.056802
vt 0.515319 0.055195
vt 0.517990 0.062929
vt 0.515068 0.060477
vt 0.511661 0.053666
vt 0.511696 0.049058
vt 0.507498 0.052309
vt 0.507518 0.048125
vt 0.511621 0.058347
vt 0.507475 0.056555
vt 0.511725 0.044593
vt 0.507532 0.044067
vt 0.482006 0.037314
vt 0.481917 0.036248
vt 0.484094 0.035729
vt 0.484178 0.036954
vt 0.487250 0.034976
vt 0.487325 0.036432
vt 0.481836 0.035451
vt 0.484018 0.034790
vt 0.487182 0.033833
vt 0.484259 0.038529
vt 0.482094 0.038729
vt 0.484330 0.040518
vt 0.482170 0.040571
vt 0.487398 0.038239
vt 0.487461 0.040440
vt 0.480578 0.038868
vt 0.480486 0.037567
vt 0.479386 0.038978
vt 0.479291 0.037765
vt 0.480657 0.040608
vt 0.479468 0.040637
vt 0.480392 0.036612
vt 0.480307 0.035914
vt 0.479194 0.036898
vt 0.479106 0.036277
vt 0.442657 0.751451
vt 0.445926 0.751929
vt 0.445926 0.754252
vt 0.442657 0.753774
vt 0.445926 0.757619
vt 0.442657 0.757141
vt 0.448626 0.752297
vt 0.448626 0.754620
vt 0.448626 0.757987
vt 0.439007 0.753222
vt 0.439007 0.750899
vt 0.435167 0.752633
vt 0.435167 0.750310
vt 0.439007 0.756589
vt 0.435167 0.756000
vt 0.439007 0.749273
vt 0.442657 0.749825
vt 0.439007 0.747994
vt 0.442657 0.748546
vt 0.435167 0.748684
vt 0.435167 0.747406
vt 0.445926 0.750303
vt 0.448626 0.750671
vt 0.445926 0.749025
vt 0.448626 0.749393
vt 0.649872 0.836046
vt 0.648502 0.836046
vt 0.648502 0.832708
vt 0.649872 0.832708
vt 0.648502 0.829579
vt 0.649872 0.829579
vt 0.646562 0.836046
vt 0.646562 0.832708
vt 0.646562 0.829579
vt 0.650861 0.832708
vt 0.650861 0.836046
vt 0.651661 0.832708
vt 0.651661 0.836046
vt 0.650861 0.829579
vt 0.651661 0.829579
vt 0.650861 0.839805
vt 0.649872 0.839805
vt 0.650861 0.844194
vt 0.649872 0.844194
vt 0.651661 0.839805
vt 0.651661 0.844194
vt 0.648502 0.839805
vt 0.646562 0.839805
vt 0.648502 0.844194
vt 0.646562 0.844194
vt 0.442657 0.787224
vt 0.445926 0.787702
vt 0.445926 0.792000
vt 0.442657 0.791521
vt 0.448626 0.788070
vt 0.448626 0.792368
vt 0.439007 0.790969
vt 0.439007 0.786672
vt 0.435167 0.790381
vt 0.435167 0.786083
vt 0.439007 0.782581
vt 0.442657 0.783133
vt 0.439007 0.778117
vt 0.442657 0.778669
vt 0.435167 0.781993
vt 0.435167 0.777529
vt 0.445926 0.783612
vt 0.448626 0.783979
vt 0.445926 0.779147
vt 0.448626 0.779515
vt 0.055177 0.747740
vt 0.055169 0.749131
vt 0.052272 0.749131
vt 0.052272 0.747740
vt 0.049415 0.749131
vt 0.049415 0.747740
vt 0.055152 0.751102
vt 0.052272 0.751102
vt 0.049415 0.751102
vt 0.052272 0.746734
vt 0.055180 0.746734
vt 0.052272 0.745922
vt 0.055180 0.745922
vt 0.049415 0.746734
vt 0.049415 0.745921
vt 0.058192 0.746734
vt 0.058181 0.747740
vt 0.061361 0.746734
vt 0.061333 0.747740
vt 0.058192 0.745922
vt 0.061361 0.745922
vt 0.058147 0.749131
vt 0.058080 0.751102
vt 0.061249 0.749131
vt 0.061081 0.751102
vt 0.077458 0.747740
vt 0.076846 0.749131
vt 0.075328 0.749131
vt 0.075882 0.747740
vt 0.073351 0.749131
vt 0.073829 0.747740
vt 0.075623 0.751102
vt 0.074221 0.751102
vt 0.072394 0.751102
vt 0.076067 0.746734
vt 0.077662 0.746734
vt 0.076067 0.745922
vt 0.077662 0.745922
vt 0.073988 0.746734
vt 0.073988 0.745922
vt 0.078935 0.746734
vt 0.078715 0.747740
vt 0.080047 0.746734
vt 0.079814 0.747740
vt 0.078935 0.745922
vt 0.080047 0.745921
vt 0.078057 0.749131
vt 0.076741 0.751102
vt 0.079115 0.749131
vt 0.077718 0.751102
vt 0.482258 0.045651
vt 0.482222 0.042920
vt 0.484378 0.042984
vt 0.484410 0.045808
vt 0.487503 0.043076
vt 0.487530 0.046036
vt 0.484432 0.048871
vt 0.482282 0.048635
vt 0.484447 0.052054
vt 0.482301 0.051746
vt 0.487547 0.049214
vt 0.487559 0.052501
vt 0.480777 0.048469
vt 0.480751 0.045541
vt 0.479594 0.048339
vt 0.479567 0.045454
vt 0.480798 0.051531
vt 0.479616 0.051361
vt 0.480713 0.042876
vt 0.479527 0.042841
vt 0.649872 0.870151
vt 0.648502 0.870151
vt 0.648502 0.867949
vt 0.649872 0.867949
vt 0.648502 0.864758
vt 0.649872 0.864758
vt 0.646562 0.870151
vt 0.646562 0.867949
vt 0.646562 0.864758
vt 0.650861 0.867949
vt 0.650861 0.870151
vt 0.651661 0.867949
vt 0.651661 0.870151
vt 0.650861 0.864758
vt 0.651661 0.864758
vt 0.650861 0.871693
vt 0.649872 0.871693
vt 0.650861 0.872905
vt 0.649872 0.872905
vt 0.651661 0.871693
vt 0.651661 0.872905
vt 0.648502 0.871693
vt 0.646562 0.871693
vt 0.648502 0.872905
vt 0.646562 0.872905
vt 0.593050 0.026585
vt 0.594682 0.026947
vt 0.593376 0.028346
vt 0.591798 0.028004
vt 0.591609 0.029917
vt 0.590102 0.029603
vt 0.595814 0.027198
vt 0.594471 0.028583
vt 0.592653 0.030135
vt 0.589250 0.027452
vt 0.590417 0.026000
vt 0.587671 0.029095
vt 0.591251 0.024424
vt 0.593944 0.025032
vt 0.595613 0.025408
vt 0.596770 0.025669
vt 0.573609 0.011954
vt 0.564332 0.009859
vt 0.564733 0.006129
vt 0.573827 0.008220
vt 0.564868 0.002212
vt 0.573962 0.004303
vt 0.554464 0.007641
vt 0.555112 0.003917
vt 0.555247 0.000000
vt 0.581867 0.010069
vt 0.581703 0.013801
vt 0.582002 0.006152
vt 0.581480 0.017166
vt 0.573225 0.015323
vt 0.563401 0.013217
vt 0.552793 0.010980
vt 0.579366 0.052495
vt 0.580426 0.052639
vt 0.580158 0.058617
vt 0.579100 0.058476
vt 0.580103 0.064713
vt 0.579032 0.064572
vt 0.581160 0.052738
vt 0.580892 0.058714
vt 0.580846 0.064811
vt 0.577392 0.058249
vt 0.577655 0.052264
vt 0.577303 0.064345
vt 0.578260 0.046634
vt 0.580005 0.046880
vt 0.579373 0.041604
vt 0.581196 0.041879
vt 0.581087 0.047032
vt 0.581837 0.047138
vt 0.582326 0.042050
vt 0.583109 0.042168
vt 0.579893 0.103270
vt 0.581149 0.103360
vt 0.581610 0.111631
vt 0.580311 0.111715
vt 0.582017 0.103461
vt 0.582501 0.111730
vt 0.578194 0.112164
vt 0.577862 0.103204
vt 0.577549 0.095549
vt 0.579517 0.095785
vt 0.577309 0.088753
vt 0.579224 0.088988
vt 0.580736 0.095932
vt 0.581582 0.096034
vt 0.580410 0.089133
vt 0.581233 0.089234
vt 0.578983 0.076500
vt 0.580104 0.076643
vt 0.580207 0.082749
vt 0.579055 0.082605
vt 0.580881 0.076742
vt 0.581007 0.082849
vt 0.577194 0.082373
vt 0.577175 0.076269
vt 0.577221 0.070306
vt 0.578984 0.070535
vt 0.580077 0.070676
vt 0.580835 0.070775
vt 0.968348 0.810392
vt 0.968619 0.799598
vt 0.971509 0.799673
vt 0.971238 0.810467
vt 0.974745 0.799757
vt 0.974474 0.810551
vt 0.968959 0.786062
vt 0.971849 0.786137
vt 0.975085 0.786221
vt 0.971015 0.819367
vt 0.968125 0.819292
vt 0.970817 0.827219
vt 0.967927 0.827144
vt 0.974250 0.819451
vt 0.974053 0.827303
vt 0.965465 0.819223
vt 0.965688 0.810323
vt 0.962920 0.819157
vt 0.963144 0.810257
vt 0.965267 0.827075
vt 0.962723 0.827009
vt 0.965960 0.799529
vt 0.966300 0.785993
vt 0.963415 0.799463
vt 0.963755 0.785927
vt 0.557630 0.224294
vt 0.548335 0.223961
vt 0.551081 0.214566
vt 0.559783 0.214912
vt 0.552968 0.205081
vt 0.561283 0.205448
vt 0.567364 0.215201
vt 0.565745 0.224586
vt 0.568527 0.205739
vt 0.563536 0.233891
vt 0.554628 0.233602
vt 0.560605 0.243115
vt 0.550582 0.242840
vt 0.544482 0.233286
vt 0.539271 0.242564
vt 0.539699 0.261943
vt 0.525129 0.261834
vt 0.532456 0.251815
vt 0.545294 0.252015
vt 0.556819 0.252256
vt 0.552920 0.262117
vt 0.549651 0.273501
vt 0.534729 0.273440
vt 0.547757 0.287212
vt 0.531317 0.287321
vt 0.518385 0.273415
vt 0.513317 0.287353
vt 0.563016 0.186184
vt 0.555064 0.185801
vt 0.555577 0.176063
vt 0.563456 0.176230
vt 0.555938 0.166297
vt 0.563772 0.166156
vt 0.570236 0.175399
vt 0.569925 0.186213
vt 0.570424 0.164173
vt 0.569368 0.196202
vt 0.562326 0.195898
vt 0.554245 0.195483
vt 0.536776 0.405056
vt 0.513752 0.404868
vt 0.513839 0.402673
vt 0.536861 0.402860
vt 0.513965 0.399565
vt 0.536982 0.399752
vt 0.556888 0.401411
vt 0.556804 0.403607
vt 0.557007 0.398303
vt 0.556743 0.405195
vt 0.536715 0.406643
vt 0.556694 0.406479
vt 0.536666 0.407926
vt 0.513690 0.406454
vt 0.513641 0.407736
vt 0.536897 0.371542
vt 0.514204 0.371389
vt 0.513679 0.364800
vt 0.536108 0.364928
vt 0.512822 0.354858
vt 0.534821 0.354950
vt 0.555764 0.363647
vt 0.556720 0.370173
vt 0.554212 0.353819
vt 0.557222 0.374776
vt 0.537305 0.376189
vt 0.557412 0.378835
vt 0.537445 0.380267
vt 0.514465 0.376020
vt 0.514530 0.380089
vt 0.537318 0.390397
vt 0.514324 0.390212
vt 0.514469 0.384990
vt 0.537433 0.385173
vt 0.489460 0.387262
vt 0.489652 0.382057
vt 0.557431 0.383731
vt 0.557333 0.388949
vt 0.573348 0.381787
vt 0.573260 0.386998
vt 0.557174 0.393978
vt 0.537151 0.395428
vt 0.573103 0.392023
vt 0.514141 0.395241
vt 0.489250 0.392286
vt 0.452096 0.846960
vt 0.452006 0.838374
vt 0.452925 0.838127
vt 0.452925 0.846898
vt 0.453725 0.838127
vt 0.453725 0.846898
vt 0.451922 0.829385
vt 0.452925 0.829018
vt 0.453725 0.829018
vt 0.452925 0.854753
vt 0.452125 0.854753
vt 0.452925 0.861112
vt 0.452125 0.861112
vt 0.453725 0.854753
vt 0.453725 0.861112
vt 0.451326 0.854753
vt 0.451206 0.847145
vt 0.450526 0.854753
vt 0.450286 0.847393
vt 0.451326 0.861112
vt 0.450526 0.861112
vt 0.450846 0.839116
vt 0.450511 0.830484
vt 0.449566 0.840105
vt 0.640593 0.870151
vt 0.636943 0.870151
vt 0.636943 0.867949
vt 0.640593 0.867949
vt 0.636943 0.864758
vt 0.640593 0.864758
vt 0.633103 0.870151
vt 0.633103 0.867949
vt 0.633103 0.864758
vt 0.643862 0.867949
vt 0.643862 0.870151
vt 0.643862 0.864758
vt 0.643862 0.871693
vt 0.640593 0.871693
vt 0.643862 0.872905
vt 0.640593 0.872905
vt 0.636943 0.871693
vt 0.633103 0.871693
vt 0.636943 0.872905
vt 0.633103 0.872905
vt 0.070933 0.757167
vt 0.067874 0.760874
vt 0.067207 0.760874
vt 0.069976 0.757167
vt 0.066338 0.760874
vt 0.068728 0.757167
vt 0.064611 0.764775
vt 0.064254 0.764775
vt 0.063788 0.764775
vt 0.072375 0.753845
vt 0.073584 0.753845
vt 0.070800 0.753845
vt 0.074548 0.753845
vt 0.071696 0.757167
vt 0.075390 0.753845
vt 0.072363 0.757167
vt 0.068406 0.760874
vt 0.064897 0.764775
vt 0.068871 0.760874
vt 0.065146 0.764775
vt 0.055087 0.757167
vt 0.055046 0.760874
vt 0.052272 0.760874
vt 0.052272 0.757167
vt 0.049415 0.760874
vt 0.049415 0.757167
vt 0.055001 0.764775
vt 0.052272 0.764775
vt 0.049415 0.764775
vt 0.052272 0.753845
vt 0.055124 0.753845
vt 0.049415 0.753845
vt 0.057968 0.753845
vt 0.057823 0.757167
vt 0.060802 0.753845
vt 0.060438 0.757167
vt 0.057655 0.760874
vt 0.057476 0.764775
vt 0.060019 0.760874
vt 0.059572 0.764775
vt 0.451935 0.788401
vt 0.452925 0.788438
vt 0.452925 0.792736
vt 0.451935 0.792699
vt 0.452925 0.797820
vt 0.451935 0.797783
vt 0.453725 0.788438
vt 0.453725 0.792735
vt 0.453725 0.797820
vt 0.450566 0.792588
vt 0.450566 0.788291
vt 0.450566 0.797673
vt 0.450566 0.784200
vt 0.451935 0.784311
vt 0.450566 0.779736
vt 0.451935 0.779847
vt 0.452925 0.784347
vt 0.453725 0.784347
vt 0.452925 0.779883
vt 0.453725 0.779883
vt 0.640593 0.836046
vt 0.636943 0.836046
vt 0.636943 0.832708
vt 0.640593 0.832708
vt 0.636943 0.829579
vt 0.640593 0.829579
vt 0.633103 0.836046
vt 0.633103 0.832708
vt 0.633103 0.829579
vt 0.643862 0.832708
vt 0.643862 0.836046
vt 0.643862 0.829579
vt 0.643862 0.839805
vt 0.640593 0.839805
vt 0.643862 0.844194
vt 0.640593 0.844194
vt 0.636943 0.839805
vt 0.633103 0.839805
vt 0.636943 0.844194
vt 0.633103 0.844194
vt 0.451935 0.752628
vt 0.452925 0.752665
vt 0.452925 0.754988
vt 0.451935 0.754951
vt 0.452925 0.758355
vt 0.451935 0.758318
vt 0.453725 0.752665
vt 0.453725 0.754988
vt 0.453725 0.758355
vt 0.450566 0.754841
vt 0.450566 0.752518
vt 0.450566 0.758208
vt 0.450566 0.750892
vt 0.451935 0.751002
vt 0.450566 0.749613
vt 0.451935 0.749724
vt 0.452925 0.751039
vt 0.453725 0.751039
vt 0.452925 0.749760
vt 0.453725 0.749760
vt 0.451929 0.811839
vt 0.451935 0.804235
vt 0.452925 0.804272
vt 0.452925 0.811810
vt 0.453725 0.804272
vt 0.453725 0.811810
vt 0.452925 0.820152
vt 0.451911 0.820381
vt 0.453725 0.820152
vt 0.450466 0.821068
vt 0.450541 0.811928
vt 0.450566 0.804125
vt 0.452125 0.868125
vt 0.452125 0.865397
vt 0.452925 0.865397
vt 0.452925 0.868125
vt 0.453725 0.865397
vt 0.453725 0.868125
vt 0.452925 0.869815
vt 0.452125 0.869815
vt 0.452925 0.870987
vt 0.452125 0.870987
vt 0.453725 0.869815
vt 0.453725 0.870987
vt 0.451326 0.869815
vt 0.451326 0.868125
vt 0.450526 0.869815
vt 0.450526 0.868125
vt 0.451326 0.870987
vt 0.450526 0.870987
vt 0.451326 0.865397
vt 0.450526 0.865397
vt 0.903569 0.591221
vt 0.904559 0.591002
vt 0.904559 0.593576
vt 0.903569 0.593774
vt 0.904559 0.596929
vt 0.903569 0.597100
vt 0.905359 0.591002
vt 0.905359 0.593576
vt 0.905359 0.596929
vt 0.902200 0.594369
vt 0.902200 0.591878
vt 0.902200 0.597614
vt 0.902200 0.589890
vt 0.903569 0.589184
vt 0.902200 0.588153
vt 0.903569 0.587404
vt 0.904559 0.588948
vt 0.905359 0.588948
vt 0.904559 0.587154
vt 0.905359 0.587154
vt 0.903569 0.654929
vt 0.904559 0.654929
vt 0.904559 0.661028
vt 0.903569 0.661028
vt 0.904559 0.667400
vt 0.903569 0.667400
vt 0.905359 0.654929
vt 0.905359 0.661028
vt 0.905359 0.667400
vt 0.902200 0.661028
vt 0.902200 0.654929
vt 0.902200 0.667400
vt 0.902200 0.648966
vt 0.903569 0.648966
vt 0.902200 0.643004
vt 0.903569 0.643004
vt 0.904559 0.648966
vt 0.905359 0.648966
vt 0.904559 0.643004
vt 0.905359 0.643004
vt 0.903569 0.630731
vt 0.904559 0.630728
vt 0.904559 0.636906
vt 0.903569 0.636906
vt 0.905359 0.630728
vt 0.905359 0.636906
vt 0.902200 0.636907
vt 0.902200 0.630741
vt 0.902200 0.624575
vt 0.903569 0.624538
vt 0.902200 0.618476
vt 0.903569 0.618386
vt 0.904559 0.624526
vt 0.905359 0.624526
vt 0.904559 0.618356
vt 0.905359 0.618356
vt 0.903569 0.681588
vt 0.904559 0.681588
vt 0.904559 0.689833
vt 0.903569 0.689833
vt 0.905359 0.681588
vt 0.905359 0.689833
vt 0.902200 0.689833
vt 0.902200 0.681588
vt 0.902200 0.674182
vt 0.903569 0.674182
vt 0.904559 0.674182
vt 0.905359 0.674182
vt 0.405541 0.848621
vt 0.401891 0.848621
vt 0.401891 0.841670
vt 0.405541 0.841670
vt 0.398051 0.848621
vt 0.398051 0.841670
vt 0.408810 0.841670
vt 0.408810 0.848621
vt 0.408810 0.854627
vt 0.405541 0.854627
vt 0.408810 0.859899
vt 0.405541 0.859899
vt 0.401891 0.854627
vt 0.398051 0.854627
vt 0.401891 0.859899
vt 0.398051 0.859899
vt 0.405541 0.868992
vt 0.401891 0.868992
vt 0.401891 0.864643
vt 0.405541 0.864643
vt 0.398051 0.868992
vt 0.398051 0.864643
vt 0.408810 0.864643
vt 0.408810 0.868992
vt 0.408810 0.873079
vt 0.405541 0.873079
vt 0.408810 0.877033
vt 0.405541 0.877033
vt 0.401891 0.873079
vt 0.398051 0.873079
vt 0.401891 0.877033
vt 0.398051 0.877033
vt 0.414820 0.813650
vt 0.414820 0.802599
vt 0.415809 0.802599
vt 0.415809 0.813650
vt 0.416609 0.802599
vt 0.416609 0.813650
vt 0.414820 0.791325
vt 0.415809 0.791325
vt 0.416609 0.791325
vt 0.415809 0.824099
vt 0.414820 0.824099
vt 0.416609 0.824099
vt 0.413450 0.824099
vt 0.413450 0.813650
vt 0.413450 0.802599
vt 0.413450 0.791325
vt 0.438475 0.370425
vt 0.414399 0.358026
vt 0.415183 0.353187
vt 0.438908 0.365361
vt 0.392632 0.343968
vt 0.394026 0.339523
vt 0.464098 0.375249
vt 0.463836 0.380418
vt 0.463583 0.385430
vt 0.438079 0.375364
vt 0.413677 0.362776
vt 0.391315 0.348356
vt 0.894290 0.803232
vt 0.890641 0.803232
vt 0.890641 0.793813
vt 0.894290 0.793813
vt 0.890641 0.784317
vt 0.894290 0.784317
vt 0.886801 0.803232
vt 0.886801 0.793813
vt 0.886801 0.784317
vt 0.897560 0.793813
vt 0.897560 0.803232
vt 0.897560 0.784317
vt 0.897560 0.812560
vt 0.894290 0.812561
vt 0.897560 0.821785
vt 0.894290 0.821787
vt 0.890641 0.812561
vt 0.886801 0.812562
vt 0.890641 0.821788
vt 0.886801 0.821790
vt 0.562986 0.937430
vt 0.563974 0.937430
vt 0.563974 0.945267
vt 0.562984 0.945267
vt 0.563974 0.952623
vt 0.562984 0.952623
vt 0.564774 0.937430
vt 0.564774 0.945267
vt 0.564774 0.952623
vt 0.561615 0.945267
vt 0.561622 0.937430
vt 0.561615 0.952623
vt 0.561645 0.928633
vt 0.562992 0.928633
vt 0.561691 0.918394
vt 0.563003 0.918394
vt 0.563974 0.928633
vt 0.564774 0.928633
vt 0.563974 0.918394
vt 0.564774 0.918394
vt 0.562986 0.807190
vt 0.563974 0.807171
vt 0.563974 0.811790
vt 0.562992 0.811790
vt 0.563974 0.817702
vt 0.563003 0.817702
vt 0.564774 0.807166
vt 0.564774 0.811790
vt 0.564774 0.817702
vt 0.561645 0.811790
vt 0.561622 0.807226
vt 0.561691 0.817702
vt 0.561615 0.802468
vt 0.562984 0.802325
vt 0.561615 0.795976
vt 0.562984 0.795618
vt 0.563974 0.802251
vt 0.564774 0.802231
vt 0.563974 0.795432
vt 0.564774 0.795382
vt 0.562984 0.740271
vt 0.563974 0.739039
vt 0.563974 0.743485
vt 0.562984 0.744637
vt 0.563974 0.750495
vt 0.562984 0.751516
vt 0.564774 0.738704
vt 0.564774 0.743174
vt 0.564774 0.750219
vt 0.561615 0.746845
vt 0.561615 0.742622
vt 0.561615 0.753482
vt 0.561615 0.740009
vt 0.562984 0.737580
vt 0.561615 0.738201
vt 0.562984 0.735727
vt 0.563974 0.736303
vt 0.564774 0.735952
vt 0.563974 0.734421
vt 0.564774 0.734059
vt 0.563043 0.892751
vt 0.563974 0.892751
vt 0.563974 0.906234
vt 0.563022 0.906234
vt 0.564774 0.892751
vt 0.564774 0.906234
vt 0.561767 0.906234
vt 0.561850 0.892751
vt 0.561918 0.878546
vt 0.563060 0.878546
vt 0.561949 0.864218
vt 0.563068 0.864218
vt 0.563974 0.878546
vt 0.564774 0.878546
vt 0.563974 0.864218
vt 0.564774 0.864218
vt 0.414820 0.769208
vt 0.415809 0.769208
vt 0.415809 0.780208
vt 0.414820 0.780208
vt 0.416609 0.769208
vt 0.416609 0.780208
vt 0.413450 0.780208
vt 0.413450 0.769208
vt 0.413450 0.758287
vt 0.414820 0.758287
vt 0.413450 0.747406
vt 0.414820 0.747406
vt 0.415809 0.758287
vt 0.416609 0.758287
vt 0.415809 0.747406
vt 0.416609 0.747406
vt 0.894290 0.840781
vt 0.890641 0.840708
vt 0.890641 0.830901
vt 0.894290 0.830897
vt 0.886801 0.840631
vt 0.886801 0.830904
vt 0.897560 0.830894
vt 0.897560 0.840847
vt 0.897560 0.852600
vt 0.894290 0.852326
vt 0.897560 0.867113
vt 0.894290 0.866419
vt 0.890641 0.852019
vt 0.886801 0.851697
vt 0.890641 0.865644
vt 0.886801 0.864828
vt 0.894290 0.764968
vt 0.890641 0.764968
vt 0.890641 0.754797
vt 0.894290 0.754797
vt 0.890641 0.744083
vt 0.894290 0.744083
vt 0.886801 0.764968
vt 0.886801 0.754797
vt 0.886801 0.744083
vt 0.897560 0.754797
vt 0.897560 0.764968
vt 0.897560 0.744083
vt 0.897560 0.774755
vt 0.894290 0.774755
vt 0.890641 0.774755
vt 0.886801 0.774755
vt 0.590817 0.384816
vt 0.583988 0.385672
vt 0.584069 0.380467
vt 0.590895 0.379614
vt 0.595123 0.379073
vt 0.595048 0.384273
vt 0.598052 0.378688
vt 0.597979 0.383886
vt 0.594896 0.389295
vt 0.590665 0.389839
vt 0.597827 0.388908
vt 0.583834 0.390696
vt 0.894290 0.953481
vt 0.890641 0.948156
vt 0.890641 0.941799
vt 0.894290 0.946732
vt 0.890641 0.931963
vt 0.894290 0.936305
vt 0.886801 0.942554
vt 0.886801 0.936609
vt 0.886801 0.927395
vt 0.897560 0.951153
vt 0.897560 0.958252
vt 0.897560 0.940197
vt 0.897560 0.962782
vt 0.894290 0.957778
vt 0.897560 0.966026
vt 0.894290 0.960850
vt 0.890641 0.952195
vt 0.886801 0.946320
vt 0.890641 0.955074
vt 0.886801 0.948996
vt 0.326070 0.276809
vt 0.332223 0.275622
vt 0.336615 0.280475
vt 0.330684 0.281875
vt 0.342759 0.287762
vt 0.337335 0.289544
vt 0.324779 0.283290
vt 0.319933 0.278013
vt 0.331949 0.291336
vt 0.316637 0.274583
vt 0.322812 0.273478
vt 0.314115 0.272076
vt 0.320234 0.271015
vt 0.328999 0.272393
vt 0.326358 0.269976
vt 0.894290 0.721041
vt 0.894290 0.732667
vt 0.890641 0.732667
vt 0.890641 0.721041
vt 0.886801 0.732667
vt 0.886801 0.721041
vt 0.890641 0.709699
vt 0.894290 0.709699
vt 0.886801 0.709699
vt 0.897560 0.709699
vt 0.897560 0.721041
vt 0.897560 0.732667
vt 0.358937 0.314201
vt 0.362388 0.311092
vt 0.376539 0.325163
vt 0.374196 0.328994
vt 0.365490 0.308335
vt 0.378698 0.321745
vt 0.371931 0.332793
vt 0.355555 0.317296
vt 0.370005 0.336116
vt 0.352658 0.320014
vt 0.342218 0.303074
vt 0.346702 0.300685
vt 0.338358 0.305182
vt 0.351239 0.298297
vt 0.355259 0.296190
vt 0.563043 0.837593
vt 0.563974 0.837593
vt 0.563974 0.850366
vt 0.563060 0.850366
vt 0.564774 0.837593
vt 0.564774 0.850366
vt 0.561918 0.850366
vt 0.561850 0.837593
vt 0.560435 0.850366
vt 0.560264 0.837593
vt 0.561767 0.826504
vt 0.563022 0.826504
vt 0.560055 0.826504
vt 0.563974 0.826504
vt 0.564774 0.826504
vt 0.555649 0.837593
vt 0.558153 0.837593
vt 0.558495 0.850366
vt 0.556213 0.850366
vt 0.553703 0.850366
vt 0.552882 0.837593
vt 0.551079 0.850366
vt 0.549985 0.837593
vt 0.551879 0.826504
vt 0.554959 0.826504
vt 0.548647 0.826504
vt 0.557735 0.826504
vt 0.370008 0.304394
vt 0.372632 0.302064
vt 0.384699 0.313806
vt 0.382227 0.316772
vt 0.376306 0.298732
vt 0.388375 0.309577
vt 0.380411 0.319183
vt 0.367829 0.306293
vt 0.358193 0.294645
vt 0.360680 0.293206
vt 0.363362 0.291416
vt 0.366880 0.288818
vt 0.349342 0.323412
vt 0.350662 0.321991
vt 0.368683 0.338519
vt 0.367811 0.340231
vt 0.367241 0.341482
vt 0.348472 0.324463
vt 0.366821 0.342504
vt 0.347828 0.325328
vt 0.332750 0.308700
vt 0.333923 0.307855
vt 0.331876 0.309405
vt 0.335693 0.306729
vt 0.388207 0.287660
vt 0.395614 0.280559
vt 0.408236 0.285855
vt 0.400569 0.295407
vt 0.422489 0.290886
vt 0.415018 0.302872
vt 0.403438 0.272990
vt 0.416355 0.275512
vt 0.393807 0.303379
vt 0.381634 0.293824
vt 0.408574 0.312844
vt 0.371874 0.284957
vt 0.377975 0.280148
vt 0.364342 0.277559
vt 0.369971 0.273741
vt 0.384815 0.274708
vt 0.392024 0.268951
vt 0.376254 0.269410
vt 0.382863 0.264824
vt 0.894290 0.902829
vt 0.890641 0.900319
vt 0.890641 0.882390
vt 0.894290 0.883948
vt 0.886801 0.897679
vt 0.886801 0.880751
vt 0.897560 0.885344
vt 0.897560 0.905078
vt 0.900260 0.886497
vt 0.900260 0.906937
vt 0.897560 0.924101
vt 0.894290 0.920976
vt 0.900260 0.926682
vt 0.890641 0.917490
vt 0.886801 0.913822
vt 0.562984 0.773636
vt 0.563974 0.773039
vt 0.563974 0.785119
vt 0.562984 0.785490
vt 0.564774 0.772880
vt 0.564774 0.785019
vt 0.561615 0.786208
vt 0.561615 0.774787
vt 0.559675 0.787345
vt 0.559675 0.776610
vt 0.561615 0.763337
vt 0.562984 0.761747
vt 0.559675 0.765852
vt 0.563974 0.760922
vt 0.564774 0.760701
vt 0.531190 0.322697
vt 0.510700 0.322704
vt 0.511020 0.304441
vt 0.530396 0.304404
vt 0.489536 0.321651
vt 0.491297 0.303937
vt 0.547980 0.304052
vt 0.549605 0.322068
vt 0.562326 0.303609
vt 0.564546 0.321255
vt 0.551921 0.339308
vt 0.532923 0.340209
vt 0.567237 0.338123
vt 0.511565 0.340168
vt 0.489163 0.338526
vt 0.449668 0.315061
vt 0.431512 0.309538
vt 0.438183 0.295944
vt 0.455013 0.300161
vt 0.472673 0.302668
vt 0.469101 0.319101
vt 0.467038 0.334626
vt 0.445815 0.328814
vt 0.426118 0.321438
vt 0.360359 0.266347
vt 0.366429 0.263391
vt 0.370346 0.265777
vt 0.364293 0.269304
vt 0.372808 0.260256
vt 0.376709 0.262037
vt 0.358857 0.272408
vt 0.354906 0.268943
vt 0.351978 0.266601
vt 0.357588 0.264375
vt 0.349561 0.264822
vt 0.355398 0.262896
vt 0.363838 0.261837
vt 0.370410 0.259144
vt 0.361911 0.260700
vt 0.368764 0.258369
vt 0.553705 0.782427
vt 0.556975 0.779222
vt 0.556975 0.788975
vt 0.553705 0.790976
vt 0.550056 0.793222
vt 0.550056 0.786026
vt 0.546216 0.795592
vt 0.546216 0.789823
vt 0.550056 0.778834
vt 0.553705 0.773873
vt 0.546216 0.784068
vt 0.556975 0.769455
vt 0.903569 0.909151
vt 0.902200 0.908274
vt 0.902200 0.887327
vt 0.903569 0.887871
vt 0.904559 0.888167
vt 0.904559 0.909628
vt 0.905359 0.888253
vt 0.905359 0.909767
vt 0.904559 0.930422
vt 0.903569 0.929758
vt 0.905359 0.930615
vt 0.902200 0.928540
vt 0.581015 0.320325
vt 0.574609 0.320695
vt 0.571990 0.303299
vt 0.578142 0.303090
vt 0.581952 0.302948
vt 0.584983 0.320081
vt 0.584592 0.302839
vt 0.587732 0.319901
vt 0.588189 0.336435
vt 0.584122 0.336779
vt 0.591007 0.336184
vt 0.577554 0.337311
vt 0.451935 0.768644
vt 0.452925 0.768680
vt 0.452925 0.774465
vt 0.451935 0.774429
vt 0.453725 0.768680
vt 0.453725 0.774465
vt 0.450566 0.774318
vt 0.450566 0.768533
vt 0.448626 0.774098
vt 0.448626 0.768313
vt 0.450566 0.762968
vt 0.451935 0.763078
vt 0.448626 0.762747
vt 0.452925 0.763115
vt 0.453725 0.763115
vt 0.640593 0.854955
vt 0.636943 0.854955
vt 0.636943 0.849424
vt 0.640593 0.849424
vt 0.633103 0.854955
vt 0.633103 0.849424
vt 0.643862 0.849424
vt 0.643862 0.854955
vt 0.646562 0.849424
vt 0.646562 0.854955
vt 0.643862 0.860246
vt 0.640593 0.860246
vt 0.646562 0.860246
vt 0.636943 0.860246
vt 0.633103 0.860246
vt 0.649872 0.854955
vt 0.648502 0.854955
vt 0.648502 0.849424
vt 0.649872 0.849424
vt 0.650861 0.849424
vt 0.650861 0.854955
vt 0.651661 0.849424
vt 0.651661 0.854955
vt 0.650861 0.860246
vt 0.649872 0.860246
vt 0.651661 0.860246
vt 0.648502 0.860246
vt 0.497101 0.046799
vt 0.497090 0.043398
vt 0.502474 0.043677
vt 0.502473 0.047380
vt 0.497068 0.040229
vt 0.502464 0.040172
vt 0.502466 0.051215
vt 0.497104 0.050356
vt 0.502456 0.055117
vt 0.497103 0.053990
vt 0.491951 0.049699
vt 0.491940 0.046359
vt 0.491958 0.053132
vt 0.491920 0.043206
vt 0.491887 0.040332
vt 0.442657 0.767466
vt 0.445926 0.767945
vt 0.445926 0.773730
vt 0.442657 0.773251
vt 0.439007 0.772699
vt 0.439007 0.766914
vt 0.435167 0.772111
vt 0.435167 0.766326
vt 0.439007 0.761349
vt 0.442657 0.761901
vt 0.435167 0.760760
vt 0.445926 0.762379
vt 0.496983 0.034850
vt 0.496933 0.032693
vt 0.502373 0.031474
vt 0.502408 0.034012
vt 0.496888 0.030927
vt 0.502340 0.029374
vt 0.502440 0.036931
vt 0.497030 0.037371
vt 0.491835 0.037830
vt 0.491774 0.035693
vt 0.491711 0.033912
vt 0.491654 0.032479
vt 0.496827 0.028544
vt 0.496806 0.027719
vt 0.502280 0.025560
vt 0.502295 0.026542
vt 0.507422 0.023673
vt 0.507432 0.024792
vt 0.496788 0.026998
vt 0.502267 0.024703
vt 0.507413 0.022697
vt 0.502315 0.027772
vt 0.496854 0.029579
vt 0.507445 0.026193
vt 0.491610 0.031385
vt 0.491576 0.030545
vt 0.487130 0.032960
vt 0.487090 0.032290
vt 0.491549 0.029875
vt 0.491526 0.029290
vt 0.487058 0.031755
vt 0.487030 0.031288
vt 0.903569 0.606613
vt 0.904559 0.606516
vt 0.904559 0.612273
vt 0.903569 0.612333
vt 0.905359 0.606516
vt 0.905359 0.612273
vt 0.902200 0.612514
vt 0.902200 0.606904
vt 0.900260 0.612875
vt 0.900260 0.607486
vt 0.902200 0.601865
vt 0.903569 0.601458
vt 0.900260 0.602679
vt 0.904559 0.601322
vt 0.905359 0.601322
vt 0.065131 0.757167
vt 0.063776 0.760874
vt 0.062054 0.760874
vt 0.062893 0.757167
vt 0.062331 0.764775
vt 0.061160 0.764775
vt 0.063620 0.753845
vt 0.066305 0.753845
vt 0.064179 0.751102
vt 0.067208 0.751102
vt 0.068737 0.753845
vt 0.067095 0.757167
vt 0.070001 0.751102
vt 0.065199 0.760874
vt 0.063177 0.764775
vt 0.585447 0.034380
vt 0.586756 0.034619
vt 0.584325 0.037945
vt 0.583115 0.037744
vt 0.587663 0.034785
vt 0.585163 0.038084
vt 0.581162 0.037419
vt 0.583336 0.033995
vt 0.578095 0.036908
vt 0.580019 0.033389
vt 0.585602 0.031248
vt 0.587881 0.031697
vt 0.582024 0.030543
vt 0.589293 0.031976
vt 0.590272 0.032169
vt 0.068020 0.747740
vt 0.067749 0.749131
vt 0.064514 0.749131
vt 0.064682 0.747740
vt 0.064738 0.746734
vt 0.068111 0.746734
vt 0.064738 0.745922
vt 0.068111 0.745922
vt 0.071265 0.746734
vt 0.071139 0.747740
vt 0.071265 0.745922
vt 0.070759 0.749131
vt 0.481726 0.034375
vt 0.481688 0.034002
vt 0.483880 0.033085
vt 0.483916 0.033524
vt 0.481655 0.033677
vt 0.483849 0.032701
vt 0.483960 0.034074
vt 0.481774 0.034842
vt 0.480243 0.035380
vt 0.480193 0.034971
vt 0.479039 0.035803
vt 0.478988 0.035440
vt 0.480154 0.034645
vt 0.480119 0.034359
vt 0.478947 0.035150
vt 0.478912 0.034896
vt 0.568907 0.031508
vt 0.575097 0.032490
vt 0.573544 0.036151
vt 0.567781 0.035331
vt 0.561083 0.034634
vt 0.561790 0.030650
vt 0.553722 0.034242
vt 0.554084 0.030127
vt 0.562519 0.027317
vt 0.570075 0.028342
vt 0.554451 0.026656
vt 0.576712 0.029495
vt 0.515627 0.022662
vt 0.515623 0.021379
vt 0.519795 0.020660
vt 0.519798 0.021986
vt 0.515619 0.020259
vt 0.519793 0.019503
vt 0.519801 0.023647
vt 0.515633 0.024270
vt 0.511699 0.025072
vt 0.511691 0.023548
vt 0.511684 0.022332
vt 0.511678 0.021269
vt 0.894290 0.609718
vt 0.897560 0.608456
vt 0.897560 0.613476
vt 0.894290 0.614258
vt 0.890641 0.615161
vt 0.890641 0.611174
vt 0.886801 0.616123
vt 0.886801 0.612726
vt 0.890641 0.607836
vt 0.894290 0.605801
vt 0.886801 0.610008
vt 0.897560 0.604036
vt 0.538324 0.030534
vt 0.546129 0.030148
vt 0.545974 0.034342
vt 0.538273 0.034755
vt 0.531055 0.035304
vt 0.531070 0.031106
vt 0.531073 0.027529
vt 0.538365 0.026946
vt 0.546278 0.026594
vt 0.726172 0.654442
vt 0.738732 0.653694
vt 0.738248 0.665445
vt 0.725779 0.666000
vt 0.737914 0.679862
vt 0.725528 0.680266
vt 0.751292 0.652947
vt 0.750718 0.664890
vt 0.750300 0.679458
vt 0.713309 0.666555
vt 0.713612 0.655190
vt 0.700839 0.667110
vt 0.701052 0.655938
vt 0.713141 0.680670
vt 0.700755 0.681074
vt 0.713936 0.645743
vt 0.726567 0.644779
vt 0.714165 0.637382
vt 0.726821 0.636196
vt 0.701305 0.646707
vt 0.701510 0.638568
vt 0.739198 0.643814
vt 0.751828 0.642850
vt 0.739477 0.635010
vt 0.752132 0.633824
vt 0.726553 0.619764
vt 0.739060 0.618170
vt 0.739401 0.626485
vt 0.726793 0.627880
vt 0.751567 0.616576
vt 0.752010 0.625090
vt 0.714185 0.629275
vt 0.714047 0.621358
vt 0.701576 0.630669
vt 0.701540 0.622952
vt 0.713804 0.613568
vt 0.726173 0.611781
vt 0.713508 0.605841
vt 0.725721 0.603866
vt 0.701435 0.615354
vt 0.701295 0.607817
vt 0.738542 0.609995
vt 0.750911 0.608209
vt 0.737934 0.601890
vt 0.750148 0.599915
vt 0.930423 0.675886
vt 0.930176 0.665803
vt 0.933066 0.665730
vt 0.933313 0.675813
vt 0.936301 0.665648
vt 0.936549 0.675731
vt 0.929954 0.656786
vt 0.932844 0.656713
vt 0.936080 0.656631
vt 0.933606 0.687742
vt 0.930716 0.687815
vt 0.933963 0.702296
vt 0.931073 0.702369
vt 0.936841 0.687660
vt 0.937199 0.702214
vt 0.928056 0.687882
vt 0.927763 0.675954
vt 0.925511 0.687947
vt 0.925218 0.676018
vt 0.928413 0.702437
vt 0.925868 0.702501
vt 0.927516 0.665871
vt 0.927294 0.656854
vt 0.924971 0.665935
vt 0.924750 0.656918
vt 0.967533 0.842365
vt 0.967735 0.834795
vt 0.970625 0.834870
vt 0.970380 0.842644
vt 0.973861 0.834954
vt 0.973609 0.842876
vt 0.970024 0.850864
vt 0.967304 0.849970
vt 0.969613 0.859306
vt 0.967063 0.857594
vt 0.973233 0.851540
vt 0.972170 0.862663
vt 0.964701 0.849629
vt 0.964887 0.842228
vt 0.962156 0.849563
vt 0.962342 0.842162
vt 0.964516 0.856980
vt 0.961972 0.856914
vt 0.965075 0.834726
vt 0.962531 0.834660
vt 0.929517 0.639469
vt 0.929269 0.630891
vt 0.931990 0.630005
vt 0.932364 0.639193
vt 0.935199 0.629366
vt 0.935593 0.638972
vt 0.929009 0.622317
vt 0.931560 0.620618
vt 0.934119 0.617284
vt 0.932630 0.647981
vt 0.929740 0.648054
vt 0.935865 0.647899
vt 0.927080 0.648122
vt 0.926871 0.639604
vt 0.924535 0.648186
vt 0.924326 0.639669
vt 0.926665 0.631230
vt 0.926462 0.622926
vt 0.924121 0.631294
vt 0.923917 0.622991
vt 0.945830 0.740336
vt 0.941805 0.740438
vt 0.941335 0.720080
vt 0.945377 0.719978
vt 0.940894 0.702120
vt 0.944936 0.702018
vt 0.938123 0.740531
vt 0.937639 0.720174
vt 0.949648 0.719870
vt 0.950085 0.740228
vt 0.954035 0.719758
vt 0.954455 0.740117
vt 0.949208 0.701910
vt 0.953594 0.701799
vt 0.950431 0.761978
vt 0.946226 0.762084
vt 0.950598 0.784112
vt 0.946493 0.784216
vt 0.954750 0.761868
vt 0.954814 0.784005
vt 0.942248 0.762185
vt 0.938610 0.762277
vt 0.942610 0.784314
vt 0.939058 0.784404
vt 0.524634 0.807748
vt 0.535343 0.807736
vt 0.534773 0.827991
vt 0.523425 0.828010
vt 0.534284 0.849497
vt 0.522456 0.849517
vt 0.546052 0.807724
vt 0.546121 0.827972
vt 0.546112 0.849477
vt 0.512077 0.828029
vt 0.513925 0.807760
vt 0.500729 0.828048
vt 0.503216 0.807772
vt 0.510628 0.849537
vt 0.498800 0.849556
vt 0.515974 0.789342
vt 0.525918 0.789350
vt 0.518029 0.773387
vt 0.527113 0.773432
vt 0.506031 0.789335
vt 0.508944 0.773342
vt 0.535861 0.789357
vt 0.545804 0.789364
vt 0.536197 0.773477
vt 0.545282 0.773522
vt 0.969893 0.749231
vt 0.972771 0.749305
vt 0.972280 0.769012
vt 0.969389 0.768937
vt 0.975994 0.749389
vt 0.975515 0.769096
vt 0.966730 0.768868
vt 0.967243 0.749162
vt 0.964185 0.768802
vt 0.964708 0.749096
vt 0.967833 0.727882
vt 0.970451 0.727950
vt 0.968493 0.706035
vt 0.971049 0.706101
vt 0.965328 0.727817
vt 0.966047 0.705972
vt 0.973296 0.728023
vt 0.976481 0.728106
vt 0.973826 0.706173
vt 0.976936 0.706254
vt 0.725905 0.718324
vt 0.713641 0.718591
vt 0.713225 0.698367
vt 0.725561 0.698054
vt 0.701378 0.718859
vt 0.700888 0.698681
vt 0.737897 0.697740
vt 0.738168 0.718056
vt 0.750233 0.697427
vt 0.750431 0.717789
vt 0.738697 0.739787
vt 0.726586 0.740036
vt 0.739454 0.761908
vt 0.727631 0.762151
vt 0.750808 0.739537
vt 0.751277 0.761664
vt 0.714475 0.740286
vt 0.702364 0.740535
vt 0.715807 0.762394
vt 0.703984 0.762638
vt 0.521625 0.894256
vt 0.533885 0.894235
vt 0.533870 0.917154
vt 0.521562 0.917174
vt 0.533908 0.940229
vt 0.521600 0.940250
vt 0.546145 0.894215
vt 0.546178 0.917133
vt 0.546216 0.940209
vt 0.509254 0.917195
vt 0.509365 0.894276
vt 0.496947 0.917216
vt 0.497105 0.894297
vt 0.509292 0.940271
vt 0.496985 0.940291
vt 0.509773 0.871671
vt 0.521889 0.871651
vt 0.497658 0.871692
vt 0.534005 0.871631
vt 0.546121 0.871610
vt 0.950933 0.883135
vt 0.947884 0.883212
vt 0.945969 0.872910
vt 0.949065 0.872832
vt 0.944492 0.860241
vt 0.947682 0.860160
vt 0.945096 0.883282
vt 0.943138 0.872982
vt 0.941574 0.860315
vt 0.952337 0.872749
vt 0.954155 0.883053
vt 0.955698 0.872664
vt 0.957464 0.882969
vt 0.951054 0.860074
vt 0.954517 0.859987
vt 0.956328 0.891776
vt 0.953123 0.891858
vt 0.958680 0.899709
vt 0.955474 0.899791
vt 0.959620 0.891693
vt 0.961972 0.899626
vt 0.950090 0.891934
vt 0.947316 0.892005
vt 0.952441 0.899868
vt 0.949668 0.899938
vt 0.946641 0.825971
vt 0.943104 0.826061
vt 0.942835 0.805817
vt 0.946561 0.805723
vt 0.939870 0.826143
vt 0.939427 0.805903
vt 0.950500 0.805623
vt 0.950380 0.825877
vt 0.954545 0.805520
vt 0.954219 0.825780
vt 0.950483 0.844239
vt 0.946945 0.844328
vt 0.954117 0.844147
vt 0.943597 0.844413
vt 0.940535 0.844491
vt 0.730716 0.803856
vt 0.720012 0.804082
vt 0.717722 0.783862
vt 0.729065 0.783629
vt 0.709307 0.804309
vt 0.706379 0.784096
vt 0.740409 0.783395
vt 0.741421 0.803629
vt 0.751752 0.783162
vt 0.752125 0.803403
vt 0.742347 0.821991
vt 0.732409 0.822220
vt 0.743048 0.837861
vt 0.733969 0.838108
vt 0.752286 0.821763
vt 0.752128 0.837614
vt 0.722470 0.822449
vt 0.712531 0.822677
vt 0.724889 0.838355
vt 0.715810 0.838602
vt 0.972410 0.664370
vt 0.974940 0.664435
vt 0.974332 0.684763
vt 0.971668 0.684694
vt 0.977772 0.664509
vt 0.977315 0.684840
vt 0.969215 0.684630
vt 0.970083 0.664309
vt 0.966869 0.684569
vt 0.967855 0.664252
vt 0.971176 0.645716
vt 0.973379 0.645773
vt 0.972577 0.629493
vt 0.974677 0.629548
vt 0.969068 0.645661
vt 0.970568 0.629441
vt 0.975773 0.645835
vt 0.978454 0.645905
vt 0.976958 0.629607
vt 0.979512 0.629673
vt 0.586376 0.539953
vt 0.591304 0.539953
vt 0.591304 0.542157
vt 0.586376 0.542157
vt 0.591304 0.544624
vt 0.586376 0.544624
vt 0.596232 0.539953
vt 0.596232 0.542157
vt 0.596232 0.544624
vt 0.581449 0.542157
vt 0.581449 0.539953
vt 0.576521 0.542157
vt 0.576521 0.539953
vt 0.581449 0.544624
vt 0.576521 0.544624
vt 0.581449 0.537924
vt 0.586376 0.537924
vt 0.581449 0.535983
vt 0.586376 0.535983
vt 0.576521 0.537924
vt 0.576521 0.535983
vt 0.591304 0.537924
vt 0.596232 0.537924
vt 0.591304 0.535983
vt 0.596232 0.535983
vt 0.736247 0.861389
vt 0.729055 0.861735
vt 0.727064 0.851195
vt 0.735223 0.850907
vt 0.721863 0.862082
vt 0.718905 0.851484
vt 0.743382 0.850618
vt 0.743440 0.861042
vt 0.751541 0.850330
vt 0.750632 0.860695
vt 0.743314 0.869909
vt 0.737118 0.870326
vt 0.743096 0.877999
vt 0.737913 0.878491
vt 0.749509 0.869492
vt 0.748279 0.877506
vt 0.730923 0.870743
vt 0.724728 0.871159
vt 0.732731 0.878983
vt 0.727548 0.879476
vt 0.978457 0.605387
vt 0.980637 0.605443
vt 0.978619 0.616394
vt 0.976405 0.616337
vt 0.983078 0.605507
vt 0.981098 0.616458
vt 0.974368 0.616284
vt 0.976451 0.605335
vt 0.972419 0.616233
vt 0.974531 0.605285
vt 0.978729 0.595892
vt 0.980725 0.595944
vt 0.981104 0.587203
vt 0.983100 0.587255
vt 0.976819 0.595843
vt 0.979194 0.587154
vt 0.982893 0.596000
vt 0.985321 0.596063
vt 0.985268 0.587311
vt 0.987696 0.587374
vt 0.528810 0.750119
vt 0.536009 0.750306
vt 0.536221 0.760720
vt 0.528056 0.760614
vt 0.543209 0.750493
vt 0.544385 0.760827
vt 0.519891 0.760507
vt 0.521610 0.749933
vt 0.511727 0.760400
vt 0.514411 0.749746
vt 0.523234 0.740896
vt 0.529438 0.741175
vt 0.524809 0.732628
vt 0.530002 0.733005
vt 0.517030 0.740617
vt 0.519616 0.732251
vt 0.535641 0.741453
vt 0.541845 0.741732
vt 0.535195 0.733381
vt 0.540388 0.733758
vt 0.988914 0.605658
vt 0.992136 0.605741
vt 0.990297 0.616697
vt 0.987024 0.616612
vt 0.988992 0.629919
vt 0.985620 0.629831
vt 0.995445 0.605827
vt 0.993657 0.616784
vt 0.992455 0.630009
vt 0.983929 0.616532
vt 0.985866 0.605579
vt 0.982430 0.629749
vt 0.988095 0.596135
vt 0.991127 0.596214
vt 0.990470 0.587446
vt 0.993503 0.587525
vt 0.994333 0.596297
vt 0.997625 0.596382
vt 0.996708 0.587608
vt 1.000000 0.587693
vt 0.586376 0.550525
vt 0.591304 0.550525
vt 0.591304 0.553782
vt 0.586376 0.553782
vt 0.591304 0.557128
vt 0.586376 0.557128
vt 0.596232 0.550525
vt 0.596232 0.553782
vt 0.596232 0.557128
vt 0.581449 0.553782
vt 0.581449 0.550525
vt 0.576521 0.553782
vt 0.576521 0.550525
vt 0.581449 0.557128
vt 0.576521 0.557128
vt 0.581449 0.547443
vt 0.586376 0.547443
vt 0.576521 0.547443
vt 0.591304 0.547443
vt 0.596232 0.547443
vt 0.984543 0.664684
vt 0.988282 0.664781
vt 0.988388 0.685127
vt 0.984449 0.685025
vt 0.988476 0.706553
vt 0.984371 0.706447
vt 0.992121 0.664881
vt 0.992432 0.685232
vt 0.992692 0.706663
vt 0.980723 0.684928
vt 0.981006 0.664593
vt 0.980487 0.706346
vt 0.981516 0.645984
vt 0.984863 0.646071
vt 0.988402 0.646163
vt 0.992036 0.646257
vt 0.934508 0.826279
vt 0.932181 0.826338
vt 0.931327 0.806109
vt 0.933780 0.806046
vt 0.930615 0.784618
vt 0.933171 0.784553
vt 0.929953 0.826394
vt 0.928981 0.806168
vt 0.928169 0.784680
vt 0.936444 0.805979
vt 0.937038 0.826215
vt 0.935949 0.784483
vt 0.937855 0.844559
vt 0.935460 0.844619
vt 0.939020 0.860379
vt 0.936738 0.860437
vt 0.933257 0.844675
vt 0.931149 0.844729
vt 0.934639 0.860490
vt 0.932630 0.860541
vt 0.940475 0.883399
vt 0.938469 0.883450
vt 0.936408 0.873152
vt 0.938446 0.873101
vt 0.936549 0.883499
vt 0.934459 0.873202
vt 0.940660 0.873045
vt 0.942655 0.883344
vt 0.944888 0.892066
vt 0.942720 0.892121
vt 0.947240 0.899999
vt 0.945071 0.900054
vt 0.940724 0.892172
vt 0.938814 0.892220
vt 0.943075 0.900105
vt 0.941166 0.900153
vt 0.983701 0.749589
vt 0.987956 0.749699
vt 0.987524 0.769407
vt 0.983252 0.769297
vt 0.987094 0.786532
vt 0.982822 0.786422
vt 0.992326 0.749812
vt 0.991911 0.769521
vt 0.991480 0.786646
vt 0.979211 0.769192
vt 0.979676 0.749484
vt 0.978781 0.786317
vt 0.980120 0.728200
vt 0.984098 0.728303
vt 0.988303 0.728412
vt 0.992621 0.728524
vt 0.932021 0.740685
vt 0.929372 0.740753
vt 0.928854 0.720396
vt 0.931514 0.720329
vt 0.926837 0.740817
vt 0.926309 0.720461
vt 0.934404 0.720256
vt 0.934900 0.740613
vt 0.935425 0.762358
vt 0.932579 0.762430
vt 0.929961 0.762496
vt 0.927456 0.762560
vt 0.943532 0.639092
vt 0.943741 0.630435
vt 0.948156 0.630583
vt 0.947840 0.639048
vt 0.952543 0.630472
vt 0.952226 0.638936
vt 0.944496 0.621824
vt 0.948997 0.622099
vt 0.953384 0.621988
vt 0.947874 0.647595
vt 0.943603 0.647703
vt 0.948089 0.656327
vt 0.943817 0.656435
vt 0.952261 0.647484
vt 0.952476 0.656216
vt 0.939561 0.647806
vt 0.939383 0.639002
vt 0.939776 0.656537
vt 0.939269 0.629769
vt 0.939766 0.620776
vt 0.981546 0.842806
vt 0.981598 0.835155
vt 0.985869 0.835266
vt 0.985854 0.842860
vt 0.990256 0.835379
vt 0.990240 0.842974
vt 0.981790 0.827503
vt 0.986062 0.827614
vt 0.990448 0.827728
vt 0.986185 0.850541
vt 0.981771 0.850656
vt 0.987036 0.858451
vt 0.982535 0.858679
vt 0.990572 0.850654
vt 0.991422 0.858565
vt 0.977301 0.851230
vt 0.977398 0.842871
vt 0.977808 0.859591
vt 0.977557 0.835050
vt 0.977749 0.827398
vt 0.944286 0.675535
vt 0.944039 0.665452
vt 0.948310 0.665344
vt 0.948558 0.675427
vt 0.952697 0.665233
vt 0.952944 0.675316
vt 0.948850 0.687356
vt 0.944579 0.687464
vt 0.953237 0.687244
vt 0.940537 0.687566
vt 0.940245 0.675638
vt 0.939997 0.665555
vt 0.982211 0.810752
vt 0.982482 0.799958
vt 0.986754 0.800068
vt 0.986482 0.810862
vt 0.991140 0.800182
vt 0.990869 0.810976
vt 0.986259 0.819762
vt 0.981987 0.819651
vt 0.990646 0.819876
vt 0.977946 0.819546
vt 0.978170 0.810647
vt 0.978441 0.799853
vt 0.948186 0.604849
vt 0.952595 0.604802
vt 0.950535 0.613496
vt 0.946062 0.613350
vt 0.956981 0.604691
vt 0.954922 0.613385
vt 0.941418 0.612688
vt 0.943735 0.604767
vt 0.936687 0.611770
vt 0.939263 0.604621
vt 0.946229 0.596271
vt 0.950616 0.596160
vt 0.948811 0.587487
vt 0.953198 0.587376
vt 0.941842 0.596382
vt 0.944425 0.587598
vt 0.955003 0.596049
vt 0.959389 0.595937
vt 0.957585 0.587265
vt 0.961972 0.587154
vt 0.585297 0.489761
vt 0.585297 0.502300
vt 0.580909 0.502300
vt 0.580909 0.489761
vt 0.576521 0.502300
vt 0.576521 0.489761
vt 0.585297 0.514839
vt 0.580909 0.514839
vt 0.576521 0.514839
vt 0.580909 0.477222
vt 0.585297 0.477222
vt 0.580909 0.464683
vt 0.585297 0.464683
vt 0.576521 0.477222
vt 0.576521 0.464683
vt 0.589685 0.477222
vt 0.589685 0.489761
vt 0.594073 0.477222
vt 0.594073 0.489761
vt 0.589685 0.464683
vt 0.594073 0.464683
vt 0.589685 0.502300
vt 0.589685 0.514839
vt 0.594073 0.502300
vt 0.594073 0.514839
vt 0.316562 0.849272
vt 0.316562 0.861836
vt 0.307907 0.861779
vt 0.307907 0.849215
vt 0.299253 0.861722
vt 0.299253 0.849157
vt 0.316562 0.874400
vt 0.307907 0.874343
vt 0.299253 0.874286
vt 0.307907 0.836651
vt 0.316562 0.836708
vt 0.307907 0.824087
vt 0.316562 0.824144
vt 0.299253 0.836593
vt 0.299253 0.824029
vt 0.325217 0.836765
vt 0.325217 0.849329
vt 0.333871 0.836823
vt 0.333871 0.849387
vt 0.325217 0.824201
vt 0.333871 0.824259
vt 0.325217 0.861893
vt 0.325217 0.874457
vt 0.333871 0.861951
vt 0.333871 0.874515
vt 0.351226 0.849186
vt 0.351226 0.861752
vt 0.342549 0.861740
vt 0.342549 0.849174
vt 0.333871 0.861729
vt 0.333871 0.849162
vt 0.351226 0.874319
vt 0.342549 0.874307
vt 0.333871 0.874295
vt 0.342549 0.836608
vt 0.351226 0.836619
vt 0.342549 0.824041
vt 0.351226 0.824053
vt 0.333871 0.836596
vt 0.333871 0.824029
vt 0.359904 0.836631
vt 0.359904 0.849198
vt 0.368582 0.836643
vt 0.368582 0.849209
vt 0.359904 0.824065
vt 0.368582 0.824077
vt 0.359904 0.861764
vt 0.359904 0.874330
vt 0.368582 0.861776
vt 0.368582 0.874342
vt 0.986226 0.875241
vt 0.981776 0.875298
vt 0.979462 0.867418
vt 0.984104 0.866848
vt 0.977304 0.875412
vt 0.974734 0.868214
vt 0.988576 0.866734
vt 0.990634 0.875298
vt 0.992963 0.866848
vt 0.995021 0.875411
vt 0.993038 0.884047
vt 0.988651 0.883933
vt 0.995613 0.892890
vt 0.991227 0.892776
vt 0.997424 0.884161
vt 1.000000 0.893003
vt 0.984264 0.883820
vt 0.979877 0.883706
vt 0.986840 0.892662
vt 0.982453 0.892549
vt 0.907149 0.721041
vt 0.908518 0.721041
vt 0.908518 0.732667
vt 0.907149 0.732667
vt 0.908518 0.744083
vt 0.907149 0.744083
vt 0.910458 0.721041
vt 0.910458 0.732667
vt 0.910458 0.744083
vt 0.906159 0.732667
vt 0.906159 0.721041
vt 0.906159 0.744083
vt 0.906159 0.709699
vt 0.907149 0.709699
vt 0.906159 0.699132
vt 0.907149 0.699132
vt 0.908518 0.709699
vt 0.910458 0.709699
vt 0.908518 0.699132
vt 0.910458 0.699132
vt 0.290716 0.047968
vt 0.289548 0.054232
vt 0.282813 0.053474
vt 0.283938 0.047158
vt 0.272233 0.052307
vt 0.273290 0.045907
vt 0.287661 0.063624
vt 0.280995 0.062956
vt 0.270522 0.061929
vt 0.284537 0.042670
vt 0.291341 0.043506
vt 0.284778 0.038679
vt 0.291595 0.039525
vt 0.273849 0.041378
vt 0.274068 0.037369
vt 0.295556 0.044038
vt 0.294915 0.048484
vt 0.298475 0.044418
vt 0.297823 0.048854
vt 0.295818 0.040063
vt 0.298743 0.040446
vt 0.293719 0.054718
vt 0.291790 0.064054
vt 0.296608 0.055066
vt 0.294650 0.064365
vt 0.009137 0.134011
vt 0.014483 0.128315
vt 0.016866 0.129001
vt 0.011646 0.134598
vt 0.020420 0.129916
vt 0.015363 0.135378
vt 0.022677 0.119541
vt 0.024826 0.120392
vt 0.028049 0.121542
vt 0.008254 0.138188
vt 0.005691 0.137655
vt 0.005776 0.140773
vt 0.003195 0.140273
vt 0.012021 0.138898
vt 0.009536 0.141447
vt 0.003931 0.137241
vt 0.007433 0.133552
vt 0.002572 0.136887
vt 0.006131 0.133158
vt 0.001401 0.139890
vt 0.000000 0.139564
vt 0.012880 0.127782
vt 0.021244 0.118889
vt 0.011667 0.127325
vt 0.020168 0.118337
vt 0.907149 0.966887
vt 0.907149 0.959155
vt 0.908518 0.957433
vt 0.908518 0.965029
vt 0.910458 0.954805
vt 0.910458 0.962194
vt 0.907149 0.947243
vt 0.908518 0.945726
vt 0.910458 0.943412
vt 0.908518 0.969886
vt 0.907149 0.971833
vt 0.908518 0.973373
vt 0.907149 0.975385
vt 0.910458 0.966915
vt 0.910458 0.970300
vt 0.906159 0.972892
vt 0.906159 0.967898
vt 0.906159 0.976479
vt 0.906159 0.960093
vt 0.906159 0.948070
vt 0.291037 0.015031
vt 0.291123 0.017207
vt 0.284292 0.016350
vt 0.284206 0.014174
vt 0.273562 0.015022
vt 0.273476 0.012847
vt 0.291244 0.020286
vt 0.284414 0.019428
vt 0.273683 0.018101
vt 0.284145 0.012601
vt 0.290975 0.013458
vt 0.284095 0.011329
vt 0.290926 0.012186
vt 0.273414 0.011275
vt 0.273364 0.010003
vt 0.295207 0.014002
vt 0.295268 0.015575
vt 0.298138 0.014389
vt 0.298200 0.015962
vt 0.295157 0.012730
vt 0.298089 0.013117
vt 0.295354 0.017751
vt 0.295476 0.020829
vt 0.298286 0.018138
vt 0.298407 0.021216
vt 0.907149 0.764968
vt 0.907149 0.754797
vt 0.908518 0.754797
vt 0.908518 0.764968
vt 0.910458 0.754797
vt 0.910458 0.764968
vt 0.908518 0.774755
vt 0.907149 0.774755
vt 0.908518 0.784317
vt 0.907149 0.784317
vt 0.910458 0.774755
vt 0.910458 0.784317
vt 0.906159 0.774755
vt 0.906159 0.764968
vt 0.906159 0.784317
vt 0.906159 0.754797
vt 0.907149 0.840964
vt 0.907149 0.830888
vt 0.908518 0.830890
vt 0.908518 0.840939
vt 0.910458 0.830892
vt 0.910458 0.840900
vt 0.907149 0.821782
vt 0.908518 0.821782
vt 0.910458 0.821784
vt 0.908518 0.852989
vt 0.907149 0.853095
vt 0.908518 0.868099
vt 0.907149 0.868369
vt 0.910458 0.852827
vt 0.910458 0.867687
vt 0.906159 0.853153
vt 0.906159 0.840977
vt 0.906159 0.868515
vt 0.906159 0.830887
vt 0.906159 0.821781
vt 0.427678 0.769208
vt 0.427678 0.780208
vt 0.424408 0.780208
vt 0.424408 0.769208
vt 0.421708 0.780208
vt 0.421708 0.769208
vt 0.427678 0.791325
vt 0.424408 0.791325
vt 0.421708 0.791325
vt 0.424408 0.758287
vt 0.427678 0.758287
vt 0.424408 0.747406
vt 0.427678 0.747406
vt 0.421708 0.758287
vt 0.421708 0.747406
vt 0.431328 0.758287
vt 0.431328 0.769208
vt 0.435167 0.758287
vt 0.435167 0.769208
vt 0.431328 0.747406
vt 0.435167 0.747406
vt 0.431328 0.780208
vt 0.431328 0.791325
vt 0.435167 0.780208
vt 0.435167 0.791325
vt 0.573899 0.892752
vt 0.574589 0.906235
vt 0.571813 0.906234
vt 0.571395 0.892752
vt 0.569493 0.906234
vt 0.569284 0.892752
vt 0.575216 0.918395
vt 0.572193 0.918395
vt 0.569683 0.918395
vt 0.571053 0.878546
vt 0.573335 0.878546
vt 0.570901 0.864218
vt 0.573085 0.864218
vt 0.569113 0.878546
vt 0.569037 0.864218
vt 0.575845 0.878546
vt 0.576666 0.892752
vt 0.578469 0.878547
vt 0.579563 0.892752
vt 0.575481 0.864218
vt 0.577983 0.864218
vt 0.577669 0.906235
vt 0.578580 0.918395
vt 0.580901 0.906235
vt 0.582116 0.918395
vt 0.282308 0.227480
vt 0.282535 0.237882
vt 0.280120 0.238885
vt 0.279923 0.227799
vt 0.276399 0.239545
vt 0.276195 0.228070
vt 0.282660 0.248764
vt 0.280392 0.250221
vt 0.276190 0.254621
vt 0.279524 0.217714
vt 0.281930 0.217623
vt 0.278951 0.208167
vt 0.281426 0.208073
vt 0.275745 0.217858
vt 0.275065 0.208314
vt 0.283421 0.217566
vt 0.283781 0.227347
vt 0.284454 0.217526
vt 0.284799 0.227307
vt 0.282960 0.208015
vt 0.284023 0.207974
vt 0.284012 0.237520
vt 0.284081 0.248245
vt 0.285019 0.237477
vt 0.285079 0.248196
vt 0.276363 0.151787
vt 0.277229 0.161544
vt 0.273222 0.161635
vt 0.271737 0.151854
vt 0.266928 0.161783
vt 0.264471 0.151968
vt 0.278329 0.170657
vt 0.274869 0.170757
vt 0.269436 0.170915
vt 0.270865 0.140653
vt 0.276104 0.140637
vt 0.271054 0.127273
vt 0.276827 0.127345
vt 0.262634 0.140691
vt 0.261985 0.127175
vt 0.279350 0.140634
vt 0.279229 0.151750
vt 0.281599 0.140640
vt 0.281215 0.151729
vt 0.280403 0.127400
vt 0.282881 0.127447
vt 0.279712 0.161490
vt 0.280472 0.170597
vt 0.281433 0.161455
vt 0.281958 0.170555
vt 0.575843 0.758032
vt 0.575843 0.761385
vt 0.572573 0.755297
vt 0.572573 0.751587
vt 0.569873 0.750326
vt 0.569873 0.746320
vt 0.575843 0.766473
vt 0.572573 0.761028
vt 0.569873 0.756587
vt 0.572573 0.749224
vt 0.575843 0.755835
vt 0.572573 0.747535
vt 0.575843 0.754216
vt 0.569873 0.743816
vt 0.569873 0.742063
vt 0.579492 0.763246
vt 0.579492 0.765262
vt 0.583332 0.771059
vt 0.583332 0.772884
vt 0.579492 0.761702
vt 0.583332 0.769590
vt 0.579492 0.768218
vt 0.579492 0.772585
vt 0.583332 0.775423
vt 0.583332 0.779032
vt 0.045094 0.141050
vt 0.049114 0.136695
vt 0.051839 0.137762
vt 0.047853 0.141921
vt 0.055113 0.139383
vt 0.051145 0.143259
vt 0.054422 0.130261
vt 0.057120 0.131623
vt 0.060460 0.133651
vt 0.044731 0.144758
vt 0.041931 0.144018
vt 0.042040 0.146936
vt 0.039197 0.146292
vt 0.048096 0.145897
vt 0.045507 0.147916
vt 0.038980 0.143451
vt 0.042164 0.140393
vt 0.035162 0.142833
vt 0.038362 0.139697
vt 0.036249 0.145784
vt 0.032467 0.145207
vt 0.046253 0.135885
vt 0.051700 0.129204
vt 0.042569 0.135038
vt 0.048288 0.128094
vt 0.575780 0.807464
vt 0.575592 0.811790
vt 0.572421 0.811790
vt 0.572535 0.807364
vt 0.569797 0.811790
vt 0.569854 0.807283
vt 0.575216 0.817702
vt 0.572193 0.817702
vt 0.569683 0.817702
vt 0.572573 0.803022
vt 0.575843 0.803422
vt 0.572573 0.797360
vt 0.575843 0.798360
vt 0.569873 0.802696
vt 0.569873 0.796545
vt 0.579492 0.803871
vt 0.579401 0.807576
vt 0.583332 0.804345
vt 0.583210 0.807695
vt 0.579492 0.799484
vt 0.583332 0.800669
vt 0.579128 0.811790
vt 0.578580 0.817702
vt 0.582846 0.811790
vt 0.582116 0.817702
vt 0.280116 0.189191
vt 0.280825 0.198593
vt 0.278235 0.198690
vt 0.277340 0.189292
vt 0.274168 0.198843
vt 0.272982 0.189449
vt 0.276230 0.179978
vt 0.279287 0.179876
vt 0.271429 0.180138
vt 0.281182 0.179813
vt 0.281836 0.189128
vt 0.282495 0.179769
vt 0.283028 0.189084
vt 0.282430 0.198532
vt 0.283542 0.198490
vt 0.575780 0.937431
vt 0.575843 0.945267
vt 0.572573 0.945267
vt 0.572535 0.937431
vt 0.569873 0.945267
vt 0.569854 0.937431
vt 0.575843 0.952623
vt 0.572573 0.952623
vt 0.569873 0.952623
vt 0.572421 0.928633
vt 0.575592 0.928633
vt 0.569797 0.928633
vt 0.579128 0.928634
vt 0.579401 0.937431
vt 0.582846 0.928634
vt 0.583210 0.937431
vt 0.579492 0.945267
vt 0.579492 0.952623
vt 0.583332 0.945267
vt 0.583332 0.952623
vt 0.907149 0.803232
vt 0.907149 0.793813
vt 0.908518 0.793813
vt 0.908518 0.803232
vt 0.910458 0.793813
vt 0.910458 0.803232
vt 0.908518 0.812559
vt 0.907149 0.812559
vt 0.910458 0.812559
vt 0.906159 0.812558
vt 0.906159 0.803232
vt 0.906159 0.793813
vt 0.218396 0.191404
vt 0.222919 0.200983
vt 0.212915 0.201460
vt 0.207830 0.191781
vt 0.202845 0.201947
vt 0.197201 0.192159
vt 0.226100 0.210750
vt 0.216546 0.211378
vt 0.206928 0.212026
vt 0.201123 0.182133
vt 0.212306 0.181868
vt 0.192630 0.172310
vt 0.204424 0.172230
vt 0.189902 0.182391
vt 0.180850 0.172371
vt 0.223414 0.181592
vt 0.228838 0.191032
vt 0.234407 0.181298
vt 0.239095 0.190665
vt 0.216247 0.172114
vt 0.228113 0.171944
vt 0.232787 0.200525
vt 0.235526 0.210163
vt 0.242453 0.200095
vt 0.244760 0.209636
vt 0.183622 0.151997
vt 0.194523 0.162344
vt 0.182184 0.162104
vt 0.170554 0.151946
vt 0.169950 0.161826
vt 0.157664 0.151977
vt 0.158507 0.142265
vt 0.172739 0.140975
vt 0.147489 0.131568
vt 0.163061 0.128584
vt 0.144455 0.144046
vt 0.130785 0.139254
vt 0.187328 0.140671
vt 0.197047 0.152213
vt 0.202667 0.140808
vt 0.211060 0.152416
vt 0.179071 0.127322
vt 0.195939 0.127018
vt 0.207072 0.162508
vt 0.219937 0.162556
vt 0.229395 0.231200
vt 0.230066 0.241716
vt 0.220994 0.243355
vt 0.220263 0.232436
vt 0.211862 0.245082
vt 0.211071 0.233734
vt 0.230459 0.252316
vt 0.221402 0.254384
vt 0.212287 0.256570
vt 0.218888 0.221740
vt 0.228166 0.220850
vt 0.209549 0.222669
vt 0.237321 0.220036
vt 0.238407 0.230086
vt 0.246291 0.219336
vt 0.247240 0.229157
vt 0.239022 0.240254
vt 0.239400 0.250481
vt 0.247802 0.239057
vt 0.248170 0.248997
vt 0.138130 0.029623
vt 0.138277 0.031771
vt 0.113419 0.044617
vt 0.113152 0.042541
vt 0.090200 0.059552
vt 0.089703 0.057621
vt 0.138501 0.034813
vt 0.113829 0.047553
vt 0.090959 0.062277
vt 0.112980 0.041039
vt 0.138035 0.028070
vt 0.112856 0.039823
vt 0.137966 0.026815
vt 0.089381 0.056218
vt 0.089145 0.055080
vt 0.163795 0.017876
vt 0.163863 0.019446
vt 0.189511 0.011019
vt 0.189575 0.012589
vt 0.163745 0.016608
vt 0.189461 0.009750
vt 0.163963 0.021618
vt 0.164114 0.024695
vt 0.189669 0.014762
vt 0.189805 0.017839
vt 0.141130 0.061121
vt 0.142189 0.066352
vt 0.120127 0.076778
vt 0.118457 0.072310
vt 0.100861 0.088387
vt 0.098690 0.084701
vt 0.143926 0.074081
vt 0.122814 0.083286
vt 0.104253 0.093681
vt 0.117444 0.068881
vt 0.140514 0.057241
vt 0.116725 0.065489
vt 0.140104 0.053568
vt 0.097268 0.081774
vt 0.096123 0.078757
vt 0.165292 0.047694
vt 0.165547 0.051941
vt 0.190591 0.041078
vt 0.190546 0.045583
vt 0.165098 0.043824
vt 0.190547 0.037088
vt 0.165976 0.057835
vt 0.166690 0.066643
vt 0.190417 0.051956
vt 0.190208 0.061552
vt 0.282608 0.271442
vt 0.281301 0.271593
vt 0.281015 0.261050
vt 0.282732 0.260056
vt 0.279878 0.271770
vt 0.279053 0.262355
vt 0.283958 0.259686
vt 0.283685 0.271344
vt 0.284940 0.259627
vt 0.284647 0.271273
vt 0.283304 0.282724
vt 0.282149 0.282602
vt 0.282856 0.293327
vt 0.281569 0.293118
vt 0.284242 0.282640
vt 0.283770 0.293234
vt 0.280561 0.282069
vt 0.278756 0.281330
vt 0.279536 0.292304
vt 0.275782 0.289497
vt 0.289731 0.439634
vt 0.292277 0.439634
vt 0.292277 0.452173
vt 0.289731 0.452173
vt 0.292277 0.464712
vt 0.289731 0.464712
vt 0.294822 0.439634
vt 0.294822 0.452173
vt 0.294822 0.464712
vt 0.287186 0.452173
vt 0.287186 0.439634
vt 0.284640 0.452173
vt 0.284640 0.439634
vt 0.287186 0.464712
vt 0.284640 0.464712
vt 0.287186 0.427095
vt 0.289731 0.427095
vt 0.287186 0.414556
vt 0.289731 0.414556
vt 0.284640 0.427095
vt 0.284640 0.414556
vt 0.292277 0.427095
vt 0.294822 0.427095
vt 0.292277 0.414556
vt 0.294822 0.414556
vt 0.427678 0.813650
vt 0.424408 0.813650
vt 0.424408 0.802599
vt 0.427678 0.802599
vt 0.421708 0.813650
vt 0.421708 0.802599
vt 0.431328 0.802599
vt 0.431328 0.813650
vt 0.435167 0.802599
vt 0.435167 0.813650
vt 0.431328 0.824099
vt 0.427678 0.824099
vt 0.431328 0.833566
vt 0.427678 0.833565
vt 0.435167 0.824099
vt 0.435167 0.833566
vt 0.424408 0.824099
vt 0.421708 0.824099
vt 0.424408 0.833566
vt 0.421708 0.833565
vt 0.418399 0.868992
vt 0.418399 0.864643
vt 0.419769 0.864643
vt 0.419769 0.868992
vt 0.421708 0.864643
vt 0.421708 0.868992
vt 0.418399 0.859899
vt 0.419769 0.859899
vt 0.421708 0.859899
vt 0.419769 0.873078
vt 0.418399 0.873078
vt 0.419769 0.877033
vt 0.418399 0.877033
vt 0.421708 0.873079
vt 0.421708 0.877033
vt 0.417409 0.873079
vt 0.417409 0.868992
vt 0.417409 0.877033
vt 0.417409 0.864643
vt 0.417409 0.859899
vt 0.265605 0.339564
vt 0.265311 0.333499
vt 0.270710 0.332830
vt 0.270892 0.338926
vt 0.275046 0.332287
vt 0.275108 0.338389
vt 0.265081 0.327153
vt 0.270613 0.326456
vt 0.275076 0.325909
vt 0.271114 0.344884
vt 0.265916 0.345490
vt 0.271332 0.350841
vt 0.266200 0.351422
vt 0.275225 0.344351
vt 0.275362 0.350311
vt 0.259888 0.346067
vt 0.259553 0.340225
vt 0.253283 0.346514
vt 0.253042 0.340834
vt 0.260176 0.351929
vt 0.253474 0.352241
vt 0.259202 0.334245
vt 0.258865 0.327973
vt 0.252736 0.335018
vt 0.252354 0.328886
vt 0.264915 0.313200
vt 0.264916 0.305610
vt 0.270895 0.303703
vt 0.270756 0.312178
vt 0.275686 0.302203
vt 0.275455 0.311387
vt 0.264939 0.297817
vt 0.271048 0.294734
vt 0.270645 0.319667
vt 0.264959 0.320384
vt 0.275232 0.319115
vt 0.258572 0.321252
vt 0.258311 0.314194
vt 0.251881 0.322255
vt 0.251339 0.315250
vt 0.258071 0.306913
vt 0.257843 0.299519
vt 0.250753 0.307996
vt 0.250143 0.300616
vt 0.418399 0.848621
vt 0.418399 0.841670
vt 0.419769 0.841670
vt 0.419769 0.848621
vt 0.421708 0.841670
vt 0.421708 0.848621
vt 0.418399 0.833565
vt 0.419769 0.833566
vt 0.419769 0.854627
vt 0.418399 0.854627
vt 0.421708 0.854627
vt 0.417409 0.854627
vt 0.417409 0.848621
vt 0.417409 0.841670
vt 0.417409 0.833566
vt 0.916428 0.681588
vt 0.916428 0.689833
vt 0.913158 0.689833
vt 0.913158 0.681588
vt 0.910458 0.689833
vt 0.910458 0.681588
vt 0.916428 0.699132
vt 0.913158 0.699132
vt 0.913158 0.674182
vt 0.916428 0.674182
vt 0.913158 0.667400
vt 0.916428 0.667400
vt 0.910458 0.674182
vt 0.910458 0.667400
vt 0.920077 0.674182
vt 0.920077 0.681588
vt 0.923917 0.674182
vt 0.923917 0.681588
vt 0.920077 0.667400
vt 0.923917 0.667400
vt 0.920077 0.689833
vt 0.920077 0.699132
vt 0.923917 0.689833
vt 0.923917 0.699132
vt 0.237476 0.317778
vt 0.235888 0.310615
vt 0.243352 0.309243
vt 0.244397 0.316457
vt 0.234148 0.303279
vt 0.242227 0.301884
vt 0.245284 0.323380
vt 0.238758 0.324595
vt 0.245933 0.329866
vt 0.239581 0.330895
vt 0.232279 0.325872
vt 0.230569 0.319174
vt 0.225823 0.327178
vt 0.223670 0.320609
vt 0.233273 0.331957
vt 0.226989 0.333035
vt 0.228384 0.312069
vt 0.225960 0.304759
vt 0.220859 0.313564
vt 0.217718 0.306281
vt 0.238805 0.363541
vt 0.238664 0.357578
vt 0.246315 0.358057
vt 0.246374 0.363969
vt 0.253629 0.358197
vt 0.253778 0.364169
vt 0.238693 0.351817
vt 0.246306 0.352234
vt 0.246473 0.369743
vt 0.238908 0.369321
vt 0.246602 0.375150
vt 0.238986 0.374722
vt 0.253951 0.369946
vt 0.254181 0.375314
vt 0.231740 0.368884
vt 0.231493 0.363057
vt 0.225448 0.368634
vt 0.225094 0.362882
vt 0.231797 0.374216
vt 0.225500 0.373817
vt 0.230894 0.356792
vt 0.230657 0.350900
vt 0.224158 0.356498
vt 0.221334 0.348613
vt 0.916428 0.630831
vt 0.916428 0.636909
vt 0.913158 0.636908
vt 0.913158 0.630791
vt 0.910458 0.636907
vt 0.910458 0.630759
vt 0.916428 0.643005
vt 0.913158 0.643005
vt 0.910458 0.643005
vt 0.913158 0.624769
vt 0.916428 0.624927
vt 0.913158 0.618959
vt 0.916428 0.619351
vt 0.910458 0.624648
vt 0.910458 0.618657
vt 0.920077 0.625109
vt 0.920077 0.630878
vt 0.923917 0.625304
vt 0.923917 0.630928
vt 0.920077 0.619804
vt 0.923917 0.620286
vt 0.920077 0.636910
vt 0.920077 0.643006
vt 0.923917 0.636911
vt 0.923917 0.643007
vt 0.916428 0.654929
vt 0.916428 0.661028
vt 0.913158 0.661028
vt 0.913158 0.654929
vt 0.910458 0.661028
vt 0.910458 0.654929
vt 0.913158 0.648967
vt 0.916428 0.648967
vt 0.910458 0.648966
vt 0.920077 0.648967
vt 0.920077 0.654929
vt 0.923917 0.648967
vt 0.923917 0.654929
vt 0.920077 0.661028
vt 0.923917 0.661028
vt 0.239572 0.341670
vt 0.239792 0.336503
vt 0.246266 0.335769
vt 0.246376 0.341315
vt 0.246358 0.346728
vt 0.239101 0.346645
vt 0.231499 0.346196
vt 0.232644 0.341898
vt 0.223726 0.345565
vt 0.225656 0.342064
vt 0.233316 0.337225
vt 0.226838 0.337942
vt 0.239157 0.394409
vt 0.239196 0.392518
vt 0.247285 0.392813
vt 0.247367 0.394683
vt 0.255808 0.392617
vt 0.256001 0.394444
vt 0.239172 0.390285
vt 0.247185 0.390605
vt 0.255557 0.390467
vt 0.247443 0.396560
vt 0.238998 0.396306
vt 0.247525 0.398790
vt 0.238883 0.398548
vt 0.256155 0.396292
vt 0.256288 0.398503
vt 0.230835 0.395747
vt 0.231592 0.393826
vt 0.224001 0.394963
vt 0.225152 0.393106
vt 0.230194 0.397997
vt 0.220409 0.397431
vt 0.231845 0.391929
vt 0.231847 0.389699
vt 0.225538 0.391244
vt 0.225540 0.389038
vt 0.916428 0.598225
vt 0.916428 0.600115
vt 0.913158 0.597539
vt 0.913158 0.595380
vt 0.910458 0.595558
vt 0.910458 0.593191
vt 0.916428 0.602576
vt 0.913158 0.600352
vt 0.910458 0.598641
vt 0.913158 0.593657
vt 0.916428 0.596718
vt 0.913158 0.592152
vt 0.916428 0.595401
vt 0.910458 0.591303
vt 0.910458 0.589653
vt 0.920077 0.600249
vt 0.920077 0.601509
vt 0.923917 0.604016
vt 0.923917 0.605011
vt 0.920077 0.599149
vt 0.923917 0.603148
vt 0.920077 0.603087
vt 0.920077 0.605143
vt 0.923917 0.606257
vt 0.923917 0.607881
vt 0.266648 0.363510
vt 0.266409 0.357500
vt 0.271503 0.356935
vt 0.271757 0.362939
vt 0.275485 0.356406
vt 0.275744 0.362400
vt 0.272224 0.368627
vt 0.267017 0.369235
vt 0.273035 0.373774
vt 0.267620 0.374462
vt 0.276293 0.368054
vt 0.277285 0.373132
vt 0.260863 0.369726
vt 0.260595 0.363968
vt 0.261261 0.375030
vt 0.260389 0.357966
vt 0.216431 0.381872
vt 0.220589 0.382210
vt 0.220587 0.385658
vt 0.216425 0.385194
vt 0.220582 0.388494
vt 0.216416 0.387940
vt 0.225542 0.382618
vt 0.225544 0.386148
vt 0.212501 0.384644
vt 0.212514 0.381507
vt 0.208260 0.383893
vt 0.208283 0.381013
vt 0.212487 0.387247
vt 0.208238 0.386286
vt 0.212521 0.377917
vt 0.216429 0.378047
vt 0.212518 0.373957
vt 0.216415 0.373791
vt 0.208301 0.377724
vt 0.208311 0.374105
vt 0.220581 0.378207
vt 0.225530 0.378494
vt 0.220558 0.373710
vt 0.296034 0.397517
vt 0.296214 0.401300
vt 0.293443 0.401938
vt 0.293267 0.398153
vt 0.289091 0.402938
vt 0.288922 0.399151
vt 0.296345 0.405279
vt 0.293574 0.405916
vt 0.289223 0.406917
vt 0.293002 0.394755
vt 0.295757 0.394124
vt 0.292603 0.391939
vt 0.295335 0.391316
vt 0.288675 0.395746
vt 0.288313 0.392916
vt 0.297465 0.393732
vt 0.297749 0.397123
vt 0.298649 0.393461
vt 0.298937 0.396850
vt 0.297028 0.390930
vt 0.298202 0.390663
vt 0.297931 0.400905
vt 0.298062 0.404884
vt 0.299121 0.400632
vt 0.299253 0.404610
vt 0.239152 0.404913
vt 0.239299 0.408713
vt 0.230889 0.408067
vt 0.230674 0.404282
vt 0.222560 0.407230
vt 0.222253 0.403465
vt 0.239431 0.412692
vt 0.231021 0.412045
vt 0.222691 0.411209
vt 0.230292 0.400884
vt 0.238974 0.401471
vt 0.221594 0.400127
vt 0.247628 0.401720
vt 0.247744 0.405174
vt 0.256421 0.401421
vt 0.256553 0.404869
vt 0.247871 0.408978
vt 0.248002 0.412957
vt 0.256684 0.408671
vt 0.256816 0.412650
vt 0.273329 0.392108
vt 0.272725 0.390438
vt 0.280085 0.389008
vt 0.280919 0.390590
vt 0.286025 0.387721
vt 0.287057 0.389227
vt 0.271914 0.388501
vt 0.278961 0.387190
vt 0.284629 0.386007
vt 0.281519 0.392267
vt 0.273769 0.393846
vt 0.281944 0.394367
vt 0.274089 0.395985
vt 0.287797 0.390851
vt 0.265122 0.395287
vt 0.264839 0.393489
vt 0.265340 0.397466
vt 0.264461 0.391733
vt 0.263956 0.389679
vt 0.216292 0.364265
vt 0.220263 0.363381
vt 0.220515 0.368777
vt 0.216384 0.369179
vt 0.212501 0.369709
vt 0.212472 0.365243
vt 0.208307 0.370235
vt 0.208294 0.366176
vt 0.212436 0.360634
vt 0.216094 0.359105
vt 0.212396 0.355952
vt 0.215843 0.353822
vt 0.208274 0.361992
vt 0.208250 0.357744
vt 0.219613 0.357498
vt 0.218765 0.351370
vt 0.182782 0.376989
vt 0.184953 0.377349
vt 0.184870 0.378574
vt 0.182693 0.378055
vt 0.184794 0.379514
vt 0.182612 0.378853
vt 0.188101 0.377872
vt 0.188026 0.379327
vt 0.187958 0.380471
vt 0.181168 0.377691
vt 0.181262 0.376737
vt 0.179970 0.377406
vt 0.180067 0.376538
vt 0.181083 0.378390
vt 0.179882 0.378026
vt 0.181354 0.375435
vt 0.182870 0.375574
vt 0.181433 0.373695
vt 0.182945 0.373732
vt 0.180162 0.375325
vt 0.180244 0.373666
vt 0.185035 0.375774
vt 0.188174 0.376064
vt 0.185105 0.373785
vt 0.188236 0.373862
vt 0.464794 0.751451
vt 0.464794 0.753774
vt 0.461524 0.754252
vt 0.461524 0.751929
vt 0.458824 0.754620
vt 0.458824 0.752297
vt 0.464794 0.757141
vt 0.461524 0.757619
vt 0.458824 0.757987
vt 0.461524 0.750303
vt 0.464794 0.749825
vt 0.461524 0.749025
vt 0.464794 0.748546
vt 0.458824 0.750671
vt 0.458824 0.749393
vt 0.468443 0.749273
vt 0.468443 0.750899
vt 0.472283 0.748684
vt 0.472283 0.750310
vt 0.468443 0.747994
vt 0.472283 0.747406
vt 0.468443 0.753222
vt 0.468443 0.756589
vt 0.472283 0.752633
vt 0.472283 0.756000
vt 0.653451 0.836046
vt 0.653451 0.832708
vt 0.654821 0.832708
vt 0.654821 0.836046
vt 0.656760 0.832708
vt 0.656760 0.836046
vt 0.653451 0.829579
vt 0.654821 0.829579
vt 0.656761 0.829579
vt 0.654821 0.839805
vt 0.653451 0.839805
vt 0.654821 0.844194
vt 0.653451 0.844194
vt 0.656760 0.839805
vt 0.656760 0.844194
vt 0.652461 0.839805
vt 0.652461 0.836046
vt 0.652461 0.844194
vt 0.652461 0.832708
vt 0.652461 0.829579
vt 0.464800 0.786949
vt 0.464819 0.790420
vt 0.461624 0.791695
vt 0.461549 0.787626
vt 0.458974 0.792765
vt 0.458862 0.788170
vt 0.464844 0.793719
vt 0.461724 0.795792
vt 0.459324 0.799348
vt 0.461524 0.783612
vt 0.464794 0.783133
vt 0.461524 0.779147
vt 0.464794 0.778669
vt 0.458824 0.783979
vt 0.458824 0.779515
vt 0.468443 0.782581
vt 0.468443 0.786330
vt 0.472283 0.781993
vt 0.472283 0.785741
vt 0.468443 0.778117
vt 0.472283 0.777529
vt 0.468443 0.789602
vt 0.468443 0.792636
vt 0.472283 0.789013
vt 0.472283 0.792047
vt 0.055177 0.744103
vt 0.052272 0.744103
vt 0.052272 0.742712
vt 0.055169 0.742712
vt 0.052272 0.740741
vt 0.055152 0.740741
vt 0.049415 0.744103
vt 0.049415 0.742712
vt 0.049415 0.740741
vt 0.058147 0.742712
vt 0.058181 0.744103
vt 0.061249 0.742712
vt 0.061333 0.744103
vt 0.058080 0.740741
vt 0.061081 0.740741
vt 0.058192 0.745109
vt 0.055180 0.745109
vt 0.061361 0.745109
vt 0.052272 0.745109
vt 0.049415 0.745109
vt 0.077458 0.744103
vt 0.075882 0.744103
vt 0.075328 0.742712
vt 0.076846 0.742712
vt 0.074221 0.740741
vt 0.075623 0.740741
vt 0.073829 0.744103
vt 0.073351 0.742712
vt 0.072394 0.740741
vt 0.078057 0.742712
vt 0.078715 0.744103
vt 0.079115 0.742712
vt 0.079814 0.744103
vt 0.076741 0.740741
vt 0.077718 0.740741
vt 0.078935 0.745109
vt 0.077662 0.745109
vt 0.080047 0.745109
vt 0.076067 0.745109
vt 0.073988 0.745109
vt 0.183034 0.368651
vt 0.185186 0.368493
vt 0.185154 0.371318
vt 0.182998 0.371382
vt 0.188306 0.368265
vt 0.188279 0.371227
vt 0.181489 0.371426
vt 0.181527 0.368761
vt 0.180302 0.371461
vt 0.180342 0.368848
vt 0.181553 0.365832
vt 0.183058 0.365666
vt 0.181573 0.362770
vt 0.183076 0.362554
vt 0.180370 0.365962
vt 0.180392 0.362940
vt 0.185207 0.365430
vt 0.188322 0.365087
vt 0.185223 0.362246
vt 0.188334 0.361800
vt 0.653451 0.870151
vt 0.653451 0.867949
vt 0.654821 0.867949
vt 0.654821 0.870151
vt 0.656760 0.867949
vt 0.656760 0.870151
vt 0.653451 0.864758
vt 0.654821 0.864758
vt 0.656760 0.864758
vt 0.654821 0.871693
vt 0.653451 0.871693
vt 0.654821 0.872905
vt 0.653451 0.872905
vt 0.656760 0.871693
vt 0.656761 0.872905
vt 0.652461 0.871693
vt 0.652461 0.870151
vt 0.652461 0.872905
vt 0.652461 0.867949
vt 0.652461 0.864758
vt 0.293826 0.387724
vt 0.292574 0.386302
vt 0.294152 0.385960
vt 0.295458 0.387362
vt 0.295247 0.385723
vt 0.296589 0.387111
vt 0.290878 0.384702
vt 0.292385 0.384388
vt 0.293429 0.384170
vt 0.296388 0.388913
vt 0.294719 0.389289
vt 0.297545 0.388652
vt 0.292026 0.389897
vt 0.291193 0.388309
vt 0.290026 0.386854
vt 0.288447 0.385210
vt 0.274522 0.402287
vt 0.274673 0.406082
vt 0.265821 0.407602
vt 0.265681 0.403803
vt 0.274804 0.410061
vt 0.265952 0.411581
vt 0.265523 0.400364
vt 0.274334 0.398861
vt 0.282252 0.397218
vt 0.282471 0.400633
vt 0.282632 0.404424
vt 0.282763 0.408403
vt 0.280141 0.361805
vt 0.279875 0.355823
vt 0.280933 0.355683
vt 0.281200 0.361662
vt 0.281667 0.355586
vt 0.281935 0.361563
vt 0.279806 0.349726
vt 0.280878 0.349585
vt 0.281620 0.349487
vt 0.281862 0.367270
vt 0.280781 0.367422
vt 0.283101 0.372253
vt 0.281972 0.372423
vt 0.282612 0.367164
vt 0.283885 0.372134
vt 0.279035 0.367668
vt 0.278430 0.362037
vt 0.280148 0.372699
vt 0.278167 0.356050
vt 0.278077 0.349953
vt 0.280666 0.311021
vt 0.281083 0.302575
vt 0.282383 0.302658
vt 0.281921 0.310931
vt 0.283273 0.302559
vt 0.282789 0.310830
vt 0.281510 0.318360
vt 0.280290 0.318507
vt 0.281184 0.325160
vt 0.279997 0.325306
vt 0.282355 0.318259
vt 0.282006 0.325059
vt 0.278322 0.318744
vt 0.278634 0.311087
vt 0.278083 0.325540
vt 0.278966 0.302125
vt 0.279757 0.337796
vt 0.279828 0.331690
vt 0.280981 0.331546
vt 0.280878 0.337653
vt 0.281780 0.331446
vt 0.281655 0.337554
vt 0.280851 0.343621
vt 0.279759 0.343763
vt 0.281609 0.343522
vt 0.277995 0.343991
vt 0.277948 0.338027
vt 0.277968 0.331922
vt 0.238023 0.776762
vt 0.240913 0.776687
vt 0.241184 0.787481
vt 0.238294 0.787556
vt 0.241524 0.801017
vt 0.238634 0.801092
vt 0.244149 0.776603
vt 0.244420 0.787397
vt 0.244760 0.800933
vt 0.235634 0.787625
vt 0.235363 0.776831
vt 0.233090 0.787691
vt 0.232819 0.776896
vt 0.235974 0.801161
vt 0.233430 0.801227
vt 0.235140 0.767931
vt 0.237800 0.767862
vt 0.234942 0.760079
vt 0.237602 0.760010
vt 0.232595 0.767997
vt 0.232398 0.760145
vt 0.240690 0.767787
vt 0.243925 0.767703
vt 0.240492 0.759935
vt 0.243728 0.759851
vt 0.258397 0.189974
vt 0.260550 0.199358
vt 0.251849 0.199703
vt 0.249103 0.190307
vt 0.262051 0.208823
vt 0.253737 0.209190
vt 0.245249 0.180980
vt 0.255395 0.180664
vt 0.240038 0.171702
vt 0.251348 0.171424
vt 0.264303 0.180375
vt 0.266512 0.189682
vt 0.261372 0.171150
vt 0.268132 0.199068
vt 0.269296 0.208532
vt 0.240465 0.152319
vt 0.246061 0.162248
vt 0.233222 0.162450
vt 0.225895 0.152430
vt 0.219150 0.140848
vt 0.235494 0.140820
vt 0.214082 0.126908
vt 0.232082 0.126936
vt 0.250417 0.140757
vt 0.253686 0.152144
vt 0.248522 0.127044
vt 0.257585 0.162007
vt 0.263785 0.228091
vt 0.264226 0.238047
vt 0.256347 0.238214
vt 0.255833 0.228474
vt 0.264542 0.248123
vt 0.256709 0.247982
vt 0.255014 0.218790
vt 0.263094 0.218375
vt 0.270137 0.218072
vt 0.270694 0.228062
vt 0.271006 0.238878
vt 0.271194 0.250106
vt 0.237519 0.009445
vt 0.237605 0.011619
vt 0.214584 0.011806
vt 0.214495 0.009633
vt 0.237728 0.014696
vt 0.214711 0.014883
vt 0.214432 0.008062
vt 0.237456 0.007873
vt 0.214381 0.006792
vt 0.237406 0.006603
vt 0.257484 0.009321
vt 0.257546 0.010894
vt 0.257434 0.008050
vt 0.257632 0.013068
vt 0.257754 0.016146
vt 0.237658 0.042701
vt 0.236869 0.049313
vt 0.214440 0.049441
vt 0.214965 0.042854
vt 0.235583 0.059293
vt 0.213584 0.059385
vt 0.215225 0.038233
vt 0.238065 0.038065
vt 0.215289 0.034187
vt 0.238203 0.034009
vt 0.257982 0.039478
vt 0.257481 0.044071
vt 0.258170 0.035441
vt 0.256526 0.050594
vt 0.254973 0.060424
vt 0.238071 0.023962
vt 0.238189 0.029140
vt 0.215224 0.029323
vt 0.215077 0.024148
vt 0.190408 0.032257
vt 0.190213 0.027098
vt 0.214891 0.019166
vt 0.237900 0.018979
vt 0.189999 0.022121
vt 0.257923 0.020429
vt 0.258086 0.025410
vt 0.273853 0.022384
vt 0.274012 0.027362
vt 0.258186 0.030583
vt 0.274103 0.032527
vt 0.455325 0.846898
vt 0.454525 0.846898
vt 0.454525 0.838127
vt 0.455325 0.838127
vt 0.454525 0.829018
vt 0.455325 0.829018
vt 0.456125 0.838127
vt 0.456125 0.846898
vt 0.456924 0.838127
vt 0.456924 0.846898
vt 0.456125 0.829018
vt 0.456924 0.829018
vt 0.456125 0.854753
vt 0.455325 0.854753
vt 0.456125 0.861112
vt 0.455325 0.861112
vt 0.456924 0.854753
vt 0.456924 0.861112
vt 0.454525 0.854753
vt 0.454525 0.861112
vt 0.662730 0.870151
vt 0.662730 0.867949
vt 0.666380 0.867949
vt 0.666380 0.870151
vt 0.670219 0.867949
vt 0.670219 0.870151
vt 0.662730 0.864758
vt 0.666380 0.864758
vt 0.670219 0.864758
vt 0.666380 0.871693
vt 0.662730 0.871693
vt 0.666380 0.872905
vt 0.662730 0.872905
vt 0.670219 0.871693
vt 0.670219 0.872905
vt 0.659460 0.871693
vt 0.659460 0.870151
vt 0.659460 0.872905
vt 0.659460 0.867949
vt 0.659460 0.864758
vt 0.070933 0.734676
vt 0.069976 0.734676
vt 0.067207 0.730969
vt 0.067874 0.730969
vt 0.064254 0.727068
vt 0.064611 0.727068
vt 0.068728 0.734676
vt 0.066338 0.730969
vt 0.063788 0.727068
vt 0.068406 0.730969
vt 0.071696 0.734676
vt 0.068871 0.730969
vt 0.072363 0.734676
vt 0.064897 0.727068
vt 0.065146 0.727068
vt 0.074548 0.737998
vt 0.073584 0.737998
vt 0.075390 0.737998
vt 0.072375 0.737998
vt 0.070800 0.737998
vt 0.055087 0.734676
vt 0.052272 0.734676
vt 0.052272 0.730969
vt 0.055046 0.730969
vt 0.052272 0.727068
vt 0.055001 0.727068
vt 0.049415 0.734676
vt 0.049415 0.730969
vt 0.049415 0.727068
vt 0.057655 0.730969
vt 0.057823 0.734676
vt 0.060019 0.730969
vt 0.060438 0.734676
vt 0.057476 0.727068
vt 0.059572 0.727068
vt 0.057968 0.737998
vt 0.055124 0.737998
vt 0.060802 0.737998
vt 0.052272 0.737998
vt 0.049415 0.737998
vt 0.455521 0.788425
vt 0.455540 0.792794
vt 0.454525 0.792735
vt 0.454525 0.788438
vt 0.455528 0.797930
vt 0.454525 0.797820
vt 0.454525 0.784347
vt 0.455515 0.784311
vt 0.454525 0.779883
vt 0.455515 0.779847
vt 0.456885 0.784200
vt 0.456910 0.788386
vt 0.456885 0.779736
vt 0.456985 0.792968
vt 0.456940 0.798260
vt 0.662730 0.836046
vt 0.662730 0.832708
vt 0.666380 0.832708
vt 0.666380 0.836046
vt 0.670219 0.832708
vt 0.670219 0.836046
vt 0.662730 0.829579
vt 0.666380 0.829579
vt 0.670219 0.829579
vt 0.666380 0.839805
vt 0.662730 0.839805
vt 0.666380 0.844194
vt 0.662730 0.844194
vt 0.670219 0.839805
vt 0.670219 0.844194
vt 0.659460 0.839805
vt 0.659460 0.836046
vt 0.659460 0.844194
vt 0.659460 0.832708
vt 0.659460 0.829579
vt 0.455515 0.752628
vt 0.455515 0.754951
vt 0.454525 0.754988
vt 0.454525 0.752665
vt 0.455515 0.758318
vt 0.454525 0.758355
vt 0.454525 0.751039
vt 0.455515 0.751002
vt 0.454525 0.749760
vt 0.455515 0.749724
vt 0.456885 0.750892
vt 0.456885 0.752518
vt 0.456885 0.749613
vt 0.456885 0.754841
vt 0.456885 0.758208
vt 0.455355 0.811829
vt 0.454525 0.811810
vt 0.454525 0.804272
vt 0.455445 0.804348
vt 0.456605 0.804577
vt 0.456245 0.811886
vt 0.457884 0.804883
vt 0.457164 0.811962
vt 0.456125 0.820152
vt 0.455325 0.820152
vt 0.456924 0.820152
vt 0.454525 0.820152
vt 0.455325 0.868125
vt 0.454525 0.868125
vt 0.454525 0.865397
vt 0.455325 0.865397
vt 0.456125 0.865397
vt 0.456125 0.868125
vt 0.456924 0.865397
vt 0.456924 0.868125
vt 0.456125 0.869815
vt 0.455325 0.869815
vt 0.456125 0.870987
vt 0.455325 0.870987
vt 0.456924 0.869815
vt 0.456924 0.870987
vt 0.454525 0.869815
vt 0.454525 0.870987
vt 0.907149 0.591221
vt 0.907149 0.593774
vt 0.906159 0.593576
vt 0.906159 0.591002
vt 0.907149 0.597100
vt 0.906159 0.596929
vt 0.906159 0.588948
vt 0.907149 0.589184
vt 0.906159 0.587154
vt 0.907149 0.587404
vt 0.908518 0.589890
vt 0.908518 0.591878
vt 0.908518 0.588153
vt 0.908518 0.594369
vt 0.908518 0.597614
vt 0.907149 0.654929
vt 0.907149 0.661028
vt 0.906159 0.661028
vt 0.906159 0.654929
vt 0.907149 0.667400
vt 0.906159 0.667400
vt 0.906159 0.648966
vt 0.907149 0.648966
vt 0.906159 0.643004
vt 0.907149 0.643004
vt 0.908518 0.648966
vt 0.908518 0.654929
vt 0.908518 0.643004
vt 0.908518 0.661028
vt 0.908518 0.667400
vt 0.907149 0.630731
vt 0.907149 0.636906
vt 0.906159 0.636906
vt 0.906159 0.630728
vt 0.906159 0.624526
vt 0.907149 0.624538
vt 0.906159 0.618356
vt 0.907149 0.618386
vt 0.908518 0.624575
vt 0.908518 0.630741
vt 0.908518 0.618476
vt 0.908518 0.636907
vt 0.907149 0.681588
vt 0.907149 0.689833
vt 0.906159 0.689833
vt 0.906159 0.681588
vt 0.906159 0.674182
vt 0.907149 0.674182
vt 0.908518 0.674182
vt 0.908518 0.681588
vt 0.908518 0.689833
vt 0.427678 0.848621
vt 0.427678 0.841670
vt 0.431328 0.841670
vt 0.431328 0.848621
vt 0.435167 0.841670
vt 0.435167 0.848621
vt 0.431328 0.854627
vt 0.427678 0.854627
vt 0.431328 0.859899
vt 0.427678 0.859899
vt 0.435167 0.854627
vt 0.435167 0.859899
vt 0.424408 0.854627
vt 0.424408 0.848621
vt 0.424408 0.859899
vt 0.424408 0.841670
vt 0.427678 0.868992
vt 0.427678 0.864643
vt 0.431328 0.864643
vt 0.431328 0.868992
vt 0.435167 0.864643
vt 0.435167 0.868992
vt 0.431328 0.873078
vt 0.427678 0.873078
vt 0.431328 0.877033
vt 0.427678 0.877033
vt 0.435167 0.873079
vt 0.435167 0.877033
vt 0.424408 0.873079
vt 0.424408 0.868992
vt 0.424408 0.877033
vt 0.424408 0.864643
vt 0.418399 0.813650
vt 0.417409 0.813650
vt 0.417409 0.802599
vt 0.418399 0.802599
vt 0.417409 0.791325
vt 0.418399 0.791325
vt 0.419769 0.802599
vt 0.419769 0.813650
vt 0.419769 0.791325
vt 0.419769 0.824099
vt 0.418399 0.824099
vt 0.417409 0.824099
vt 0.139228 0.043938
vt 0.139664 0.048956
vt 0.115941 0.061132
vt 0.115153 0.056339
vt 0.094784 0.074799
vt 0.093387 0.070400
vt 0.114428 0.051636
vt 0.138830 0.039046
vt 0.092066 0.066059
vt 0.164333 0.028978
vt 0.164589 0.033943
vt 0.164854 0.039066
vt 0.916428 0.803232
vt 0.916428 0.793813
vt 0.920077 0.793813
vt 0.920077 0.803232
vt 0.923917 0.793813
vt 0.923917 0.803232
vt 0.916428 0.784317
vt 0.920077 0.784317
vt 0.923917 0.784317
vt 0.920077 0.812561
vt 0.916428 0.812561
vt 0.920077 0.821788
vt 0.916428 0.821787
vt 0.923917 0.812562
vt 0.923917 0.821790
vt 0.913158 0.812560
vt 0.913158 0.803232
vt 0.913158 0.821785
vt 0.913158 0.793813
vt 0.913158 0.784317
vt 0.566562 0.937430
vt 0.566564 0.945267
vt 0.565574 0.945267
vt 0.565574 0.937430
vt 0.566564 0.952623
vt 0.565574 0.952623
vt 0.565574 0.928633
vt 0.566556 0.928633
vt 0.565574 0.918394
vt 0.566545 0.918394
vt 0.567903 0.928633
vt 0.567926 0.937431
vt 0.567857 0.918394
vt 0.567933 0.945267
vt 0.567933 0.952623
vt 0.566562 0.807190
vt 0.566556 0.811790
vt 0.565574 0.811790
vt 0.565574 0.807171
vt 0.566545 0.817702
vt 0.565574 0.817702
vt 0.565574 0.802251
vt 0.566564 0.802325
vt 0.565574 0.795432
vt 0.566564 0.795618
vt 0.567933 0.802468
vt 0.567926 0.807226
vt 0.567933 0.795976
vt 0.567903 0.811790
vt 0.567857 0.817702
vt 0.566564 0.740271
vt 0.566564 0.744637
vt 0.565574 0.743485
vt 0.565574 0.739039
vt 0.566564 0.751516
vt 0.565574 0.750495
vt 0.565574 0.736303
vt 0.566564 0.737580
vt 0.565574 0.734421
vt 0.566564 0.735727
vt 0.567933 0.740009
vt 0.567933 0.742622
vt 0.567933 0.738201
vt 0.567933 0.746845
vt 0.567933 0.753482
vt 0.566505 0.892751
vt 0.566526 0.906234
vt 0.565574 0.906234
vt 0.565574 0.892751
vt 0.565574 0.878546
vt 0.566488 0.878546
vt 0.565574 0.864218
vt 0.566480 0.864218
vt 0.567629 0.878546
vt 0.567698 0.892751
vt 0.567599 0.864218
vt 0.567781 0.906234
vt 0.418399 0.769208
vt 0.418399 0.780208
vt 0.417409 0.780208
vt 0.417409 0.769208
vt 0.417409 0.758287
vt 0.418399 0.758287
vt 0.417409 0.747406
vt 0.418399 0.747406
vt 0.419769 0.758287
vt 0.419769 0.769208
vt 0.419769 0.747406
vt 0.419769 0.780208
vt 0.916428 0.840781
vt 0.916428 0.830897
vt 0.920077 0.830901
vt 0.920077 0.840708
vt 0.923917 0.830904
vt 0.923917 0.840631
vt 0.920077 0.852019
vt 0.916428 0.852326
vt 0.920077 0.865644
vt 0.916428 0.866419
vt 0.923917 0.851697
vt 0.923917 0.864828
vt 0.913158 0.852600
vt 0.913158 0.840847
vt 0.913158 0.867113
vt 0.913158 0.830894
vt 0.916428 0.764968
vt 0.916428 0.754797
vt 0.920077 0.754797
vt 0.920077 0.764968
vt 0.923917 0.754797
vt 0.923917 0.764968
vt 0.916428 0.744083
vt 0.920077 0.744083
vt 0.923917 0.744083
vt 0.920077 0.774755
vt 0.916428 0.774755
vt 0.923917 0.774755
vt 0.913158 0.774755
vt 0.913158 0.764968
vt 0.913158 0.754797
vt 0.913158 0.744083
vt 0.291570 0.029544
vt 0.291651 0.034701
vt 0.284825 0.033847
vt 0.284740 0.028688
vt 0.284583 0.023712
vt 0.291414 0.024569
vt 0.295645 0.025113
vt 0.295800 0.030088
vt 0.298577 0.025499
vt 0.298731 0.030474
vt 0.295878 0.035242
vt 0.298808 0.035627
vt 0.916428 0.953481
vt 0.916428 0.946732
vt 0.920077 0.941799
vt 0.920077 0.948156
vt 0.923917 0.936609
vt 0.923917 0.942554
vt 0.916428 0.936305
vt 0.920077 0.931963
vt 0.923917 0.927395
vt 0.920077 0.952194
vt 0.916428 0.957778
vt 0.920077 0.955074
vt 0.916428 0.960850
vt 0.923917 0.946320
vt 0.923917 0.948996
vt 0.913158 0.962782
vt 0.913158 0.958252
vt 0.913158 0.966026
vt 0.913158 0.951153
vt 0.913158 0.940197
vt 0.026828 0.137572
vt 0.031442 0.132505
vt 0.037376 0.133858
vt 0.032984 0.138711
vt 0.038093 0.124834
vt 0.043520 0.126569
vt 0.029760 0.141941
vt 0.023571 0.140903
vt 0.027120 0.144359
vt 0.020993 0.143366
vt 0.017392 0.139846
vt 0.020688 0.136415
vt 0.014870 0.142353
vt 0.025534 0.131137
vt 0.032704 0.123090
vt 0.916428 0.721041
vt 0.920077 0.721041
vt 0.920077 0.732667
vt 0.916428 0.732667
vt 0.923917 0.721041
vt 0.923917 0.732667
vt 0.913158 0.732667
vt 0.913158 0.721041
vt 0.913158 0.709699
vt 0.916428 0.709699
vt 0.920077 0.709699
vt 0.923917 0.709699
vt 0.059693 0.100173
vt 0.074951 0.085377
vt 0.077298 0.089162
vt 0.063147 0.103235
vt 0.079459 0.092542
vt 0.066252 0.105954
vt 0.051999 0.116033
vt 0.047459 0.113691
vt 0.056022 0.118102
vt 0.042972 0.111350
vt 0.056308 0.097125
vt 0.039109 0.109284
vt 0.053408 0.094449
vt 0.072683 0.081625
vt 0.070755 0.078344
vt 0.566505 0.837593
vt 0.566488 0.850366
vt 0.565574 0.850366
vt 0.565574 0.837593
vt 0.565574 0.826504
vt 0.566526 0.826504
vt 0.567781 0.826504
vt 0.567698 0.837593
vt 0.569493 0.826504
vt 0.569284 0.837593
vt 0.567629 0.850366
vt 0.569113 0.850366
vt 0.573899 0.837593
vt 0.573335 0.850366
vt 0.571053 0.850366
vt 0.571395 0.837593
vt 0.571813 0.826504
vt 0.574589 0.826504
vt 0.577669 0.826504
vt 0.576666 0.837593
vt 0.580901 0.826504
vt 0.579563 0.837593
vt 0.575845 0.850366
vt 0.578469 0.850366
vt 0.070772 0.109863
vt 0.082991 0.097482
vt 0.085463 0.100449
vt 0.073397 0.112192
vt 0.089139 0.104686
vt 0.077070 0.115531
vt 0.064127 0.122841
vt 0.061445 0.121053
vt 0.067645 0.125443
vt 0.058957 0.119624
vt 0.068593 0.107974
vt 0.081174 0.095081
vt 0.050088 0.091103
vt 0.068557 0.074282
vt 0.069430 0.075972
vt 0.051410 0.092503
vt 0.036442 0.107768
vt 0.034670 0.106663
vt 0.033497 0.105834
vt 0.049218 0.090068
vt 0.032622 0.105141
vt 0.048573 0.089216
vt 0.067986 0.073045
vt 0.067566 0.072036
vt 0.088971 0.126626
vt 0.101331 0.118887
vt 0.108997 0.128459
vt 0.096377 0.133742
vt 0.117116 0.138823
vt 0.104200 0.141328
vt 0.115780 0.111424
vt 0.123250 0.123432
vt 0.085579 0.139579
vt 0.078740 0.134128
vt 0.077019 0.144863
vt 0.070736 0.140527
vt 0.092787 0.145346
vt 0.083629 0.149455
vt 0.072639 0.129310
vt 0.082398 0.120449
vt 0.065108 0.136704
vt 0.094570 0.110897
vt 0.109336 0.101433
vt 0.916428 0.902829
vt 0.916428 0.883948
vt 0.920077 0.882390
vt 0.920077 0.900319
vt 0.923917 0.880751
vt 0.923917 0.897679
vt 0.920077 0.917490
vt 0.916428 0.920976
vt 0.923917 0.913822
vt 0.913158 0.924101
vt 0.913158 0.905078
vt 0.910458 0.926682
vt 0.910458 0.906937
vt 0.913158 0.885344
vt 0.910458 0.886497
vt 0.566564 0.773636
vt 0.566564 0.785490
vt 0.565574 0.785119
vt 0.565574 0.773039
vt 0.565574 0.760922
vt 0.566564 0.761747
vt 0.567933 0.763337
vt 0.567933 0.774787
vt 0.569873 0.765852
vt 0.569873 0.776610
vt 0.567933 0.786208
vt 0.569873 0.787345
vt 0.231953 0.091553
vt 0.231160 0.109849
vt 0.211784 0.109817
vt 0.211463 0.091549
vt 0.192060 0.110328
vt 0.190299 0.092607
vt 0.212327 0.074080
vt 0.233686 0.074037
vt 0.189926 0.075726
vt 0.252683 0.074938
vt 0.250369 0.092181
vt 0.268000 0.076123
vt 0.265309 0.092994
vt 0.248744 0.110200
vt 0.263090 0.110644
vt 0.150430 0.099218
vt 0.155775 0.114130
vt 0.138944 0.118363
vt 0.132274 0.104752
vt 0.126880 0.092835
vt 0.146577 0.085452
vt 0.167800 0.079633
vt 0.169864 0.095167
vt 0.173435 0.111609
vt 0.061125 0.147913
vt 0.065059 0.144958
vt 0.071112 0.148489
vt 0.067195 0.150870
vt 0.077475 0.152231
vt 0.073575 0.154007
vt 0.064605 0.152423
vt 0.058354 0.149885
vt 0.062678 0.153560
vt 0.056165 0.151364
vt 0.071177 0.155116
vt 0.069530 0.155892
vt 0.052744 0.147658
vt 0.055672 0.145316
vt 0.050328 0.149437
vt 0.059623 0.141852
vt 0.575843 0.782427
vt 0.575843 0.790976
vt 0.572573 0.788975
vt 0.572573 0.779222
vt 0.572573 0.769455
vt 0.575843 0.773873
vt 0.579492 0.778834
vt 0.579492 0.786026
vt 0.583332 0.784068
vt 0.583332 0.789823
vt 0.579492 0.793222
vt 0.583332 0.795592
vt 0.907149 0.909151
vt 0.907149 0.887871
vt 0.908518 0.887327
vt 0.908518 0.908274
vt 0.908518 0.928540
vt 0.907149 0.929758
vt 0.906159 0.930422
vt 0.906159 0.909628
vt 0.906159 0.888167
vt 0.281779 0.093925
vt 0.278906 0.111162
vt 0.272754 0.110953
vt 0.275373 0.093554
vt 0.278317 0.076935
vt 0.284884 0.077467
vt 0.288952 0.077811
vt 0.285746 0.094168
vt 0.291770 0.078063
vt 0.288495 0.094349
vt 0.282716 0.111305
vt 0.285356 0.111414
vt 0.455515 0.768644
vt 0.455515 0.774429
vt 0.454525 0.774466
vt 0.454525 0.768680
vt 0.454525 0.763115
vt 0.455515 0.763078
vt 0.456885 0.762968
vt 0.456885 0.768533
vt 0.458824 0.762747
vt 0.458824 0.768313
vt 0.456885 0.774318
vt 0.458824 0.774098
vt 0.662730 0.854955
vt 0.662730 0.849424
vt 0.666380 0.849424
vt 0.666380 0.854955
vt 0.670219 0.849424
vt 0.670219 0.854955
vt 0.666380 0.860246
vt 0.662730 0.860246
vt 0.670219 0.860246
vt 0.659460 0.860246
vt 0.659460 0.854955
vt 0.656760 0.860246
vt 0.656760 0.854955
vt 0.659460 0.849424
vt 0.656760 0.849424
vt 0.653451 0.854955
vt 0.653451 0.849424
vt 0.654821 0.849424
vt 0.654821 0.854955
vt 0.654821 0.860246
vt 0.653451 0.860246
vt 0.652461 0.860246
vt 0.652461 0.854955
vt 0.652461 0.849424
vt 0.197876 0.367502
vt 0.203249 0.366921
vt 0.203249 0.370625
vt 0.197866 0.370904
vt 0.203240 0.374131
vt 0.197843 0.374074
vt 0.192696 0.371097
vt 0.192715 0.367943
vt 0.192662 0.373971
vt 0.192726 0.364602
vt 0.197879 0.363945
vt 0.192733 0.361169
vt 0.197878 0.360311
vt 0.203242 0.363085
vt 0.203231 0.359183
vt 0.464794 0.767466
vt 0.464794 0.773251
vt 0.461524 0.773730
vt 0.461524 0.767945
vt 0.461524 0.762379
vt 0.464794 0.761901
vt 0.468443 0.761349
vt 0.468443 0.766914
vt 0.472283 0.760760
vt 0.472283 0.766326
vt 0.468443 0.772699
vt 0.472283 0.772111
vt 0.197759 0.379454
vt 0.203184 0.380292
vt 0.203149 0.382831
vt 0.197709 0.381611
vt 0.203116 0.384931
vt 0.197664 0.383378
vt 0.192487 0.380392
vt 0.192550 0.378610
vt 0.192430 0.381825
vt 0.192611 0.376473
vt 0.197805 0.376932
vt 0.203216 0.377373
vt 0.197603 0.385761
vt 0.203072 0.387764
vt 0.203056 0.388745
vt 0.197582 0.386586
vt 0.203043 0.389603
vt 0.197564 0.387307
vt 0.208209 0.389514
vt 0.208199 0.390633
vt 0.208190 0.391610
vt 0.192325 0.384430
vt 0.192352 0.383760
vt 0.187834 0.382550
vt 0.187866 0.382015
vt 0.192302 0.385015
vt 0.187806 0.383017
vt 0.192386 0.382920
vt 0.197630 0.384726
vt 0.187906 0.381345
vt 0.203091 0.386533
vt 0.208222 0.388113
vt 0.907149 0.606613
vt 0.907149 0.612333
vt 0.906159 0.612273
vt 0.906159 0.606516
vt 0.906159 0.601322
vt 0.907149 0.601458
vt 0.908518 0.601865
vt 0.908518 0.606904
vt 0.910458 0.602679
vt 0.910458 0.607486
vt 0.908518 0.612514
vt 0.910458 0.612875
vt 0.065131 0.734676
vt 0.062893 0.734676
vt 0.062054 0.730969
vt 0.063776 0.730969
vt 0.061160 0.727068
vt 0.062331 0.727068
vt 0.065199 0.730969
vt 0.067095 0.734676
vt 0.063177 0.727068
vt 0.068737 0.737998
vt 0.066305 0.737998
vt 0.070001 0.740741
vt 0.067208 0.740741
vt 0.063620 0.737998
vt 0.064179 0.740741
vt 0.286223 0.379924
vt 0.283890 0.376560
vt 0.285100 0.376359
vt 0.287532 0.379685
vt 0.285939 0.376219
vt 0.288439 0.379519
vt 0.290069 0.382329
vt 0.288657 0.382607
vt 0.291047 0.382136
vt 0.286378 0.383057
vt 0.284111 0.380309
vt 0.282800 0.383762
vt 0.280795 0.380915
vt 0.281938 0.376885
vt 0.278871 0.377395
vt 0.068020 0.744103
vt 0.064682 0.744103
vt 0.064514 0.742712
vt 0.067749 0.742712
vt 0.070759 0.742712
vt 0.071139 0.744103
vt 0.071265 0.745109
vt 0.068111 0.745109
vt 0.064738 0.745109
vt 0.182502 0.379929
vt 0.184692 0.380780
vt 0.184656 0.381219
vt 0.182465 0.380302
vt 0.184626 0.381603
vt 0.182432 0.380627
vt 0.180930 0.379659
vt 0.180969 0.379333
vt 0.179723 0.379154
vt 0.179764 0.378864
vt 0.180895 0.379944
vt 0.179688 0.379408
vt 0.181019 0.378923
vt 0.182550 0.379462
vt 0.179816 0.378500
vt 0.184736 0.380230
vt 0.269683 0.382797
vt 0.268557 0.378973
vt 0.274319 0.378153
vt 0.275873 0.381814
vt 0.277488 0.384810
vt 0.270851 0.385963
vt 0.263295 0.386989
vt 0.262566 0.383655
vt 0.255227 0.387650
vt 0.254860 0.384178
vt 0.261858 0.379670
vt 0.254498 0.380062
vt 0.216340 0.391668
vt 0.220318 0.392419
vt 0.219547 0.394039
vt 0.216143 0.393025
vt 0.218520 0.395590
vt 0.215884 0.394245
vt 0.212461 0.391975
vt 0.212467 0.390758
vt 0.212455 0.393037
vt 0.212476 0.389233
vt 0.216409 0.390036
vt 0.220577 0.390659
vt 0.916428 0.609718
vt 0.916428 0.614258
vt 0.913158 0.613476
vt 0.913158 0.608456
vt 0.913158 0.604036
vt 0.916428 0.605801
vt 0.920077 0.607836
vt 0.920077 0.611174
vt 0.923917 0.610008
vt 0.923917 0.612726
vt 0.920077 0.615161
vt 0.923917 0.616123
vt 0.239100 0.383771
vt 0.239049 0.379549
vt 0.246750 0.379962
vt 0.246905 0.384157
vt 0.247054 0.387712
vt 0.239141 0.387359
vt 0.231849 0.386777
vt 0.231846 0.383198
vt 0.231831 0.379000
vt 0.257611 0.639620
vt 0.257218 0.628062
vt 0.269691 0.628619
vt 0.270173 0.640370
vt 0.282163 0.629176
vt 0.282735 0.641119
vt 0.256969 0.613796
vt 0.269358 0.614202
vt 0.281747 0.614608
vt 0.270637 0.650249
vt 0.258004 0.649283
vt 0.270915 0.659054
vt 0.258257 0.657866
vt 0.283270 0.651215
vt 0.283573 0.660242
vt 0.245371 0.648317
vt 0.245048 0.638870
vt 0.232738 0.647351
vt 0.232486 0.638121
vt 0.245599 0.656678
vt 0.232941 0.655491
vt 0.244746 0.627506
vt 0.244581 0.613390
vt 0.232274 0.626949
vt 0.232192 0.612985
vt 0.257987 0.674298
vt 0.258228 0.666182
vt 0.270839 0.667579
vt 0.270496 0.675893
vt 0.283449 0.668975
vt 0.283005 0.677489
vt 0.269977 0.684068
vt 0.257606 0.682280
vt 0.269368 0.692173
vt 0.257153 0.690196
vt 0.282348 0.685856
vt 0.281584 0.694150
vt 0.245235 0.680492
vt 0.245479 0.672702
vt 0.232863 0.678704
vt 0.232970 0.671107
vt 0.244938 0.688219
vt 0.232723 0.686242
vt 0.245618 0.664786
vt 0.233007 0.663389
vt 0.759705 0.824182
vt 0.762596 0.824255
vt 0.762348 0.834338
vt 0.759458 0.834264
vt 0.762127 0.843355
vt 0.759237 0.843282
vt 0.765831 0.824337
vt 0.765584 0.834420
vt 0.765362 0.843437
vt 0.756798 0.834197
vt 0.757046 0.824114
vt 0.754253 0.834133
vt 0.754501 0.824050
vt 0.756577 0.843214
vt 0.754032 0.843150
vt 0.757338 0.812186
vt 0.759998 0.812253
vt 0.757696 0.797631
vt 0.760355 0.797699
vt 0.754794 0.812121
vt 0.755151 0.797567
vt 0.762888 0.812326
vt 0.766124 0.812408
vt 0.763245 0.797772
vt 0.766481 0.797854
vt 0.237208 0.744789
vt 0.240055 0.744510
vt 0.240300 0.752284
vt 0.237410 0.752359
vt 0.243284 0.744278
vt 0.243536 0.752200
vt 0.234750 0.752428
vt 0.234562 0.744926
vt 0.232206 0.752494
vt 0.232017 0.744992
vt 0.234376 0.737525
vt 0.236979 0.737184
vt 0.234191 0.730174
vt 0.236738 0.729560
vt 0.231831 0.737591
vt 0.231647 0.730240
vt 0.239699 0.736290
vt 0.242908 0.735614
vt 0.239288 0.727848
vt 0.241845 0.724491
vt 0.758799 0.860599
vt 0.761647 0.860875
vt 0.761272 0.870063
vt 0.758551 0.869177
vt 0.760843 0.879450
vt 0.758291 0.877751
vt 0.764876 0.861096
vt 0.764482 0.870702
vt 0.763402 0.882784
vt 0.755948 0.868838
vt 0.756153 0.860464
vt 0.753403 0.868774
vt 0.753609 0.860399
vt 0.755744 0.877141
vt 0.753199 0.877077
vt 0.756363 0.851946
vt 0.759022 0.852014
vt 0.753818 0.851882
vt 0.761912 0.852087
vt 0.765148 0.852169
vt 0.775113 0.759732
vt 0.774659 0.780090
vt 0.770618 0.779988
vt 0.771087 0.759630
vt 0.766922 0.779894
vt 0.767406 0.759537
vt 0.774218 0.798050
vt 0.770177 0.797948
vt 0.771530 0.737883
vt 0.775509 0.737984
vt 0.771892 0.715754
vt 0.775776 0.715852
vt 0.767892 0.737791
vt 0.768340 0.715664
vt 0.779714 0.738090
vt 0.779368 0.759840
vt 0.784032 0.738200
vt 0.783738 0.759951
vt 0.779881 0.715956
vt 0.784097 0.716063
vt 0.778931 0.780198
vt 0.778490 0.798158
vt 0.783318 0.780309
vt 0.782877 0.798269
vt 0.027815 0.859618
vt 0.026603 0.839358
vt 0.037949 0.839382
vt 0.038522 0.859635
vt 0.049294 0.839406
vt 0.049228 0.859652
vt 0.025631 0.817852
vt 0.037457 0.817878
vt 0.049282 0.817903
vt 0.039040 0.878013
vt 0.029099 0.878016
vt 0.039369 0.893893
vt 0.030286 0.893934
vt 0.048982 0.878010
vt 0.048452 0.893852
vt 0.019157 0.878018
vt 0.017108 0.859601
vt 0.009216 0.878021
vt 0.006401 0.859584
vt 0.021204 0.893975
vt 0.012121 0.894015
vt 0.015257 0.839333
vt 0.013806 0.817827
vt 0.003912 0.839309
vt 0.001980 0.817802
vt 0.239568 0.837923
vt 0.239064 0.818217
vt 0.241954 0.818142
vt 0.242446 0.837849
vt 0.245190 0.818058
vt 0.245669 0.837765
vt 0.242971 0.859131
vt 0.240126 0.859204
vt 0.243501 0.880980
vt 0.240724 0.881052
vt 0.246156 0.859048
vt 0.246611 0.880900
vt 0.237508 0.859272
vt 0.236918 0.837992
vt 0.235003 0.859337
vt 0.234383 0.838058
vt 0.238168 0.881119
vt 0.235722 0.881182
vt 0.236405 0.818286
vt 0.233860 0.818352
vt 0.257351 0.575739
vt 0.257005 0.596009
vt 0.244666 0.595693
vt 0.245086 0.575469
vt 0.232328 0.595378
vt 0.232820 0.575200
vt 0.245921 0.553775
vt 0.258034 0.554026
vt 0.247254 0.531666
vt 0.259079 0.531911
vt 0.233807 0.553524
vt 0.235428 0.531421
vt 0.270148 0.554277
vt 0.269617 0.576008
vt 0.282261 0.554528
vt 0.281883 0.576277
vt 0.270905 0.532156
vt 0.282730 0.532401
vt 0.269344 0.596324
vt 0.281682 0.596639
vt 0.024810 0.773115
vt 0.024756 0.750196
vt 0.037062 0.750222
vt 0.037067 0.773141
vt 0.049367 0.750249
vt 0.049325 0.773167
vt 0.024805 0.727121
vt 0.037110 0.727147
vt 0.049415 0.727173
vt 0.037181 0.795745
vt 0.025067 0.795719
vt 0.049294 0.795771
vt 0.012954 0.795693
vt 0.012552 0.773088
vt 0.000840 0.795667
vt 0.000295 0.773062
vt 0.012451 0.750170
vt 0.012499 0.727094
vt 0.000145 0.750143
vt 0.000194 0.727068
vt 0.780215 0.616933
vt 0.778348 0.627236
vt 0.775252 0.627158
vt 0.777166 0.616856
vt 0.772421 0.627086
vt 0.774379 0.616786
vt 0.776965 0.639908
vt 0.773774 0.639827
vt 0.770857 0.639753
vt 0.779372 0.608134
vt 0.782405 0.608210
vt 0.781724 0.600200
vt 0.784757 0.600277
vt 0.776599 0.608063
vt 0.778950 0.600130
vt 0.785611 0.608292
vt 0.783437 0.617015
vt 0.788903 0.608375
vt 0.786746 0.617099
vt 0.787962 0.600358
vt 0.791254 0.600442
vt 0.781620 0.627319
vt 0.780337 0.639993
vt 0.784980 0.627404
vt 0.783800 0.640081
vt 0.775924 0.674096
vt 0.775844 0.694345
vt 0.772118 0.694251
vt 0.772387 0.674007
vt 0.768710 0.694165
vt 0.769152 0.673925
vt 0.772879 0.655655
vt 0.776227 0.655739
vt 0.769817 0.655577
vt 0.779766 0.655829
vt 0.779662 0.674191
vt 0.783400 0.655921
vt 0.783502 0.674288
vt 0.779782 0.694445
vt 0.783827 0.694547
vt 0.262159 0.490205
vt 0.260513 0.510433
vt 0.249167 0.510198
vt 0.251453 0.489977
vt 0.237822 0.509963
vt 0.240746 0.489749
vt 0.253902 0.471608
vt 0.263843 0.471839
vt 0.256308 0.455699
vt 0.265389 0.455948
vt 0.243961 0.471378
vt 0.247226 0.455451
vt 0.273784 0.472069
vt 0.272866 0.490432
vt 0.283724 0.472299
vt 0.283572 0.490660
vt 0.274470 0.456196
vt 0.283551 0.456444
vt 0.271858 0.510668
vt 0.283204 0.510903
vt 0.242085 0.922784
vt 0.241343 0.902460
vt 0.244007 0.902391
vt 0.244615 0.922719
vt 0.246991 0.902314
vt 0.247446 0.922645
vt 0.245448 0.941319
vt 0.243054 0.941381
vt 0.246633 0.957547
vt 0.244352 0.957606
vt 0.248129 0.941249
vt 0.249187 0.957481
vt 0.240851 0.941438
vt 0.239758 0.922845
vt 0.238743 0.941493
vt 0.237530 0.922902
vt 0.242252 0.957661
vt 0.240243 0.957713
vt 0.238890 0.902524
vt 0.236544 0.902585
vt 0.586376 0.532014
vt 0.586376 0.529810
vt 0.591304 0.529810
vt 0.591304 0.532014
vt 0.596232 0.529810
vt 0.596232 0.532014
vt 0.586376 0.527343
vt 0.591304 0.527343
vt 0.596232 0.527343
vt 0.591304 0.534043
vt 0.586376 0.534043
vt 0.591304 0.535983
vt 0.586376 0.535983
vt 0.596232 0.534043
vt 0.596232 0.535983
vt 0.581449 0.534043
vt 0.581449 0.532014
vt 0.576521 0.534043
vt 0.576521 0.532014
vt 0.581449 0.535983
vt 0.576521 0.535983
vt 0.581449 0.529810
vt 0.581449 0.527343
vt 0.576521 0.529810
vt 0.576521 0.527343
vt 0.267619 0.432657
vt 0.266621 0.443144
vt 0.258461 0.442855
vt 0.260425 0.432309
vt 0.250301 0.442565
vt 0.253232 0.431961
vt 0.262264 0.423296
vt 0.268460 0.423713
vt 0.264039 0.415049
vt 0.269222 0.415542
vt 0.256067 0.422878
vt 0.258855 0.414556
vt 0.274656 0.424131
vt 0.274813 0.433005
vt 0.280852 0.424549
vt 0.282006 0.433353
vt 0.274406 0.416035
vt 0.279590 0.416528
vt 0.274782 0.443434
vt 0.282942 0.443724
vt 0.248132 0.981767
vt 0.246080 0.970817
vt 0.248294 0.970760
vt 0.250312 0.981711
vt 0.250773 0.970695
vt 0.252753 0.981647
vt 0.252568 0.991154
vt 0.250400 0.991210
vt 0.254943 0.999843
vt 0.252775 0.999899
vt 0.254996 0.991091
vt 0.257371 0.999780
vt 0.248404 0.991262
vt 0.246126 0.981819
vt 0.246494 0.991311
vt 0.244206 0.981869
vt 0.250779 0.999951
vt 0.248869 1.000000
vt 0.244043 0.970870
vt 0.242094 0.970921
vt 0.031936 0.917254
vt 0.031210 0.906755
vt 0.039373 0.906652
vt 0.039134 0.917071
vt 0.047536 0.906549
vt 0.046332 0.916887
vt 0.038732 0.925929
vt 0.032529 0.926204
vt 0.038248 0.934006
vt 0.033056 0.934381
vt 0.044934 0.925653
vt 0.043441 0.933632
vt 0.026326 0.926480
vt 0.024737 0.917437
vt 0.020123 0.926756
vt 0.017539 0.917621
vt 0.027864 0.934755
vt 0.022672 0.935130
vt 0.023047 0.906858
vt 0.014884 0.906961
vt 0.258589 0.981496
vt 0.256699 0.970542
vt 0.259972 0.970457
vt 0.261811 0.981412
vt 0.263332 0.970370
vt 0.265120 0.981327
vt 0.255295 0.957323
vt 0.258667 0.957235
vt 0.262130 0.957145
vt 0.264008 0.990857
vt 0.260802 0.990940
vt 0.266383 0.999546
vt 0.263178 0.999629
vt 0.267300 0.990772
vt 0.269675 0.999461
vt 0.257770 0.991019
vt 0.255541 0.981575
vt 0.260145 0.999708
vt 0.253604 0.970622
vt 0.252105 0.957405
vt 0.586376 0.521442
vt 0.586376 0.518184
vt 0.591304 0.518184
vt 0.591304 0.521442
vt 0.596232 0.518184
vt 0.596232 0.521442
vt 0.586376 0.514839
vt 0.591304 0.514839
vt 0.596232 0.514839
vt 0.591304 0.524524
vt 0.586376 0.524524
vt 0.596232 0.524524
vt 0.581449 0.524524
vt 0.581449 0.521442
vt 0.576521 0.524524
vt 0.576521 0.521442
vt 0.581449 0.518184
vt 0.581449 0.514839
vt 0.576521 0.518184
vt 0.576521 0.514839
vt 0.254218 0.922470
vt 0.254124 0.902129
vt 0.258063 0.902027
vt 0.257957 0.922373
vt 0.262107 0.901922
vt 0.261796 0.922273
vt 0.254046 0.880707
vt 0.258151 0.880601
vt 0.262367 0.880491
vt 0.258077 0.940991
vt 0.254538 0.941083
vt 0.261711 0.940897
vt 0.251190 0.941170
vt 0.250681 0.922561
vt 0.250398 0.902225
vt 0.250162 0.880808
vt 0.763791 0.673789
vt 0.763062 0.694021
vt 0.760610 0.693959
vt 0.761463 0.673730
vt 0.758264 0.693900
vt 0.759236 0.673674
vt 0.762454 0.715515
vt 0.759897 0.715450
vt 0.757452 0.715388
vt 0.762539 0.655393
vt 0.764743 0.655448
vt 0.763921 0.639578
vt 0.766021 0.639631
vt 0.760431 0.655339
vt 0.761912 0.639527
vt 0.767137 0.655509
vt 0.766320 0.673853
vt 0.768302 0.639689
vt 0.765727 0.694089
vt 0.765231 0.715585
vt 0.769758 0.616668
vt 0.767728 0.626967
vt 0.765691 0.626915
vt 0.767751 0.616618
vt 0.763742 0.626866
vt 0.765832 0.616569
vt 0.770006 0.607896
vt 0.772002 0.607947
vt 0.772358 0.599963
vt 0.774354 0.600014
vt 0.768096 0.607848
vt 0.770448 0.599915
vt 0.774171 0.608002
vt 0.771938 0.616724
vt 0.776522 0.600069
vt 0.769942 0.627023
vt 0.253376 0.837565
vt 0.252927 0.817857
vt 0.257199 0.817747
vt 0.257631 0.837455
vt 0.261585 0.817633
vt 0.262001 0.837342
vt 0.252497 0.800732
vt 0.256769 0.800622
vt 0.261155 0.800508
vt 0.257978 0.858742
vt 0.253773 0.858851
vt 0.262296 0.858630
vt 0.249795 0.858954
vt 0.249351 0.837670
vt 0.248886 0.817962
vt 0.248456 0.800837
vt 0.761304 0.759382
vt 0.760796 0.779739
vt 0.758136 0.779672
vt 0.758654 0.759315
vt 0.755592 0.779607
vt 0.756120 0.759251
vt 0.759244 0.737572
vt 0.761862 0.737638
vt 0.756739 0.737508
vt 0.764707 0.737710
vt 0.764183 0.759455
vt 0.763686 0.779812
vt 0.772815 0.860976
vt 0.777122 0.861020
vt 0.777439 0.869485
vt 0.773024 0.869633
vt 0.778280 0.877968
vt 0.773779 0.878244
vt 0.781509 0.861131
vt 0.781826 0.869596
vt 0.782667 0.878080
vt 0.768552 0.870299
vt 0.768666 0.861066
vt 0.769049 0.879292
vt 0.768844 0.852262
vt 0.772885 0.852365
vt 0.769058 0.843531
vt 0.773100 0.843633
vt 0.777157 0.852473
vt 0.781544 0.852584
vt 0.777371 0.843741
vt 0.781758 0.843852
vt 0.251221 0.744348
vt 0.255529 0.744294
vt 0.255544 0.751888
vt 0.251273 0.751999
vt 0.255737 0.759540
vt 0.251465 0.759651
vt 0.259915 0.744180
vt 0.259931 0.751775
vt 0.260123 0.759426
vt 0.247232 0.752104
vt 0.247073 0.744283
vt 0.247424 0.759755
vt 0.246976 0.735924
vt 0.251446 0.736498
vt 0.247483 0.727563
vt 0.252210 0.728475
vt 0.255860 0.736613
vt 0.260247 0.736499
vt 0.256711 0.728703
vt 0.261097 0.728589
vt 0.773568 0.824533
vt 0.777840 0.824641
vt 0.777593 0.834724
vt 0.773321 0.834616
vt 0.782227 0.824752
vt 0.781979 0.834835
vt 0.769280 0.834513
vt 0.769527 0.824430
vt 0.769820 0.812502
vt 0.773861 0.812604
vt 0.778133 0.812712
vt 0.782520 0.812824
vt 0.251886 0.776402
vt 0.256157 0.776291
vt 0.256429 0.787086
vt 0.252157 0.787196
vt 0.260544 0.776178
vt 0.260815 0.786972
vt 0.248116 0.787301
vt 0.247845 0.776507
vt 0.247621 0.767607
vt 0.251662 0.767503
vt 0.255934 0.767392
vt 0.260321 0.767278
vt 0.777469 0.895219
vt 0.775345 0.886718
vt 0.779817 0.886572
vt 0.781877 0.895266
vt 0.784204 0.886683
vt 0.786264 0.895377
vt 0.784285 0.904019
vt 0.779898 0.903908
vt 0.786867 0.912803
vt 0.782481 0.912692
vt 0.788672 0.904130
vt 0.791254 0.912914
vt 0.775512 0.903797
vt 0.773018 0.895301
vt 0.771125 0.903686
vt 0.768545 0.895447
vt 0.778094 0.912581
vt 0.773707 0.912470
vt 0.770700 0.887380
vt 0.765970 0.888298
vt 0.585297 0.439605
vt 0.589685 0.439605
vt 0.589685 0.452144
vt 0.585297 0.452144
vt 0.589685 0.464683
vt 0.585297 0.464683
vt 0.594073 0.439605
vt 0.594073 0.452144
vt 0.594073 0.464683
vt 0.580909 0.452144
vt 0.580909 0.439605
vt 0.576521 0.452144
vt 0.576521 0.439605
vt 0.580909 0.464683
vt 0.576521 0.464683
vt 0.580909 0.427066
vt 0.585297 0.427066
vt 0.580909 0.414527
vt 0.585297 0.414527
vt 0.576521 0.427066
vt 0.576521 0.414527
vt 0.589685 0.427066
vt 0.594073 0.427066
vt 0.589685 0.414527
vt 0.594073 0.414527
vt 0.615798 0.854736
vt 0.607145 0.854748
vt 0.607145 0.842182
vt 0.615798 0.842170
vt 0.607145 0.829616
vt 0.615798 0.829604
vt 0.598492 0.854761
vt 0.598492 0.842194
vt 0.598492 0.829628
vt 0.624450 0.842158
vt 0.624450 0.854724
vt 0.633103 0.842146
vt 0.633103 0.854712
vt 0.624450 0.829592
vt 0.633103 0.829579
vt 0.624450 0.867291
vt 0.615798 0.867303
vt 0.624450 0.879857
vt 0.615798 0.879869
vt 0.633103 0.867279
vt 0.633103 0.879845
vt 0.607145 0.867315
vt 0.598492 0.867327
vt 0.607145 0.879881
vt 0.598492 0.879893
vt 0.185211 0.837436
vt 0.176535 0.837491
vt 0.176535 0.824927
vt 0.185211 0.824872
vt 0.176535 0.812364
vt 0.185211 0.812308
vt 0.167859 0.837547
vt 0.167859 0.824983
vt 0.167859 0.812419
vt 0.193888 0.824816
vt 0.193888 0.837380
vt 0.202564 0.824760
vt 0.202564 0.837324
vt 0.193888 0.812252
vt 0.202564 0.812196
vt 0.193888 0.849944
vt 0.185211 0.850000
vt 0.193888 0.862508
vt 0.185211 0.862564
vt 0.202564 0.849888
vt 0.202564 0.862452
vt 0.176535 0.850056
vt 0.167859 0.850111
vt 0.176535 0.862620
vt 0.167859 0.862675
vt 0.255901 0.711913
vt 0.253779 0.720305
vt 0.249137 0.719736
vt 0.251451 0.711856
vt 0.244409 0.718939
vt 0.246979 0.711742
vt 0.253939 0.703334
vt 0.258326 0.703221
vt 0.256515 0.694492
vt 0.260902 0.694378
vt 0.249552 0.703448
vt 0.252128 0.694605
vt 0.262713 0.703107
vt 0.260309 0.711856
vt 0.267099 0.702993
vt 0.264696 0.711743
vt 0.265288 0.694264
vt 0.269675 0.694150
vt 0.258251 0.720419
vt 0.262638 0.720306
vt 0.452266 0.485978
vt 0.472169 0.487200
vt 0.472375 0.500521
vt 0.453912 0.498317
vt 0.473001 0.516323
vt 0.455764 0.513166
vt 0.492072 0.488423
vt 0.490838 0.502724
vt 0.490238 0.519481
vt 0.435450 0.496113
vt 0.432362 0.484756
vt 0.416987 0.493910
vt 0.412459 0.483534
vt 0.438527 0.510009
vt 0.421289 0.506852
vt 0.430246 0.474820
vt 0.451289 0.475326
vt 0.430082 0.465191
vt 0.451450 0.465536
vt 0.409203 0.474315
vt 0.408715 0.464845
vt 0.472333 0.475831
vt 0.493376 0.476337
vt 0.472818 0.465881
vt 0.494185 0.466227
vt 0.122858 0.786509
vt 0.101623 0.786509
vt 0.101623 0.761073
vt 0.122858 0.761073
vt 0.101623 0.735636
vt 0.122858 0.735636
vt 0.080388 0.786509
vt 0.080388 0.761073
vt 0.080388 0.735636
vt 0.144093 0.761073
vt 0.144093 0.786509
vt 0.165327 0.761073
vt 0.165327 0.786509
vt 0.144093 0.735636
vt 0.165327 0.735636
vt 0.144093 0.811946
vt 0.122858 0.811946
vt 0.144093 0.837382
vt 0.122858 0.837382
vt 0.165327 0.811946
vt 0.165327 0.837382
vt 0.101623 0.811946
vt 0.080388 0.811946
vt 0.101623 0.837382
vt 0.080388 0.837382
vt 0.643824 0.083893
vt 0.641535 0.123131
vt 0.620822 0.124324
vt 0.621762 0.085365
vt 0.600108 0.125518
vt 0.599700 0.086838
vt 0.640369 0.161670
vt 0.620877 0.162641
vt 0.601384 0.163612
vt 0.623366 0.045979
vt 0.646860 0.044189
vt 0.625301 0.006378
vt 0.650271 0.004252
vt 0.599871 0.047769
vt 0.600331 0.008504
vt 0.670355 0.042399
vt 0.665885 0.082420
vt 0.693849 0.040609
vt 0.687947 0.080947
vt 0.675241 0.002126
vt 0.700211 0.000000
vt 0.662249 0.121937
vt 0.659862 0.160698
vt 0.682962 0.120743
vt 0.679355 0.159727
vt 0.844331 0.081348
vt 0.844331 0.121302
vt 0.823430 0.121302
vt 0.823180 0.081348
vt 0.802529 0.121302
vt 0.802029 0.081348
vt 0.844331 0.160393
vt 0.823930 0.160393
vt 0.803529 0.160393
vt 0.823097 0.040818
vt 0.844331 0.040818
vt 0.823097 0.000000
vt 0.844331 0.000000
vt 0.801862 0.040818
vt 0.801862 0.000000
vt 0.865566 0.040818
vt 0.865483 0.081348
vt 0.886801 0.040818
vt 0.886634 0.081348
vt 0.865566 0.000000
vt 0.886801 0.000000
vt 0.865233 0.121302
vt 0.864733 0.160393
vt 0.886134 0.121302
vt 0.885134 0.160393
vt 0.745506 0.515992
vt 0.743230 0.476752
vt 0.763947 0.477957
vt 0.767571 0.517477
vt 0.784664 0.479161
vt 0.789636 0.518961
vt 0.742069 0.438210
vt 0.761564 0.439192
vt 0.781061 0.440174
vt 0.772022 0.557500
vt 0.748524 0.555698
vt 0.776888 0.597775
vt 0.751914 0.595636
vt 0.795521 0.559303
vt 0.801862 0.599915
vt 0.725026 0.553895
vt 0.723441 0.514508
vt 0.701528 0.552093
vt 0.701375 0.513023
vt 0.726941 0.593497
vt 0.701967 0.591358
vt 0.722513 0.475548
vt 0.722573 0.437229
vt 0.701796 0.474343
vt 0.703077 0.436247
vt 0.839556 0.718780
vt 0.839556 0.743667
vt 0.821051 0.743667
vt 0.820794 0.718780
vt 0.802545 0.743667
vt 0.802033 0.718780
vt 0.839556 0.771587
vt 0.821563 0.771587
vt 0.803570 0.771587
vt 0.820709 0.696768
vt 0.839556 0.696768
vt 0.820709 0.677474
vt 0.839556 0.677474
vt 0.801862 0.696768
vt 0.801862 0.677474
vt 0.858404 0.696768
vt 0.858318 0.718780
vt 0.877251 0.696768
vt 0.877080 0.718780
vt 0.858404 0.677474
vt 0.877251 0.677474
vt 0.858062 0.743667
vt 0.857549 0.771587
vt 0.876567 0.743667
vt 0.875542 0.771587
vt 0.929271 0.076832
vt 0.929271 0.038485
vt 0.950506 0.038485
vt 0.950422 0.076832
vt 0.971740 0.038485
vt 0.971574 0.076832
vt 0.929271 0.000000
vt 0.950506 0.000000
vt 0.971740 0.000000
vt 0.950172 0.114905
vt 0.929271 0.114905
vt 0.949672 0.152565
vt 0.929271 0.152565
vt 0.971073 0.114905
vt 0.970073 0.152565
vt 0.908369 0.114905
vt 0.908119 0.076832
vt 0.887468 0.114905
vt 0.886968 0.076833
vt 0.908870 0.152565
vt 0.888469 0.152565
vt 0.908036 0.038485
vt 0.908036 0.000000
vt 0.886801 0.038485
vt 0.886801 0.000000
vt 0.929271 0.226390
vt 0.929271 0.189674
vt 0.948838 0.189674
vt 0.947801 0.226390
vt 0.968405 0.189674
vt 0.966330 0.226390
vt 0.946689 0.262869
vt 0.929271 0.262869
vt 0.945633 0.299268
vt 0.929271 0.299268
vt 0.964107 0.262869
vt 0.961996 0.299268
vt 0.911852 0.262869
vt 0.910741 0.226390
vt 0.894434 0.262869
vt 0.892211 0.226390
vt 0.912908 0.299268
vt 0.896546 0.299268
vt 0.909703 0.189674
vt 0.890136 0.189674
vt 0.929271 0.372202
vt 0.929271 0.335743
vt 0.944763 0.335743
vt 0.944106 0.372202
vt 0.960256 0.335743
vt 0.958941 0.372202
vt 0.943690 0.408555
vt 0.929271 0.408555
vt 0.943542 0.444710
vt 0.929271 0.444710
vt 0.958109 0.408555
vt 0.957813 0.444710
vt 0.914852 0.408555
vt 0.914435 0.372202
vt 0.900433 0.408555
vt 0.899600 0.372202
vt 0.915000 0.444710
vt 0.900729 0.444710
vt 0.913778 0.335743
vt 0.898286 0.335743
vt 0.929271 0.516222
vt 0.929271 0.480574
vt 0.943690 0.480574
vt 0.944060 0.516222
vt 0.958109 0.480574
vt 0.958849 0.516222
vt 0.944578 0.551724
vt 0.929271 0.551724
vt 0.945170 0.587154
vt 0.929271 0.587154
vt 0.959885 0.551724
vt 0.961069 0.587154
vt 0.913964 0.551724
vt 0.914482 0.516222
vt 0.898657 0.551724
vt 0.899693 0.516222
vt 0.913372 0.587154
vt 0.897473 0.587154
vt 0.914852 0.480574
vt 0.900433 0.480574
vt 0.839556 0.836200
vt 0.839556 0.871298
vt 0.824809 0.871298
vt 0.823528 0.836200
vt 0.810063 0.871298
vt 0.807500 0.836200
vt 0.839556 0.907194
vt 0.826176 0.907194
vt 0.812796 0.907194
vt 0.822418 0.802697
vt 0.839556 0.802697
vt 0.805279 0.802697
vt 0.856695 0.802697
vt 0.855585 0.836200
vt 0.873834 0.802697
vt 0.871613 0.836200
vt 0.854303 0.871298
vt 0.852936 0.907194
vt 0.869050 0.871298
vt 0.866317 0.907194
vt 0.359504 0.609136
vt 0.358565 0.630612
vt 0.341820 0.634405
vt 0.342825 0.613293
vt 0.325075 0.638198
vt 0.326146 0.617449
vt 0.356975 0.648796
vt 0.339735 0.651955
vt 0.322495 0.655115
vt 0.342664 0.588709
vt 0.359404 0.584410
vt 0.341251 0.560746
vt 0.357876 0.556476
vt 0.325925 0.593008
vt 0.324625 0.565015
vt 0.376143 0.580111
vt 0.376183 0.604979
vt 0.392883 0.575812
vt 0.392862 0.600823
vt 0.374501 0.552206
vt 0.391126 0.547937
vt 0.375310 0.626819
vt 0.374215 0.645636
vt 0.392055 0.623026
vt 0.391456 0.642477
vt 0.349823 0.491901
vt 0.354531 0.525376
vt 0.338497 0.529494
vt 0.334738 0.495776
vt 0.322463 0.533612
vt 0.319652 0.499650
vt 0.330309 0.460413
vt 0.344207 0.456844
vt 0.325545 0.424229
vt 0.338137 0.420995
vt 0.316411 0.463983
vt 0.312953 0.427463
vt 0.358106 0.453275
vt 0.364908 0.488027
vt 0.372004 0.449705
vt 0.379994 0.484153
vt 0.350729 0.417761
vt 0.363322 0.414527
vt 0.370565 0.521258
vt 0.386599 0.517140
vt 0.767859 0.073965
vt 0.766646 0.037610
vt 0.781586 0.038230
vt 0.782858 0.074587
vt 0.796525 0.038850
vt 0.797856 0.075210
vt 0.764967 0.001236
vt 0.779857 0.001854
vt 0.794746 0.002472
vt 0.783216 0.110908
vt 0.768140 0.110282
vt 0.782204 0.147173
vt 0.767022 0.146543
vt 0.798293 0.111534
vt 0.797387 0.147804
vt 0.753063 0.109656
vt 0.752861 0.073342
vt 0.737987 0.109030
vt 0.737862 0.072719
vt 0.751840 0.145913
vt 0.736658 0.145283
vt 0.751707 0.036990
vt 0.750078 0.000618
vt 0.736768 0.036369
vt 0.735189 0.000000
vt 0.759861 0.218868
vt 0.764040 0.182729
vt 0.779365 0.183366
vt 0.775394 0.219513
vt 0.794691 0.184002
vt 0.790928 0.220158
vt 0.770988 0.255645
vt 0.755152 0.254987
vt 0.766842 0.291789
vt 0.750583 0.291114
vt 0.786824 0.256302
vt 0.783101 0.292464
vt 0.739317 0.254330
vt 0.744327 0.218224
vt 0.723481 0.253673
vt 0.728793 0.217579
vt 0.734324 0.290439
vt 0.718065 0.289764
vt 0.748714 0.182093
vt 0.733389 0.181457
vt 0.744033 0.363696
vt 0.746820 0.327275
vt 0.763651 0.327974
vt 0.761592 0.364442
vt 0.780483 0.328673
vt 0.779150 0.365188
vt 0.760838 0.401434
vt 0.742393 0.400600
vt 0.779283 0.402269
vt 0.723948 0.399765
vt 0.726475 0.362950
vt 0.705503 0.398931
vt 0.708917 0.362204
vt 0.729989 0.326577
vt 0.713157 0.325878
vt 0.636186 0.785331
vt 0.636186 0.807895
vt 0.617339 0.807895
vt 0.617424 0.785331
vt 0.598492 0.807895
vt 0.598663 0.785331
vt 0.636186 0.829579
vt 0.617339 0.829579
vt 0.598492 0.829579
vt 0.617681 0.761010
vt 0.636186 0.761010
vt 0.618193 0.734052
vt 0.636186 0.734052
vt 0.599175 0.761010
vt 0.600200 0.734052
vt 0.654692 0.761010
vt 0.654948 0.785331
vt 0.673198 0.761010
vt 0.673710 0.785331
vt 0.654179 0.734052
vt 0.672172 0.734052
vt 0.655034 0.807895
vt 0.655034 0.829579
vt 0.673881 0.807895
vt 0.673881 0.829579
vt 0.636186 0.670471
vt 0.636186 0.703580
vt 0.619048 0.703580
vt 0.620158 0.670471
vt 0.601909 0.703580
vt 0.604130 0.670471
vt 0.621439 0.635604
vt 0.636186 0.635604
vt 0.622806 0.599859
vt 0.636186 0.599859
vt 0.606693 0.635604
vt 0.609426 0.599859
vt 0.650933 0.635604
vt 0.652215 0.670471
vt 0.665680 0.635604
vt 0.668243 0.670471
vt 0.649566 0.599859
vt 0.662946 0.599859
vt 0.653325 0.703580
vt 0.670464 0.703580
vt 0.844331 0.524466
vt 0.844332 0.560855
vt 0.829025 0.560855
vt 0.829543 0.524466
vt 0.813718 0.560855
vt 0.814754 0.524466
vt 0.844332 0.597279
vt 0.828433 0.597279
vt 0.812534 0.597279
vt 0.829913 0.488146
vt 0.844332 0.488146
vt 0.830061 0.451932
vt 0.844332 0.451932
vt 0.815494 0.488146
vt 0.815790 0.451932
vt 0.858750 0.488146
vt 0.859120 0.524466
vt 0.873169 0.488146
vt 0.873909 0.524466
vt 0.858602 0.451932
vt 0.872873 0.451932
vt 0.859638 0.560855
vt 0.860230 0.597279
vt 0.874945 0.560855
vt 0.876129 0.597279
vt 0.844331 0.379864
vt 0.844332 0.415856
vt 0.829913 0.415856
vt 0.829496 0.379864
vt 0.815494 0.415856
vt 0.814661 0.379864
vt 0.828839 0.343898
vt 0.844331 0.343898
vt 0.827969 0.307902
vt 0.844331 0.307902
vt 0.813347 0.343898
vt 0.811606 0.307902
vt 0.859824 0.343898
vt 0.859167 0.379864
vt 0.875316 0.343898
vt 0.874002 0.379864
vt 0.860694 0.307902
vt 0.877057 0.307902
vt 0.858750 0.415856
vt 0.873169 0.415856
vt 0.844331 0.235385
vt 0.844331 0.271820
vt 0.826913 0.271820
vt 0.825802 0.235385
vt 0.809495 0.271820
vt 0.807272 0.235385
vt 0.824764 0.198332
vt 0.844332 0.198332
vt 0.805197 0.198332
vt 0.863899 0.198332
vt 0.862861 0.235385
vt 0.883466 0.198332
vt 0.881391 0.235385
vt 0.861750 0.271820
vt 0.879168 0.271820
vt 0.458289 0.552825
vt 0.457353 0.531349
vt 0.474095 0.535141
vt 0.474965 0.556979
vt 0.490838 0.538932
vt 0.491641 0.561134
vt 0.474918 0.581846
vt 0.458181 0.577549
vt 0.473260 0.609748
vt 0.456637 0.605481
vt 0.491654 0.586143
vt 0.489882 0.614016
vt 0.441445 0.573252
vt 0.441614 0.548670
vt 0.424708 0.568955
vt 0.424938 0.544515
vt 0.440015 0.601213
vt 0.423393 0.596945
vt 0.440611 0.527558
vt 0.423869 0.523767
vt 0.448525 0.670046
vt 0.453266 0.636577
vt 0.469298 0.640692
vt 0.463608 0.673918
vt 0.485329 0.644808
vt 0.478691 0.677791
vt 0.456766 0.708666
vt 0.442870 0.705098
vt 0.449349 0.744173
vt 0.436759 0.740941
vt 0.470662 0.712233
vt 0.461939 0.747406
vt 0.428974 0.701530
vt 0.433442 0.666174
vt 0.415079 0.697963
vt 0.418360 0.662301
vt 0.424169 0.737709
vt 0.411579 0.734476
vt 0.437235 0.632461
vt 0.421204 0.628345
vt 0.666137 0.525906
vt 0.664889 0.562263
vt 0.649952 0.562875
vt 0.651141 0.526520
vt 0.635015 0.563487
vt 0.636145 0.527135
vt 0.663172 0.598638
vt 0.648286 0.599248
vt 0.633399 0.599859
vt 0.651374 0.490205
vt 0.666448 0.489587
vt 0.650174 0.453946
vt 0.665354 0.453324
vt 0.636300 0.490822
vt 0.634995 0.454568
vt 0.681522 0.488969
vt 0.681132 0.525291
vt 0.696595 0.488351
vt 0.696128 0.524677
vt 0.680534 0.452702
vt 0.695714 0.452080
vt 0.679825 0.561650
vt 0.678059 0.598028
vt 0.694762 0.561038
vt 0.692945 0.597418
vt 0.658215 0.380997
vt 0.662387 0.417137
vt 0.647064 0.417765
vt 0.642684 0.381634
vt 0.631741 0.418393
vt 0.627152 0.382270
vt 0.637673 0.345527
vt 0.653506 0.344878
vt 0.632674 0.309420
vt 0.648930 0.308753
vt 0.621840 0.346176
vt 0.616418 0.310086
vt 0.669339 0.344230
vt 0.673746 0.380361
vt 0.685172 0.343581
vt 0.689277 0.379724
vt 0.665186 0.308087
vt 0.681442 0.307421
vt 0.677710 0.416509
vt 0.693033 0.415881
vt 0.642353 0.236177
vt 0.645154 0.272594
vt 0.628325 0.273284
vt 0.624797 0.236914
vt 0.611497 0.273974
vt 0.607242 0.237651
vt 0.622258 0.200102
vt 0.640700 0.199277
vt 0.603816 0.200927
vt 0.659141 0.198452
vt 0.659908 0.235440
vt 0.677583 0.197627
vt 0.677463 0.234703
vt 0.661982 0.271905
vt 0.678811 0.271215
vt 0.199753 0.773900
vt 0.199753 0.754753
vt 0.215700 0.754753
vt 0.215700 0.773900
vt 0.231647 0.754753
vt 0.231647 0.773900
vt 0.199753 0.735605
vt 0.215700 0.735605
vt 0.231647 0.735605
vt 0.215700 0.793048
vt 0.199753 0.793048
vt 0.215700 0.812196
vt 0.199753 0.812196
vt 0.231647 0.793048
vt 0.231647 0.812196
vt 0.183806 0.793048
vt 0.183806 0.773900
vt 0.167859 0.793048
vt 0.167859 0.773900
vt 0.183806 0.812196
vt 0.167859 0.812196
vt 0.183806 0.754753
vt 0.183806 0.735605
vt 0.167859 0.754753
vt 0.167859 0.735605
vt 0.353476 0.675985
vt 0.333570 0.677209
vt 0.336658 0.665851
vt 0.355124 0.663645
vt 0.313663 0.678434
vt 0.318192 0.668057
vt 0.373589 0.661440
vt 0.373383 0.674760
vt 0.392055 0.659234
vt 0.393289 0.673535
vt 0.373547 0.686129
vt 0.352500 0.686637
vt 0.374032 0.696079
vt 0.352661 0.696427
vt 0.394594 0.685621
vt 0.395403 0.695731
vt 0.331453 0.687145
vt 0.310406 0.687653
vt 0.331289 0.696775
vt 0.309918 0.697123
vt 0.364630 0.785734
vt 0.364630 0.766586
vt 0.373000 0.766586
vt 0.373000 0.785734
vt 0.381369 0.766586
vt 0.381369 0.785734
vt 0.364630 0.747438
vt 0.373000 0.747438
vt 0.381369 0.747438
vt 0.373000 0.804882
vt 0.364630 0.804882
vt 0.373000 0.824029
vt 0.364630 0.824029
vt 0.381369 0.804882
vt 0.381369 0.824029
vt 0.356261 0.804882
vt 0.356261 0.785734
vt 0.347891 0.804882
vt 0.347891 0.785734
vt 0.356261 0.824029
vt 0.347891 0.824029
vt 0.356261 0.766586
vt 0.356261 0.747438
vt 0.347891 0.766586
vt 0.347891 0.747438
vt 0.839556 0.646385
vt 0.858404 0.646385
vt 0.858404 0.660740
vt 0.839556 0.660740
vt 0.877251 0.646385
vt 0.877251 0.660740
vt 0.820709 0.660740
vt 0.820709 0.646385
vt 0.801862 0.660740
vt 0.801862 0.646385
vt 0.820709 0.634227
vt 0.839556 0.634227
vt 0.820709 0.624085
vt 0.839556 0.624085
vt 0.801862 0.634227
vt 0.801862 0.624085
vt 0.858404 0.634227
vt 0.877251 0.634227
vt 0.858404 0.624085
vt 0.877251 0.624085
vt 0.323572 0.785734
vt 0.335731 0.785734
vt 0.335731 0.804882
vt 0.323572 0.804882
vt 0.335731 0.824029
vt 0.323572 0.824029
vt 0.347891 0.785734
vt 0.347891 0.804882
vt 0.347891 0.824029
vt 0.311412 0.804882
vt 0.311412 0.785734
vt 0.299253 0.804882
vt 0.299253 0.785734
vt 0.311412 0.824029
vt 0.299253 0.824029
vt 0.311412 0.766586
vt 0.323572 0.766586
vt 0.311412 0.747439
vt 0.323572 0.747439
vt 0.299253 0.766586
vt 0.299253 0.747438
vt 0.335731 0.766586
vt 0.347891 0.766586
vt 0.335731 0.747439
vt 0.347891 0.747439
vt 0.456181 0.446063
vt 0.474537 0.448423
vt 0.473575 0.456819
vt 0.453214 0.455785
vt 0.492893 0.450782
vt 0.493936 0.457853
vt 0.432853 0.454751
vt 0.437825 0.443704
vt 0.412492 0.453717
vt 0.419469 0.441345
vt 0.444263 0.432252
vt 0.459949 0.436361
vt 0.451435 0.420598
vt 0.464118 0.426668
vt 0.428578 0.428143
vt 0.438753 0.414527
vt 0.475634 0.440470
vt 0.491320 0.444578
vt 0.476800 0.432739
vt 0.489482 0.438809
vt 0.357392 0.715900
vt 0.339033 0.718261
vt 0.334061 0.707214
vt 0.354425 0.706178
vt 0.320674 0.720623
vt 0.313696 0.708251
vt 0.374790 0.705141
vt 0.375751 0.713538
vt 0.395154 0.704105
vt 0.394110 0.711177
vt 0.376849 0.721491
vt 0.361161 0.725602
vt 0.378015 0.729222
vt 0.365330 0.735294
vt 0.392537 0.717380
vt 0.390699 0.723150
vt 0.345473 0.729712
vt 0.329785 0.733823
vt 0.352646 0.741366
vt 0.339962 0.747438
vt 0.839556 0.608847
vt 0.858404 0.608847
vt 0.858404 0.615778
vt 0.839556 0.615778
vt 0.877251 0.608847
vt 0.877251 0.615778
vt 0.820709 0.615778
vt 0.820709 0.608847
vt 0.801862 0.615778
vt 0.801862 0.608847
vt 0.820709 0.602834
vt 0.839556 0.602834
vt 0.820709 0.597279
vt 0.839556 0.597279
vt 0.801862 0.602834
vt 0.801862 0.597279
vt 0.858404 0.602834
vt 0.877251 0.602834
vt 0.858404 0.597279
vt 0.877251 0.597279
vt 0.040194 0.500704
vt 0.040194 0.471193
vt 0.059211 0.471193
vt 0.058886 0.500704
vt 0.078228 0.471193
vt 0.077577 0.500704
vt 0.040194 0.447754
vt 0.059274 0.447754
vt 0.078354 0.447754
vt 0.058442 0.534286
vt 0.040194 0.534286
vt 0.058024 0.569937
vt 0.040194 0.569937
vt 0.076690 0.534286
vt 0.075854 0.569937
vt 0.021946 0.534286
vt 0.021502 0.500704
vt 0.003699 0.534286
vt 0.002811 0.500704
vt 0.022364 0.569937
vt 0.004534 0.569937
vt 0.021177 0.471193
vt 0.021114 0.447754
vt 0.002160 0.471193
vt 0.002034 0.447754
vt 0.040185 0.639403
vt 0.040194 0.605655
vt 0.057777 0.605655
vt 0.057614 0.639403
vt 0.075359 0.605655
vt 0.075042 0.639403
vt 0.057451 0.669146
vt 0.040159 0.669146
vt 0.057201 0.692848
vt 0.040107 0.692848
vt 0.074742 0.669146
vt 0.074295 0.692848
vt 0.022868 0.669146
vt 0.022757 0.639403
vt 0.005577 0.669146
vt 0.005328 0.639403
vt 0.023014 0.692848
vt 0.005920 0.692848
vt 0.022611 0.605655
vt 0.005029 0.605655
vt 0.116891 0.646207
vt 0.116140 0.676303
vt 0.098744 0.675371
vt 0.099081 0.645262
vt 0.081348 0.674439
vt 0.081271 0.644317
vt 0.115385 0.700212
vt 0.098447 0.699297
vt 0.081508 0.698382
vt 0.099392 0.611027
vt 0.117558 0.611981
vt 0.099611 0.574724
vt 0.118059 0.575681
vt 0.081226 0.610074
vt 0.081163 0.573767
vt 0.135724 0.612934
vt 0.134701 0.647152
vt 0.153891 0.613887
vt 0.152512 0.648097
vt 0.136507 0.576638
vt 0.154956 0.577595
vt 0.133535 0.677235
vt 0.132323 0.701126
vt 0.150931 0.678167
vt 0.149261 0.702041
vt 0.118400 0.505084
vt 0.118312 0.539365
vt 0.099671 0.538409
vt 0.099693 0.504135
vt 0.081030 0.537452
vt 0.080985 0.503185
vt 0.099796 0.473956
vt 0.118405 0.474892
vt 0.100100 0.449925
vt 0.118410 0.450840
vt 0.081186 0.473020
vt 0.081790 0.449011
vt 0.137015 0.475828
vt 0.137108 0.506034
vt 0.155625 0.476764
vt 0.155815 0.506983
vt 0.136721 0.451754
vt 0.155031 0.452669
vt 0.136954 0.540321
vt 0.155595 0.541277
vt 0.536668 0.502606
vt 0.536642 0.472487
vt 0.554007 0.472487
vt 0.554156 0.502606
vt 0.571373 0.472487
vt 0.571644 0.502606
vt 0.536590 0.448545
vt 0.553767 0.448545
vt 0.570944 0.448545
vt 0.554297 0.536846
vt 0.536677 0.536846
vt 0.554516 0.573149
vt 0.536677 0.573149
vt 0.571918 0.536846
vt 0.572354 0.573149
vt 0.519056 0.536846
vt 0.519180 0.502606
vt 0.501435 0.536846
vt 0.501691 0.502606
vt 0.518838 0.573149
vt 0.500999 0.573149
vt 0.519276 0.472487
vt 0.519413 0.448545
vt 0.501911 0.472487
vt 0.502236 0.448545
vt 0.536677 0.643720
vt 0.536677 0.609458
vt 0.554895 0.609459
vt 0.555298 0.643720
vt 0.573114 0.609458
vt 0.573919 0.643720
vt 0.555585 0.673877
vt 0.536677 0.673877
vt 0.555619 0.697875
vt 0.536677 0.697875
vt 0.574494 0.673877
vt 0.574561 0.697875
vt 0.517768 0.673877
vt 0.518056 0.643720
vt 0.498860 0.673877
vt 0.499434 0.643720
vt 0.517734 0.697875
vt 0.498792 0.697875
vt 0.518458 0.609459
vt 0.500240 0.609459
vt 0.192565 0.503962
vt 0.191826 0.473866
vt 0.209219 0.472944
vt 0.210372 0.503027
vt 0.226611 0.472022
vt 0.228179 0.502093
vt 0.191078 0.449957
vt 0.208013 0.449053
vt 0.224948 0.448148
vt 0.211380 0.537245
vt 0.193217 0.538188
vt 0.212150 0.573541
vt 0.193704 0.574487
vt 0.229543 0.536303
vt 0.230595 0.572595
vt 0.175054 0.539131
vt 0.174759 0.504896
vt 0.156892 0.540073
vt 0.156952 0.505831
vt 0.175259 0.575433
vt 0.156814 0.576380
vt 0.174434 0.474787
vt 0.174144 0.450862
vt 0.157042 0.475709
vt 0.157209 0.451766
vt 0.194030 0.645080
vt 0.193949 0.610802
vt 0.212587 0.609856
vt 0.212735 0.644141
vt 0.231226 0.608911
vt 0.231440 0.643202
vt 0.212635 0.674345
vt 0.194028 0.675271
vt 0.212329 0.698419
vt 0.194020 0.699323
vt 0.231243 0.673420
vt 0.230637 0.697515
vt 0.175420 0.676196
vt 0.175325 0.646019
vt 0.156813 0.677121
vt 0.156620 0.646957
vt 0.175712 0.700227
vt 0.157404 0.701131
vt 0.175311 0.611747
vt 0.156672 0.612692
vt 0.536677 0.723278
vt 0.518744 0.723278
vt 0.518092 0.713657
vt 0.536677 0.713657
vt 0.500811 0.723278
vt 0.499508 0.713657
vt 0.555261 0.713657
vt 0.554609 0.723278
vt 0.573846 0.713657
vt 0.572542 0.723278
vt 0.553762 0.728791
vt 0.536677 0.728791
vt 0.552816 0.732251
vt 0.536677 0.732251
vt 0.570847 0.728791
vt 0.568955 0.732251
vt 0.519592 0.728791
vt 0.502507 0.728791
vt 0.520537 0.732251
vt 0.504398 0.732251
vt 0.040194 0.423080
vt 0.058281 0.423080
vt 0.058930 0.432389
vt 0.040194 0.432389
vt 0.076369 0.423080
vt 0.077666 0.432389
vt 0.021458 0.432389
vt 0.022107 0.423080
vt 0.002722 0.432389
vt 0.004019 0.423080
vt 0.022959 0.417809
vt 0.040194 0.417809
vt 0.023913 0.414556
vt 0.040194 0.414556
vt 0.005724 0.417809
vt 0.007632 0.414556
vt 0.057429 0.417809
vt 0.074664 0.417809
vt 0.056475 0.414556
vt 0.072756 0.414556
vt 0.194211 0.724903
vt 0.177159 0.725740
vt 0.176318 0.716058
vt 0.194088 0.715185
vt 0.160108 0.726576
vt 0.158548 0.716932
vt 0.211857 0.714311
vt 0.211263 0.724067
vt 0.229627 0.713437
vt 0.228314 0.723231
vt 0.210586 0.729733
vt 0.194372 0.730527
vt 0.209867 0.733353
vt 0.194551 0.734103
vt 0.226800 0.728938
vt 0.225184 0.732602
vt 0.178158 0.731322
vt 0.161944 0.732117
vt 0.179234 0.734854
vt 0.163918 0.735605
vt 0.118647 0.425265
vt 0.135700 0.426111
vt 0.136269 0.435864
vt 0.118498 0.434980
vt 0.152753 0.426957
vt 0.154041 0.436748
vt 0.100726 0.434096
vt 0.101594 0.424419
vt 0.082955 0.433213
vt 0.084540 0.423572
vt 0.102622 0.418842
vt 0.118837 0.419646
vt 0.103730 0.415315
vt 0.119048 0.416075
vt 0.086406 0.418038
vt 0.088412 0.414556
vt 0.135053 0.420450
vt 0.151268 0.421254
vt 0.134366 0.416834
vt 0.149684 0.417594
vt 0.536391 0.423302
vt 0.552801 0.423302
vt 0.553350 0.432836
vt 0.536503 0.432836
vt 0.569210 0.423302
vt 0.570196 0.432836
vt 0.519657 0.432836
vt 0.519981 0.423302
vt 0.502810 0.432836
vt 0.503571 0.423302
vt 0.520359 0.417886
vt 0.536261 0.417886
vt 0.520763 0.414527
vt 0.536122 0.414527
vt 0.504456 0.417886
vt 0.505404 0.414527
vt 0.552163 0.417886
vt 0.568065 0.417886
vt 0.551482 0.414527
vt 0.566841 0.414527
vt 0.039908 0.718036
vt 0.023587 0.718036
vt 0.023262 0.708471
vt 0.040021 0.708471
vt 0.007265 0.718036
vt 0.006503 0.708471
vt 0.056780 0.708471
vt 0.056230 0.718036
vt 0.073539 0.708471
vt 0.072552 0.718036
vt 0.055594 0.723561
vt 0.039778 0.723561
vt 0.054916 0.727068
vt 0.039640 0.727068
vt 0.071410 0.723561
vt 0.070192 0.727068
vt 0.023962 0.723561
vt 0.008147 0.723561
vt 0.024364 0.727068
vt 0.009088 0.727068
vt 0.189771 0.424814
vt 0.205714 0.423956
vt 0.206848 0.433411
vt 0.190399 0.434294
vt 0.221658 0.423098
vt 0.223298 0.432528
vt 0.173949 0.435177
vt 0.173827 0.425672
vt 0.157499 0.436060
vt 0.157883 0.426530
vt 0.173753 0.420287
vt 0.189177 0.419456
vt 0.173703 0.416963
vt 0.188600 0.416160
vt 0.158329 0.421118
vt 0.158805 0.417765
vt 0.204601 0.418626
vt 0.220025 0.417795
vt 0.203497 0.415358
vt 0.218395 0.414556
vt 0.114091 0.725357
vt 0.098144 0.724490
vt 0.098256 0.714983
vt 0.114709 0.715876
vt 0.082197 0.723622
vt 0.081803 0.714091
vt 0.131162 0.716769
vt 0.130038 0.726225
vt 0.147615 0.717661
vt 0.145985 0.727092
vt 0.128940 0.731556
vt 0.113513 0.730716
vt 0.127855 0.734825
vt 0.112955 0.734014
vt 0.144367 0.732396
vt 0.142755 0.735636
vt 0.098086 0.729876
vt 0.082659 0.729036
vt 0.098054 0.733203
vt 0.083154 0.732391
vn 0.0000 0.9977 -0.0684
vn 0.0000 0.9984 -0.0565
vn 0.0000 0.9991 -0.0409
vn 0.0000 0.9969 -0.0782
vn 0.0000 0.9962 -0.0871
vn 0.9907 0.1158 0.0718
vn 0.9951 0.0302 0.0933
vn 0.9997 0.0202 0.0143
vn 0.9932 0.1161 -0.0095
vn 0.9998 0.0181 -0.0043
vn 0.9928 0.1165 -0.0282
vn 0.9952 0.0149 0.0969
vn 0.9998 0.0028 0.0186
vn 1.0000 0.0000 0.0000
vn 0.8953 0.4370 -0.0864
vn 0.9082 0.4185 0.0035
vn 0.5508 0.8173 -0.1691
vn 0.6119 0.7886 -0.0604
vn 0.8936 0.4362 -0.1060
vn 0.5496 0.8124 -0.1946
vn 0.9169 0.3534 0.1854
vn 0.9657 0.1155 0.2326
vn 0.8901 0.2749 0.3634
vn 0.9144 0.1176 0.3873
vn 0.7300 0.6662 0.1524
vn 0.8168 0.4715 0.3324
vn 0.9677 0.0505 0.2468
vn 0.9677 0.0390 0.2488
vn 0.9166 0.0708 0.3934
vn 0.9171 0.0623 0.3937
vn 0.7931 -0.4429 0.4180
vn 0.8491 -0.3844 0.3622
vn 0.8425 -0.3804 0.3814
vn 0.7846 -0.4362 0.4406
vn 0.8350 -0.3873 0.3909
vn 0.7753 -0.4421 0.4509
vn 0.8627 -0.3681 0.3467
vn 0.8573 -0.3656 0.3624
vn 0.8506 -0.3734 0.3702
vn 0.5562 -0.5836 0.5916
vn 0.5660 -0.5997 0.5656
vn 0.0000 -0.7021 0.7121
vn 0.0000 -0.7286 0.6849
vn 0.5458 -0.5850 0.5999
vn 0.0000 -0.6976 0.7164
vn 0.5830 -0.6665 0.4646
vn 0.8101 -0.4785 0.3386
vn 0.5886 -0.7935 0.1546
vn 0.8238 -0.5560 0.1099
vn 0.0000 -0.8246 0.5656
vn 0.0000 -0.9801 0.1982
vn 0.8634 -0.4101 0.2937
vn 0.8755 -0.3897 0.2857
vn 0.8780 -0.4682 0.0991
vn 0.8915 -0.4408 0.1043
vn 0.0384 0.9992 -0.0109
vn 0.0470 0.9987 -0.0199
vn -0.0936 0.9852 -0.1436
vn -0.0924 0.9861 -0.1376
vn -0.1202 0.9739 -0.1924
vn -0.1205 0.9747 -0.1883
vn 0.0460 0.9984 -0.0324
vn -0.0876 0.9843 -0.1527
vn -0.1079 0.9741 -0.1985
vn -0.0638 0.9891 -0.1326
vn 0.0240 0.9997 0.0000
vn 0.0000 0.9915 -0.1299
vn 0.0000 1.0000 0.0076
vn -0.0850 0.9789 -0.1859
vn 0.0000 0.9827 -0.1852
vn 0.2248 0.9323 0.2832
vn 0.3391 0.9074 0.2482
vn 0.4034 0.7136 0.5727
vn 0.6048 0.6323 0.4841
vn 0.0000 0.9499 0.3124
vn 0.0000 0.7642 0.6449
vn 0.3814 0.8948 0.2320
vn 0.3862 0.8955 0.2208
vn 0.6721 0.5902 0.4471
vn 0.6869 0.5806 0.4371
vn 0.7685 0.1650 0.6182
vn 0.7760 0.1100 0.6210
vn 0.8280 0.0977 0.5520
vn 0.8224 0.1459 0.5498
vn 0.8378 0.0949 0.5377
vn 0.8327 0.1408 0.5354
vn 0.7773 0.0991 0.6212
vn 0.8289 0.0881 0.5523
vn 0.8385 0.0858 0.5380
vn 0.7896 0.3089 0.5301
vn 0.7288 0.3454 0.5912
vn 0.8025 0.2985 0.5166
vn 0.5051 0.4263 0.7504
vn 0.5477 0.2149 0.8086
vn 0.0000 0.4784 0.8781
vn 0.0000 0.2539 0.9672
vn 0.5580 0.1447 0.8171
vn 0.5601 0.1305 0.8180
vn 0.0000 0.1739 0.9847
vn 0.0000 0.1575 0.9875
vn 0.0000 0.9999 -0.0086
vn 0.0000 0.9997 -0.0237
vn 0.0000 1.0000 0.0032
vn 0.0000 0.9999 0.0110
vn 0.0000 0.9987 -0.0497
vn 0.0011 0.9987 -0.0495
vn 0.0002 1.0000 0.0009
vn 0.0000 1.0000 0.0008
vn -0.0001 0.9998 0.0214
vn 0.0020 0.9988 -0.0490
vn 0.0004 1.0000 0.0011
vn -0.0001 1.0000 0.0008
vn -0.0005 0.9987 -0.0498
vn 0.0000 0.9987 -0.0498
vn 0.0000 0.9998 0.0214
vn -0.0040 0.9940 -0.1091
vn -0.0037 0.9940 -0.1091
vn -0.0145 0.9867 -0.1616
vn -0.0175 0.9866 -0.1619
vn 0.0000 0.9940 -0.1090
vn 0.0000 0.9869 -0.1614
vn -0.0013 0.9940 -0.1091
vn 0.0014 0.9940 -0.1089
vn -0.0136 0.9866 -0.1625
vn -0.0080 0.9866 -0.1631
vn 0.2447 -0.9688 -0.0389
vn 0.0641 -0.9954 -0.0706
vn 0.0087 -0.9995 -0.0286
vn 0.0332 -0.9993 0.0187
vn -0.0638 -0.9976 -0.0272
vn -0.2292 -0.9730 0.0248
vn 0.0000 -0.9970 -0.0765
vn 0.0000 -0.9993 -0.0381
vn 0.0000 -0.9993 -0.0379
vn 0.1600 -0.9743 0.1583
vn 0.5838 -0.8115 0.0220
vn 0.7750 -0.5854 0.2380
vn 0.8934 -0.4457 0.0560
vn -0.4096 -0.8935 0.1840
vn -0.3641 -0.6261 0.6895
vn 0.6763 -0.7307 -0.0928
vn 0.3423 -0.9295 -0.1371
vn 0.6917 -0.6954 -0.1949
vn 0.3606 -0.8965 -0.2573
vn 0.9141 -0.4036 -0.0385
vn 0.9165 -0.3863 -0.1032
vn 0.0906 -0.9839 -0.1541
vn 0.0001 -0.9877 -0.1561
vn 0.0960 -0.9563 -0.2761
vn 0.0002 -0.9609 -0.2767
vn 0.3775 -0.5666 -0.7324
vn 0.1032 -0.5930 -0.7985
vn 0.0962 -0.6803 -0.7266
vn 0.3573 -0.6479 -0.6727
vn 0.0949 -0.7367 -0.6695
vn 0.3545 -0.6991 -0.6209
vn 0.0015 -0.5961 -0.8029
vn 0.0016 -0.6832 -0.7302
vn 0.0016 -0.7394 -0.6732
vn 0.6863 -0.5253 -0.5030
vn 0.7007 -0.4645 -0.5414
vn 0.9116 -0.3204 -0.2574
vn 0.9130 -0.2946 -0.2821
vn 0.6847 -0.5604 -0.4660
vn 0.9136 -0.3305 -0.2365
vn 0.7533 -0.3420 -0.5618
vn 0.4276 -0.4278 -0.7963
vn 0.7961 -0.1425 -0.5881
vn 0.4713 -0.1954 -0.8600
vn 0.9322 -0.2262 -0.2825
vn 0.9610 -0.0752 -0.2662
vn 0.1219 -0.4511 -0.8841
vn 0.0011 -0.4536 -0.8912
vn 0.1381 -0.2152 -0.9667
vn 0.0006 -0.2178 -0.9760
vn 0.9418 0.3362 0.0037
vn 0.9971 0.0759 0.0089
vn 0.9874 0.1569 0.0197
vn 0.9115 0.4112 0.0004
vn 0.8936 0.4428 0.0740
vn 0.8410 0.5409 -0.0121
vn 0.9995 0.0238 0.0196
vn 0.9920 0.1090 0.0637
vn 0.3194 0.3703 0.8722
vn 0.6208 0.7838 -0.0144
vn 0.6566 0.7542 -0.0033
vn 0.2803 0.9596 -0.0221
vn 0.2832 0.9590 -0.0074
vn 0.5645 0.8249 -0.0293
vn 0.2774 0.9600 -0.0385
vn 0.6746 0.7381 0.0051
vn 0.9526 0.3041 0.0038
vn 0.6857 0.7277 0.0118
vn 0.9564 0.2920 0.0059
vn 0.2877 0.9577 0.0046
vn 0.2953 0.9553 0.0132
vn 0.9985 0.0542 0.0027
vn 1.0000 0.0037 0.0044
vn 0.9987 0.0496 0.0013
vn 0.9864 0.1644 0.0022
vn 0.9996 0.0260 0.0013
vn 0.9995 0.0303 0.0030
vn 0.9819 0.1888 0.0116
vn 0.9994 0.0355 0.0037
vn 0.9760 0.2171 0.0151
vn 0.8124 0.5826 0.0208
vn 0.8444 0.5356 -0.0066
vn 0.4388 0.8984 0.0186
vn 0.4884 0.8723 -0.0240
vn 0.7767 0.6291 0.0305
vn 0.3921 0.9193 0.0334
vn 0.8683 0.4945 -0.0387
vn 0.9893 0.1458 -0.0083
vn 0.8834 0.4637 -0.0677
vn 0.9910 0.1328 -0.0175
vn 0.5314 0.8436 -0.0773
vn 0.5598 0.8187 -0.1277
vn 0.9997 0.0229 -0.0006
vn 0.9998 0.0208 -0.0023
vn 0.5599 -0.3698 -0.7414
vn 0.4817 -0.3842 -0.7876
vn 0.2555 -0.2899 -0.9223
vn 0.3501 -0.2872 -0.8916
vn 0.1951 -0.2677 -0.9435
vn 0.2926 -0.2714 -0.9169
vn 0.4413 -0.3912 -0.8076
vn 0.2069 -0.2904 -0.9343
vn 0.1444 -0.2642 -0.9536
vn 0.5104 -0.2770 -0.8141
vn 0.6875 -0.3450 -0.6389
vn 0.7461 -0.2366 -0.6223
vn 0.8487 -0.2932 -0.4402
vn 0.4562 -0.2688 -0.8483
vn 0.7038 -0.2341 -0.6706
vn 0.8787 -0.4101 -0.2441
vn 0.8366 -0.4498 -0.3127
vn 0.9119 -0.3841 0.1447
vn 0.9031 -0.4090 0.1305
vn 0.9294 -0.3531 -0.1074
vn 0.9198 -0.3600 0.1560
vn 0.8076 -0.4753 -0.3489
vn 0.7901 -0.4888 -0.3698
vn 0.8962 -0.4281 0.1167
vn 0.9883 -0.1493 0.0316
vn 0.9942 -0.0697 -0.0820
vn 0.9996 -0.0273 0.0059
vn 0.9873 -0.1245 0.0986
vn 0.9998 -0.0063 0.0151
vn 0.9882 -0.1139 0.1019
vn 0.9921 -0.0470 -0.1165
vn 0.9998 0.0077 -0.0204
vn 0.9993 0.0348 -0.0094
vn 0.9464 -0.2415 0.2143
vn 0.9507 -0.2503 0.1830
vn 0.9042 -0.3142 0.2892
vn 0.9068 -0.3145 0.2807
vn 0.9464 -0.2438 0.2117
vn 0.9021 -0.3240 0.2850
vn 0.9551 -0.2884 0.0678
vn 0.9627 -0.2116 -0.1683
vn 0.9146 -0.3310 0.2321
vn 0.9357 -0.1512 -0.3187
vn 0.9190 -0.1437 -0.3671
vn 0.1863 0.1947 -0.9630
vn 0.0361 0.1752 -0.9839
vn 0.0597 0.3306 -0.9419
vn 0.2484 0.3422 -0.9062
vn 0.0780 0.3736 -0.9243
vn 0.3028 0.3793 -0.8743
vn -0.0111 0.1602 -0.9870
vn -0.0032 0.3226 -0.9465
vn 0.0000 0.3696 -0.9292
vn 0.5508 0.3317 -0.7659
vn 0.4558 0.1994 -0.8674
vn 0.8447 0.2504 -0.4730
vn 0.7660 0.1405 -0.6272
vn 0.6206 0.3555 -0.6989
vn 0.8794 0.2663 -0.3945
vn 0.3254 -0.0184 -0.9454
vn 0.1259 -0.0278 -0.9916
vn 0.2434 -0.1829 -0.9525
vn 0.1114 -0.1842 -0.9765
vn 0.5977 -0.0508 -0.8001
vn 0.4098 -0.1844 -0.8933
vn 0.0213 -0.0420 -0.9989
vn -0.0099 -0.0526 -0.9986
vn 0.0348 -0.1840 -0.9823
vn 0.0089 -0.1832 -0.9830
vn 0.9644 0.2640 0.0113
vn 0.9990 0.0442 0.0026
vn 0.9989 0.0474 0.0019
vn 0.9598 0.2806 0.0087
vn 0.6993 0.7146 0.0175
vn 0.7190 0.6946 0.0227
vn 0.3078 0.9512 0.0195
vn 0.3271 0.9446 0.0251
vn 0.7452 0.6663 0.0271
vn 0.9700 0.2425 0.0135
vn 0.3549 0.9344 0.0297
vn 0.9992 0.0402 0.0032
vn 0.3543 -0.7983 -0.4870
vn 0.0943 -0.8471 -0.5229
vn 0.0953 -0.9073 -0.4094
vn 0.3580 -0.8522 -0.3815
vn 0.0009 -0.8513 -0.5246
vn 0.0005 -0.9119 -0.4104
vn 0.6893 -0.6645 -0.2885
vn 0.6858 -0.6280 -0.3677
vn 0.9161 -0.3712 -0.1513
vn 0.9153 -0.3550 -0.1901
vn 0.6836 -0.5918 -0.4270
vn 0.3523 -0.7448 -0.5666
vn 0.9145 -0.3406 -0.2182
vn 0.0940 -0.7874 -0.6092
vn 0.0013 -0.7909 -0.6119
vn 0.0000 0.9998 0.0192
vn 0.0000 0.9998 0.0159
vn -0.0000 0.9998 0.0211
vn 0.9983 -0.0561 -0.0169
vn 0.9868 -0.1479 -0.0663
vn 0.9867 -0.1525 -0.0560
vn 0.9983 -0.0562 -0.0172
vn 0.9866 -0.1583 -0.0395
vn 0.9982 -0.0580 -0.0132
vn 0.9999 -0.0130 -0.0023
vn 0.9999 -0.0147 0.0009
vn 1.0000 -0.0004 0.0009
vn 1.0000 -0.0020 0.0033
vn 0.9999 -0.0130 -0.0027
vn 0.9998 -0.0197 0.0049
vn 0.9981 -0.0596 -0.0141
vn 0.9995 -0.0290 0.0070
vn 0.9976 -0.0681 -0.0124
vn 0.9999 -0.0061 0.0059
vn 0.9999 -0.0130 0.0070
vn 0.9866 -0.1465 -0.0715
vn 0.9858 -0.1503 -0.0747
vn 0.9950 -0.0924 -0.0367
vn 0.9818 -0.1581 -0.1051
vn 0.9837 -0.1578 -0.0862
vn 0.9965 -0.0814 -0.0202
vn 0.9991 -0.0424 0.0010
vn 0.9984 -0.0554 -0.0122
vn 0.9997 -0.0225 0.0034
vn 0.9995 -0.0320 -0.0045
vn 0.9978 -0.0623 -0.0228
vn 0.9945 -0.0925 -0.0493
vn 0.9979 -0.0585 -0.0282
vn 0.9954 -0.0774 -0.0561
vn 0.9992 -0.0381 -0.0105
vn 0.9992 -0.0379 -0.0128
vn 0.9838 -0.1379 -0.1147
vn 0.9896 -0.0900 -0.1120
vn 0.9960 -0.0670 0.0588
vn 0.9835 -0.1718 0.0567
vn 0.9633 -0.1992 0.1802
vn 0.9815 -0.0880 0.1698
vn 0.7967 -0.2762 0.5375
vn 0.8866 -0.1406 0.4406
vn 0.9840 -0.0347 0.1748
vn 0.9978 -0.0194 0.0634
vn 0.9834 -0.0133 0.1807
vn 0.9978 -0.0037 0.0662
vn 0.9013 -0.0723 0.4271
vn 0.9003 -0.0380 0.4336
vn 0.9998 -0.0144 0.0130
vn 0.9981 -0.0606 0.0069
vn 0.9999 -0.0006 0.0149
vn 0.9865 -0.1633 -0.0062
vn 0.7562 -0.2453 0.6066
vn 0.7429 -0.3096 0.5935
vn 0.8013 -0.2767 0.5305
vn 0.8123 -0.2185 0.5408
vn 0.8133 -0.2690 0.5159
vn 0.8234 -0.2124 0.5262
vn 0.7318 -0.3707 0.5718
vn 0.7927 -0.3319 0.5112
vn 0.8059 -0.3232 0.4960
vn 0.8220 -0.1557 0.5477
vn 0.7679 -0.1753 0.6161
vn 0.8290 -0.0833 0.5529
vn 0.7761 -0.0939 0.6236
vn 0.8325 -0.1515 0.5329
vn 0.8391 -0.0810 0.5379
vn 0.5469 -0.2279 0.8056
vn 0.5342 -0.3157 0.7842
vn 0.0000 -0.2695 0.9630
vn 0.0000 -0.3705 0.9288
vn 0.5556 -0.1230 0.8223
vn 0.0000 -0.1460 0.9893
vn 0.5194 -0.3939 0.7583
vn 0.5061 -0.4677 0.7246
vn 0.0000 -0.4582 0.8889
vn 0.0000 -0.5397 0.8418
vn 0.9952 -0.0367 0.0900
vn 0.9951 -0.0457 0.0870
vn 0.9996 0.0099 -0.0269
vn 0.9999 0.0015 -0.0151
vn 0.9977 0.0218 -0.0641
vn 0.9988 0.0066 -0.0474
vn 0.9946 -0.0575 0.0862
vn 0.9993 0.0191 -0.0313
vn 0.9967 0.0409 -0.0703
vn 1.0000 -0.0034 -0.0019
vn 0.9952 -0.0272 0.0936
vn 0.9999 -0.0040 0.0086
vn 0.9952 -0.0151 0.0965
vn 0.9996 -0.0025 -0.0288
vn 0.9999 -0.0051 -0.0141
vn 0.9626 -0.0735 0.2606
vn 0.9586 -0.1055 0.2643
vn 0.9077 -0.1139 0.4039
vn 0.8993 -0.1622 0.4060
vn 0.9655 -0.0386 0.2574
vn 0.9139 -0.0601 0.4014
vn 0.9538 -0.1385 0.2665
vn 0.9485 -0.1760 0.2631
vn 0.8898 -0.2105 0.4049
vn 0.8812 -0.2621 0.3933
vn -0.5502 0.8332 -0.0545
vn 0.2287 0.9728 -0.0352
vn -0.9985 0.0168 0.0516
vn -0.9729 -0.2308 0.0136
vn -0.9712 -0.2300 0.0626
vn -0.9534 -0.3012 0.0183
vn -0.8560 0.4993 -0.1337
vn -0.2611 0.9608 -0.0928
vn 0.5034 0.8171 -0.2809
vn 0.7695 0.6352 -0.0662
vn -0.9710 -0.2363 -0.0345
vn 0.3671 0.3641 -0.8559
vn 0.4652 0.8825 -0.0691
vn 0.4512 0.8905 -0.0585
vn 0.2620 0.9622 -0.0740
vn 0.2680 0.9612 -0.0646
vn 0.5192 0.8513 -0.0755
vn 0.2556 0.9632 -0.0826
vn 0.4959 0.8672 -0.0448
vn 0.2733 0.9604 -0.0533
vn 0.6604 0.7499 -0.0388
vn 0.6584 0.7204 -0.2179
vn 0.6835 0.6929 -0.2295
vn 0.7040 0.7091 -0.0389
vn 0.8277 0.5241 -0.2004
vn 0.8422 0.5381 -0.0311
vn 0.6482 0.6145 -0.4497
vn 0.5962 0.6043 -0.5284
vn 0.6775 0.4353 -0.5928
vn 0.6939 0.7012 0.1635
vn 0.6761 0.7209 0.1521
vn 0.6085 0.6043 0.5143
vn 0.6733 0.6041 0.4264
vn 0.8324 0.5348 0.1454
vn 0.6815 0.4474 0.5791
vn 0.8090 0.5759 0.1171
vn 0.7929 0.6086 -0.0298
vn 0.9400 0.3295 0.0886
vn 0.9389 0.3438 -0.0160
vn 0.8364 0.4657 0.2890
vn 0.9358 0.3059 0.1749
vn 0.7930 0.5849 -0.1703
vn 0.8128 0.4871 -0.3194
vn 0.9329 0.3401 -0.1184
vn 0.9240 0.3264 -0.1990
vn -0.5262 -0.8471 -0.0742
vn -0.4407 -0.8976 -0.0069
vn -0.1313 -0.9900 -0.0507
vn -0.1624 -0.9828 -0.0879
vn 0.0000 -0.9982 -0.0596
vn 0.0000 -0.9960 -0.0894
vn -0.1382 -0.9807 -0.1379
vn -0.4602 -0.8730 -0.1616
vn -0.0776 -0.9763 -0.2019
vn -0.2765 -0.9280 -0.2495
vn 0.0000 -0.9914 -0.1311
vn 0.0000 -0.9815 -0.1911
vn -0.7793 -0.5925 -0.2037
vn -0.8516 -0.5223 -0.0440
vn -0.9578 -0.2282 -0.1747
vn -0.9781 -0.2072 -0.0168
vn -0.4917 -0.7803 -0.3864
vn -0.4496 -0.4016 -0.7978
vn -0.7632 -0.6399 0.0891
vn -0.9560 -0.2630 0.1298
vn 0.0000 -0.9070 0.4210
vn 0.0000 -0.9810 0.1937
vn 0.0000 -0.9989 -0.0466
vn 0.0000 -0.8084 0.5886
vn 0.0000 -0.7295 0.6840
vn 0.9968 0.0226 -0.0763
vn 0.9980 0.0318 -0.0534
vn 0.9803 0.1071 -0.1660
vn 0.9745 0.0663 -0.2144
vn 0.7775 0.2542 -0.5752
vn 0.8323 0.1334 -0.5380
vn 0.9991 0.0304 -0.0288
vn 0.9860 0.1340 -0.0993
vn 0.9711 0.0357 -0.2359
vn 0.9960 0.0129 -0.0887
vn 0.9702 0.0284 -0.2407
vn 0.9957 0.0110 -0.0915
vn 0.8414 0.0743 -0.5353
vn 0.8426 0.0613 -0.5349
vn 0.9998 0.0027 -0.0206
vn 0.9998 0.0041 -0.0179
vn 0.9998 0.0026 -0.0212
vn 0.9999 0.0055 -0.0125
vn 0.9999 0.0050 -0.0065
vn 0.0000 -0.9662 -0.2579
vn 0.0000 -0.9695 -0.2452
vn 0.0000 -0.9816 -0.1911
vn 0.0000 -0.9784 -0.2069
vn 0.0364 0.9947 -0.0964
vn 0.0089 0.9952 -0.0967
vn 0.0091 0.9955 -0.0941
vn 0.0374 0.9949 -0.0938
vn 0.0094 0.9962 -0.0871
vn 0.0384 0.9955 -0.0868
vn 0.0000 0.9953 -0.0968
vn 0.0000 0.9955 -0.0941
vn 0.0967 0.9909 -0.0929
vn 0.0942 0.9909 -0.0955
vn 0.2493 0.9643 -0.0894
vn 0.2433 0.9656 -0.0919
vn 0.0994 0.9913 -0.0859
vn 0.0918 0.9915 -0.0918
vn 0.0354 0.9950 -0.0928
vn 0.0895 0.9927 -0.0801
vn 0.0345 0.9961 -0.0811
vn 0.2376 0.9673 -0.0884
vn 0.2321 0.9696 -0.0770
vn 0.0086 0.9956 -0.0931
vn 0.0000 0.9956 -0.0931
vn 0.0084 0.9966 -0.0814
vn 0.0000 0.9967 -0.0815
vn 0.9924 -0.0653 -0.1040
vn 0.9957 -0.0062 -0.0927
vn 0.9708 0.0110 -0.2397
vn 0.9669 -0.0483 -0.2506
vn 0.8426 0.0449 -0.5366
vn 0.8226 -0.0167 -0.5683
vn 0.9359 -0.1735 -0.3066
vn 0.9697 -0.1944 -0.1479
vn 0.6656 -0.5574 -0.4963
vn 0.8254 -0.4998 -0.2622
vn 0.7078 -0.1382 -0.6928
vn 0.9737 -0.2190 -0.0623
vn 0.9963 -0.0797 -0.0327
vn 0.9725 -0.2326 -0.0117
vn 0.9962 -0.0862 -0.0042
vn 0.8519 -0.5072 -0.1304
vn 0.8519 -0.5231 -0.0255
vn 0.9996 -0.0160 -0.0231
vn 0.9998 -0.0194 -0.0009
vn 0.9999 -0.0069 0.0101
vn 1.0000 -0.0017 0.0017
vn 1.0000 -0.0051 0.0030
vn 0.9996 -0.0204 0.0180
vn 0.9999 -0.0096 0.0034
vn 0.9990 -0.0392 0.0224
vn 0.9971 -0.0461 0.0610
vn 0.9995 -0.0126 0.0284
vn 0.9877 -0.0836 0.1322
vn 0.9984 -0.0193 0.0537
vn 0.9905 -0.1023 0.0914
vn 0.8935 -0.3066 0.3281
vn 1.0000 -0.0018 0.0071
vn 1.0000 -0.0010 0.0025
vn 0.9999 -0.0027 0.0135
vn 1.0000 -0.0002 0.0004
vn 0.2950 0.9420 0.1596
vn 0.2597 0.9446 0.2006
vn 0.1814 0.9703 0.1601
vn 0.2134 0.9701 0.1153
vn 0.1043 0.9893 0.1016
vn 0.1329 0.9889 0.0663
vn 0.2239 0.9461 0.2338
vn 0.1539 0.9683 0.1967
vn 0.0855 0.9877 0.1307
vn 0.2645 0.9619 0.0698
vn 0.3459 0.9310 0.1169
vn 0.3794 0.9246 0.0319
vn 0.4524 0.8883 0.0785
vn 0.1842 0.9824 0.0312
vn 0.3077 0.9514 0.0030
vn 0.3992 0.8995 0.1776
vn 0.3490 0.9146 0.2042
vn 0.3956 0.8793 0.2651
vn 0.3498 0.9007 0.2577
vn 0.5008 0.8527 0.1484
vn 0.4972 0.8281 0.2588
vn 0.3126 0.9221 0.2280
vn 0.2725 0.9298 0.2474
vn 0.3181 0.9149 0.2483
vn 0.2810 0.9289 0.2412
vn 0.0469 0.9985 -0.0264
vn 0.0214 0.9996 -0.0176
vn 0.0104 0.9983 -0.0575
vn 0.0360 0.9976 -0.0594
vn 0.0118 0.9998 -0.0102
vn 0.0020 0.9984 -0.0557
vn 0.0897 0.9941 -0.0606
vn 0.0994 0.9944 -0.0346
vn 0.2288 0.9716 -0.0597
vn 0.2346 0.9713 -0.0397
vn 0.1281 0.9917 -0.0032
vn 0.0764 0.9969 0.0165
vn 0.2584 0.9658 -0.0182
vn 0.0500 0.9980 0.0367
vn 0.0374 0.9979 0.0536
vn 0.9970 -0.0750 0.0169
vn 0.9998 -0.0173 0.0021
vn 0.9998 -0.0191 0.0005
vn 0.9964 -0.0845 0.0058
vn 0.9732 -0.2281 0.0266
vn 0.9765 -0.2046 0.0680
vn 0.8525 -0.5163 0.0812
vn 0.8565 -0.4783 0.1939
vn 0.9823 -0.1614 0.0950
vn 0.9980 -0.0586 0.0232
vn 0.8689 -0.4090 0.2785
vn 0.9999 -0.0139 0.0032
vn 0.9686 -0.0233 -0.2476
vn 0.9681 -0.0101 -0.2502
vn 0.9978 -0.0028 -0.0660
vn 0.9978 -0.0062 -0.0650
vn 0.9672 0.0076 -0.2539
vn 0.9977 0.0017 -0.0676
vn 0.9979 -0.0086 -0.0647
vn 0.9685 -0.0328 -0.2468
vn 0.9978 -0.0099 -0.0648
vn 0.9681 -0.0384 -0.2475
vn 0.8882 -0.0609 -0.4554
vn 0.8887 -0.0426 -0.4565
vn 0.8027 -0.0793 -0.5910
vn 0.8038 -0.0549 -0.5923
vn 0.8871 -0.0717 -0.4560
vn 0.8013 -0.0940 -0.5908
vn 0.8881 -0.0176 -0.4592
vn 0.8863 0.0152 -0.4628
vn 0.8039 -0.0219 -0.5943
vn 0.8025 0.0208 -0.5963
vn -0.3000 0.8560 0.4209
vn -0.2798 0.8854 0.3711
vn -0.2390 0.8912 0.3854
vn -0.2746 0.8469 0.4554
vn -0.1314 0.9240 0.3590
vn -0.1698 0.8781 0.4473
vn -0.2316 0.9141 0.3328
vn -0.1877 0.9241 0.3328
vn -0.0880 0.9524 0.2918
vn -0.2800 0.7991 0.5320
vn -0.2756 0.8388 0.4695
vn -0.1591 0.7794 0.6059
vn -0.0724 0.8743 0.4799
vn -0.1837 0.8198 0.5423
vn -0.0870 0.7718 0.6299
vn -0.0874 0.9611 0.2618
vn -0.1731 0.9489 0.2636
vn 0.3035 0.9396 -0.1579
vn 0.2357 0.9563 -0.1731
vn 0.1730 0.9715 0.1618
vn 0.3871 0.9081 -0.1594
vn -0.1906 0.9514 0.2417
vn -0.1647 0.9614 0.2204
vn 0.1841 0.9667 -0.1777
vn 0.1558 0.9715 -0.1788
vn 0.7023 0.2114 -0.6798
vn 0.7117 0.1408 -0.6882
vn 0.6818 0.1480 -0.7165
vn 0.6694 0.2280 -0.7070
vn 0.6315 0.1580 -0.7591
vn 0.6171 0.2483 -0.7467
vn 0.7132 0.1287 -0.6890
vn 0.6836 0.1342 -0.7174
vn 0.6336 0.1423 -0.7604
vn 0.5641 0.5684 -0.5988
vn 0.6129 0.5325 -0.5838
vn 0.5061 0.6020 -0.6176
vn 0.6625 0.5098 -0.5487
vn 0.7370 0.2014 -0.6451
vn 0.6943 0.5882 -0.4147
vn 0.7936 0.2106 -0.5708
vn 0.7426 0.1335 -0.6562
vn 0.7438 0.1223 -0.6571
vn 0.7939 0.1239 -0.5953
vn 0.7940 0.1105 -0.5977
vn 0.7191 -0.0638 -0.6919
vn 0.7175 -0.0929 -0.6903
vn 0.6868 -0.0970 -0.7203
vn 0.6885 -0.0665 -0.7222
vn 0.6365 -0.1030 -0.7643
vn 0.6382 -0.0706 -0.7666
vn 0.7161 -0.1109 -0.6891
vn 0.6855 -0.1159 -0.7188
vn 0.6352 -0.1229 -0.7625
vn 0.6897 -0.0255 -0.7236
vn 0.7201 -0.0246 -0.6934
vn 0.6895 0.0267 -0.7237
vn 0.7197 0.0254 -0.6937
vn 0.6395 -0.0271 -0.7683
vn 0.6393 0.0283 -0.7684
vn 0.7519 -0.0237 -0.6589
vn 0.7512 -0.0607 -0.6572
vn 0.7511 0.0237 -0.6597
vn 0.7498 -0.0882 -0.6558
vn 0.7483 -0.1050 -0.6550
vn 0.9654 0.0363 -0.2583
vn 0.9646 0.0440 -0.2600
vn 0.9975 0.0114 -0.0696
vn 0.9976 0.0093 -0.0691
vn 0.9640 0.0471 -0.2615
vn 0.9975 0.0124 -0.0700
vn 0.9976 0.0062 -0.0683
vn 0.9663 0.0246 -0.2562
vn 0.8842 0.0462 -0.4649
vn 0.8818 0.0673 -0.4667
vn 0.8000 0.0606 -0.5969
vn 0.7974 0.0873 -0.5970
vn 0.8800 0.0808 -0.4680
vn 0.8786 0.0859 -0.4697
vn 0.7953 0.1043 -0.5971
vn 0.9938 -0.0327 0.1061
vn 0.9997 -0.0047 0.0253
vn 0.9998 -0.0039 0.0199
vn 0.9963 -0.0288 0.0811
vn 0.9702 -0.1161 0.2128
vn 0.9541 -0.1195 0.2744
vn 0.8226 -0.3168 0.4722
vn 0.7729 -0.2964 0.5611
vn 0.9431 -0.1000 0.3170
vn 0.9918 -0.0284 0.1244
vn 0.9350 -0.0725 0.3472
vn 0.9903 -0.0207 0.1371
vn 0.7464 -0.2396 0.6208
vn 0.7270 -0.1706 0.6651
vn 0.9995 -0.0043 0.0290
vn 0.9995 -0.0031 0.0318
vn 0.9517 -0.3054 0.0323
vn 0.9514 -0.3056 0.0377
vn 0.9984 -0.0557 0.0067
vn 0.9984 -0.0561 0.0058
vn 0.9510 -0.3065 0.0403
vn 0.9984 -0.0555 0.0070
vn 0.9984 -0.0565 0.0048
vn 0.9518 -0.3056 0.0265
vn 0.9984 -0.0568 0.0038
vn 0.9518 -0.3060 0.0209
vn 0.6902 -0.7210 0.0609
vn 0.6857 -0.7241 0.0736
vn 0.3091 -0.9481 0.0743
vn 0.2973 -0.9508 0.0870
vn 0.6930 -0.7193 0.0486
vn 0.3169 -0.9464 0.0613
vn 0.6797 -0.7285 0.0852
vn 0.6737 -0.7334 0.0910
vn 0.2829 -0.9541 0.0977
vn 0.2704 -0.9573 0.1021
vn 0.6599 -0.3604 -0.6593
vn 0.6340 -0.3787 -0.6742
vn 0.6462 -0.3392 -0.6836
vn 0.6705 -0.3275 -0.6657
vn 0.6490 -0.3307 -0.6851
vn 0.6737 -0.3201 -0.6660
vn 0.5836 -0.4038 -0.7045
vn 0.5975 -0.3578 -0.7176
vn 0.6003 -0.3479 -0.7201
vn 0.6904 -0.3157 -0.6509
vn 0.6808 -0.3451 -0.6461
vn 0.7189 -0.2991 -0.6275
vn 0.7072 -0.3347 -0.6227
vn 0.6949 -0.3087 -0.6494
vn 0.7271 -0.2896 -0.6225
vn 0.6521 -0.4321 -0.6230
vn 0.6254 -0.4592 -0.6308
vn 0.5784 -0.6014 -0.5511
vn 0.5331 -0.6504 -0.5410
vn 0.6742 -0.4337 -0.5977
vn 0.6156 -0.5560 -0.5584
vn 0.5922 -0.4934 -0.6370
vn 0.5365 -0.5322 -0.6549
vn 0.4834 -0.6981 -0.5281
vn 0.4216 -0.7413 -0.5223
vn 0.0000 -0.5488 0.8360
vn 0.0000 -0.6548 0.7557
vn 0.0000 -0.4230 0.9061
vn 0.0000 -0.2965 0.9550
vn 0.7087 -0.1736 -0.6838
vn 0.6783 -0.1814 -0.7120
vn 0.6833 -0.1387 -0.7168
vn 0.7138 -0.1327 -0.6876
vn 0.6278 -0.1922 -0.7543
vn 0.6329 -0.1471 -0.7601
vn 0.7458 -0.1255 -0.6543
vn 0.7404 -0.1640 -0.6518
vn 0.7983 -0.1121 -0.5917
vn 0.7925 -0.1465 -0.5919
vn 0.7319 -0.2119 -0.6476
vn 0.7006 -0.2239 -0.6774
vn 0.7221 -0.2532 -0.6438
vn 0.6918 -0.2667 -0.6709
vn 0.7834 -0.1899 -0.5917
vn 0.7722 -0.2285 -0.5929
vn 0.6705 -0.2336 -0.7042
vn 0.6199 -0.2472 -0.7447
vn 0.6622 -0.2778 -0.6959
vn 0.6118 -0.2934 -0.7346
vn -0.0005 -0.9949 0.1004
vn -0.0009 -0.9949 0.1010
vn -0.0002 -0.9796 0.2006
vn -0.0002 -0.9797 0.2004
vn 0.0000 -0.9095 0.4158
vn -0.0012 -0.9948 0.1022
vn -0.0003 -0.9796 0.2011
vn -0.0000 -0.9797 0.2003
vn -0.0002 -0.9950 0.1002
vn 0.0000 -0.9950 0.1002
vn -0.0003 -0.9984 0.0552
vn -0.0011 -0.9984 0.0555
vn -0.0007 -0.9991 0.0415
vn -0.0022 -0.9991 0.0419
vn 0.0000 -0.9984 0.0552
vn 0.0000 -0.9991 0.0415
vn -0.0019 -0.9984 0.0562
vn -0.0024 -0.9983 0.0577
vn -0.0037 -0.9991 0.0429
vn -0.0050 -0.9990 0.0449
vn 0.0314 -0.9960 -0.0833
vn 0.0520 -0.9950 -0.0849
vn -0.0065 -0.9998 0.0153
vn -0.0035 -0.9999 0.0143
vn -0.0184 -0.9990 0.0413
vn -0.0107 -0.9991 0.0396
vn 0.0705 -0.9933 -0.0908
vn -0.0095 -0.9998 0.0169
vn -0.0258 -0.9986 0.0450
vn -0.0011 -0.9999 0.0142
vn 0.0096 -0.9966 -0.0818
vn 0.0000 -0.9998 0.0156
vn 0.0000 -0.9970 -0.0768
vn -0.0033 -0.9992 0.0389
vn 0.0000 -0.9992 0.0388
vn 0.0344 -0.9571 -0.2875
vn 0.1099 -0.9510 -0.2889
vn 0.0668 -0.8293 -0.5548
vn 0.2081 -0.8116 -0.5458
vn 0.0000 -0.9605 -0.2782
vn 0.0000 -0.8370 -0.5472
vn 0.1804 -0.9398 -0.2900
vn 0.2382 -0.9236 -0.3003
vn 0.3328 -0.7803 -0.5295
vn 0.9308 -0.3072 0.1980
vn 0.9503 -0.3051 0.0615
vn 0.9971 -0.0573 0.0489
vn 0.9796 -0.0629 0.1906
vn 0.9990 -0.0005 0.0440
vn 0.9832 -0.0070 0.1820
vn 0.8920 -0.0818 0.4446
vn 0.8403 -0.3179 0.4391
vn 0.6376 -0.1115 0.7622
vn 0.5977 -0.3287 0.7312
vn 0.9007 -0.0279 0.4335
vn 0.6506 -0.0623 0.7569
vn 0.6194 -0.6957 0.3636
vn 0.6823 -0.7083 0.1810
vn 0.3033 -0.9173 0.2579
vn 0.3211 -0.9366 0.1401
vn 0.4490 -0.6765 0.5837
vn 0.2664 -0.8847 0.3826
vn 0.6953 -0.7148 0.0744
vn 0.3221 -0.9439 0.0727
vn 0.0000 -0.3303 0.9439
vn 0.0000 -0.1455 0.9893
vn 0.0000 -0.1025 0.9947
vn 0.0000 -0.6698 0.7425
vn 0.9480 0.3142 -0.0498
vn 0.5585 0.7760 0.2930
vn 0.4434 0.7089 0.5485
vn 0.9272 0.3111 0.2083
vn 0.4238 0.6679 0.6117
vn 0.9122 0.2964 0.2829
vn 0.9980 0.0560 -0.0298
vn 0.9685 0.0824 -0.2350
vn 0.9980 0.0461 0.0432
vn 0.8813 0.1077 -0.4602
vn 0.8874 0.2583 -0.3818
vn 0.6408 0.7641 -0.0744
vn 0.7158 0.1023 -0.6908
vn 0.7179 0.0717 -0.6924
vn 0.6879 0.0749 -0.7219
vn 0.6858 0.1068 -0.7198
vn 0.6377 0.0795 -0.7661
vn 0.6358 0.1132 -0.7635
vn 0.6842 0.1268 -0.7181
vn 0.7140 0.1216 -0.6894
vn 0.6342 0.1345 -0.7613
vn 0.7448 0.1155 -0.6572
vn 0.7467 0.0970 -0.6580
vn 0.7490 0.0678 -0.6590
vn 0.9413 0.3371 0.0170
vn 0.7058 0.7069 0.0452
vn 0.6662 0.7457 0.0081
vn 0.9348 0.3553 -0.0002
vn 0.6288 0.7775 -0.0107
vn 0.9294 0.3690 -0.0079
vn 0.9976 0.0685 -0.0004
vn 0.9978 0.0664 0.0029
vn 0.9976 0.0695 -0.0016
vn 0.9980 0.0629 0.0083
vn 0.9472 0.3175 0.0452
vn 0.9982 0.0580 0.0164
vn 0.9503 0.2982 0.0891
vn 0.7345 0.6705 0.1045
vn 0.7386 0.6435 0.2007
vn 0.9220 0.3847 -0.0429
vn 0.6013 0.7953 -0.0771
vn 0.5699 0.8179 -0.0786
vn 0.8844 0.4637 -0.0537
vn 0.9789 0.1976 -0.0510
vn 0.9957 0.0907 -0.0204
vn 0.9977 0.0664 -0.0083
vn 0.9330 0.3584 -0.0328
vn 0.9979 0.0638 -0.0043
vn 0.9326 0.3598 -0.0264
vn 0.6104 0.7888 -0.0712
vn 0.6062 0.7929 -0.0612
vn 0.9279 0.3725 -0.0157
vn 0.5973 0.8012 -0.0347
vn 0.5993 0.7991 -0.0481
vn 0.9300 0.3670 -0.0209
vn 0.9978 0.0656 -0.0034
vn 0.9977 0.0673 -0.0026
vn 0.9976 0.0687 -0.0020
vn 0.9274 0.3739 -0.0112
vn 0.6057 0.7954 -0.0218
vn 0.5230 0.0998 -0.8465
vn 0.5210 0.0907 -0.8487
vn 0.1384 0.1048 -0.9848
vn 0.1391 0.1155 -0.9835
vn 0.0000 0.1057 -0.9944
vn 0.0000 0.1166 -0.9932
vn 0.5192 0.0792 -0.8510
vn 0.1376 0.0914 -0.9862
vn 0.0000 0.0923 -0.9957
vn 0.1398 0.1185 -0.9831
vn 0.5249 0.1021 -0.8450
vn 0.1402 0.1090 -0.9841
vn 0.5262 0.0935 -0.8452
vn 0.0000 0.1196 -0.9928
vn 0.0000 0.1100 -0.9939
vn 0.8600 0.0616 -0.5065
vn 0.8587 0.0607 -0.5088
vn 0.9753 0.0270 -0.2192
vn 0.9750 0.0269 -0.2206
vn 0.8609 0.0557 -0.5056
vn 0.9755 0.0239 -0.2185
vn 0.8574 0.0553 -0.5116
vn 0.8563 0.0482 -0.5142
vn 0.9747 0.0245 -0.2222
vn 0.9744 0.0213 -0.2237
vn 1.0000 -0.0005 0.0004
vn 1.0000 -0.0012 0.0014
vn 1.0000 -0.0001 0.0001
vn 1.0000 -0.0002 0.0000
vn 1.0000 -0.0004 0.0001
vn 1.0000 -0.0017 0.0006
vn 1.0000 -0.0009 0.0000
vn 1.0000 -0.0035 0.0005
vn 1.0000 -0.0035 0.0024
vn 0.9999 -0.0074 0.0026
vn 0.9999 -0.0081 -0.0012
vn 0.9998 -0.0176 -0.0024
vn 0.9999 -0.0126 0.0008
vn 1.0000 -0.0059 -0.0002
vn 1.0000 -0.0016 -0.0002
vn 1.0000 -0.0022 -0.0004
vn 1.0000 -0.0026 -0.0003
vn 0.9999 -0.0095 -0.0016
vn 1.0000 -0.0026 -0.0002
vn 0.9999 -0.0095 -0.0013
vn 0.9998 -0.0206 -0.0044
vn 0.9998 -0.0206 -0.0047
vn 0.9984 0.0127 0.0559
vn 0.9979 0.0012 0.0652
vn 0.9838 0.0031 0.1790
vn 0.9861 0.0389 0.1617
vn 0.8990 -0.0012 0.4380
vn 0.8949 0.0750 0.4398
vn 0.9892 0.0838 0.1200
vn 0.9990 0.0233 0.0382
vn 0.8595 0.2088 0.4664
vn 0.9999 0.0037 0.0088
vn 0.9999 0.0019 0.0129
vn 0.9999 0.0001 0.0148
vn 0.7794 0.0433 0.6250
vn 0.7797 -0.0154 0.6260
vn 0.8318 -0.0136 0.5549
vn 0.8313 0.0385 0.5545
vn 0.8416 -0.0133 0.5399
vn 0.8410 0.0374 0.5397
vn 0.8297 0.0742 0.5532
vn 0.7779 0.0835 0.6229
vn 0.8394 0.0722 0.5386
vn 0.5597 0.1099 0.8214
vn 0.5607 0.0570 0.8260
vn 0.0000 0.1321 0.9912
vn 0.0000 0.0684 0.9977
vn 0.5604 -0.0203 0.8280
vn 0.0000 -0.0242 0.9997
vn 0.9953 0.0063 0.0969
vn 0.9953 -0.0027 0.0969
vn 0.9999 -0.0020 0.0146
vn 0.9998 0.0003 0.0174
vn 1.0000 -0.0039 -0.0055
vn 1.0000 -0.0020 -0.0015
vn 0.9998 0.0021 0.0184
vn 0.9952 0.0125 0.0969
vn 1.0000 -0.0005 -0.0002
vn 0.9679 0.0330 0.2492
vn 0.9680 0.0173 0.2504
vn 0.9176 0.0526 0.3940
vn 0.9181 0.0275 0.3954
vn 0.9674 -0.0060 0.2531
vn 0.9173 -0.0094 0.3981
vn 0.8578 0.0356 0.5126
vn 0.8580 -0.0125 0.5134
vn 0.8796 -0.0115 0.4755
vn 0.8799 0.0329 0.4740
vn 0.8552 -0.0772 0.5125
vn 0.8764 -0.0716 0.4762
vn 0.8789 0.0633 0.4728
vn 0.8565 0.0686 0.5115
vn 0.8782 0.0751 0.4724
vn 0.8557 0.0815 0.5109
vn 0.8438 0.0714 0.5319
vn 0.8453 0.0370 0.5330
vn 0.8430 0.0848 0.5312
vn 0.8458 -0.0131 0.5334
vn 0.8432 -0.0801 0.5316
vn 0.3568 0.1369 -0.9241
vn 0.3582 0.0962 -0.9286
vn 0.1206 0.1023 -0.9874
vn 0.1201 0.1455 -0.9820
vn 0.0000 0.1032 -0.9946
vn 0.0000 0.1467 -0.9892
vn 0.3593 0.0343 -0.9326
vn 0.1210 0.0365 -0.9920
vn 0.0000 0.0368 -0.9993
vn 0.1196 0.1726 -0.9777
vn 0.3556 0.1625 -0.9204
vn 0.1195 0.1826 -0.9759
vn 0.3553 0.1719 -0.9188
vn 0.0000 0.1740 -0.9847
vn 0.0000 0.1839 -0.9829
vn 0.5355 0.1469 -0.8316
vn 0.5370 0.1237 -0.8344
vn 0.5351 0.1554 -0.8304
vn 0.5389 0.0869 -0.8378
vn 0.5404 0.0310 -0.8408
vn 0.1209 -0.3263 0.9375
vn 0.2994 -0.3274 0.8961
vn 0.3180 -0.1318 0.9389
vn 0.1290 -0.1409 0.9816
vn 0.3283 -0.0880 0.9404
vn 0.1342 -0.0986 0.9860
vn 0.0316 -0.1446 0.9890
vn 0.0291 -0.3286 0.9440
vn 0.0331 -0.1020 0.9942
vn 0.0236 -0.6677 0.7440
vn 0.0997 -0.6662 0.7390
vn 0.0164 -0.9087 0.4171
vn 0.0710 -0.9063 0.4166
vn 0.2359 -0.6671 0.7066
vn 0.1630 -0.8990 0.4064
vn 0.1530 -0.9809 -0.1201
vn 0.2589 -0.9526 -0.1596
vn 0.1138 -0.9932 0.0260
vn 0.0335 -0.9991 0.0243
vn 0.0762 -0.9936 0.0830
vn 0.0077 -0.9979 0.0645
vn 0.4485 -0.8640 -0.2286
vn 0.3260 -0.9453 0.0067
vn -0.0009 -0.9998 0.0199
vn 0.0977 -0.9900 -0.1014
vn -0.0211 -0.9984 0.0522
vn 0.2908 -0.9015 -0.3205
vn 0.3555 -0.8667 -0.3498
vn 0.4401 -0.8097 -0.3881
vn 0.5581 -0.6986 -0.4476
vn 0.0493 -0.9930 0.1074
vn 0.1301 -0.9846 0.1165
vn 0.1374 -0.9663 0.2176
vn 0.0553 -0.9769 0.2062
vn 0.0125 -0.9792 0.2023
vn 0.0107 -0.9945 0.1040
vn 0.0092 -0.9981 0.0600
vn 0.0468 -0.9969 0.0631
vn 0.0062 -0.9988 0.0484
vn 0.0431 -0.9976 0.0533
vn 0.1262 -0.9897 0.0671
vn 0.1216 -0.9908 0.0589
vn 0.3503 -0.2308 -0.9078
vn 0.1176 -0.2445 -0.9625
vn 0.1192 -0.1884 -0.9748
vn 0.3544 -0.1774 -0.9181
vn 0.1199 -0.1579 -0.9801
vn 0.3564 -0.1487 -0.9224
vn 0.0000 -0.2469 -0.9690
vn 0.0000 -0.1900 -0.9817
vn 0.0000 -0.1592 -0.9872
vn 0.5341 -0.1606 -0.8300
vn 0.5289 -0.2094 -0.8224
vn 0.5365 -0.1343 -0.8331
vn 0.5212 -0.2686 -0.8101
vn 0.3442 -0.2951 -0.8913
vn 0.5133 -0.3182 -0.7971
vn 0.3381 -0.3486 -0.8742
vn 0.1153 -0.3120 -0.9430
vn 0.0000 -0.3149 -0.9491
vn 0.1130 -0.3679 -0.9229
vn 0.0000 -0.3709 -0.9286
vn 0.1881 -0.5246 0.8303
vn 0.4409 -0.4556 0.7733
vn 0.4931 -0.5253 0.6934
vn 0.2134 -0.6229 0.7526
vn 0.5376 -0.5958 0.5966
vn 0.2355 -0.7024 0.6717
vn 0.0544 -0.6509 0.7572
vn 0.0469 -0.5460 0.8364
vn 0.0609 -0.7269 0.6840
vn 0.0430 -0.4219 0.9056
vn 0.1738 -0.4087 0.8959
vn 0.0409 -0.2957 0.9544
vn 0.1656 -0.2867 0.9436
vn 0.4143 -0.3603 0.8357
vn 0.3965 -0.2535 0.8823
vn 0.3160 -0.4770 -0.8201
vn 0.1048 -0.5006 -0.8593
vn 0.1090 -0.4446 -0.8891
vn 0.3272 -0.4226 -0.8452
vn 0.1098 -0.4324 -0.8950
vn 0.3296 -0.4107 -0.8501
vn 0.0000 -0.5052 -0.8630
vn 0.0000 -0.4477 -0.8941
vn 0.0000 -0.4350 -0.9004
vn 0.4992 -0.3873 -0.7751
vn 0.4848 -0.4386 -0.7566
vn 0.5022 -0.3762 -0.7786
vn 0.4381 -0.5755 -0.6905
vn 0.2811 -0.6166 -0.7353
vn 0.0922 -0.6408 -0.7622
vn 0.0000 -0.6484 -0.7612
vn 0.3586 -0.0855 -0.9295
vn 0.3574 -0.1245 -0.9256
vn 0.1203 -0.1324 -0.9839
vn 0.1208 -0.0908 -0.9885
vn 0.0000 -0.1335 -0.9910
vn 0.0000 -0.0917 -0.9958
vn 0.1211 -0.0349 -0.9920
vn 0.3595 -0.0328 -0.9326
vn 0.0000 -0.0352 -0.9994
vn 0.5406 -0.0296 -0.8408
vn 0.5394 -0.0772 -0.8385
vn 0.5378 -0.1125 -0.8355
vn 0.3405 0.3023 -0.8903
vn 0.3533 0.1917 -0.9156
vn 0.1187 0.2036 -0.9718
vn 0.1140 0.3197 -0.9406
vn 0.0000 0.2054 -0.9787
vn 0.0000 0.3243 -0.9459
vn 0.0880 0.6825 -0.7255
vn 0.2674 0.6639 -0.6984
vn 0.0257 0.9812 -0.1913
vn 0.0822 0.9781 -0.1908
vn 0.0000 0.6973 -0.7168
vn 0.0000 0.9853 -0.1709
vn 0.4140 0.6352 -0.6521
vn 0.5173 0.2741 -0.8107
vn 0.1266 0.9751 -0.1822
vn 0.5327 0.1732 -0.8284
vn -0.0984 0.9487 0.3005
vn -0.0306 0.9544 0.2969
vn -0.0229 0.9595 0.2806
vn -0.0748 0.9551 0.2864
vn -0.0074 0.9746 0.2237
vn -0.0262 0.9725 0.2315
vn 0.0000 0.9550 0.2965
vn 0.0000 0.9606 0.2780
vn 0.0000 0.9754 0.2203
vn -0.1303 0.9445 0.3014
vn -0.1678 0.9356 0.3106
vn -0.0509 0.9666 0.2512
vn -0.1194 0.9709 0.2073
vn -0.0691 0.9773 0.2000
vn -0.0217 0.9798 0.1985
vn 0.0000 0.9789 0.2043
vn 0.0056 1.0000 -0.0027
vn 0.0017 1.0000 -0.0018
vn 0.0003 0.9985 -0.0536
vn 0.0009 0.9985 -0.0538
vn 0.0000 1.0000 -0.0016
vn 0.0000 0.9985 -0.0536
vn 0.0015 0.9985 -0.0545
vn 0.0092 0.9999 -0.0053
vn 0.0290 0.9975 0.0646
vn 0.0176 0.9973 0.0704
vn 0.0664 0.9865 0.1498
vn 0.0402 0.9863 0.1598
vn 0.0056 0.9973 0.0726
vn 0.0000 0.9973 0.0730
vn 0.0127 0.9864 0.1636
vn 0.0000 0.9864 0.1643
vn 0.1066 0.9572 0.2691
vn 0.0338 0.9610 0.2744
vn 0.0229 0.9707 0.2389
vn 0.0726 0.9695 0.2338
vn 0.0000 0.9613 0.2753
vn 0.0000 0.9708 0.2398
vn 0.1196 0.9679 0.2208
vn 0.1748 0.9507 0.2563
vn 0.2140 0.9412 0.2615
vn 0.1312 0.9537 0.2706
vn 0.2229 0.9452 0.2385
vn 0.1374 0.9612 0.2390
vn 0.0417 0.9606 0.2747
vn 0.0000 0.9613 0.2755
vn 0.0438 0.9698 0.2398
vn 0.0000 0.9707 0.2403
vn 0.1552 -0.9421 -0.2971
vn 0.4462 -0.8296 -0.3357
vn 0.0145 -0.8903 -0.4551
vn -0.0401 -0.9499 -0.3101
vn -0.0106 -0.9666 -0.2561
vn 0.0400 -0.9635 -0.2646
vn 0.0627 -0.9761 -0.2081
vn 0.2459 -0.9461 -0.2104
vn 0.0665 -0.9967 -0.0461
vn 0.2614 -0.9642 -0.0445
vn 0.5489 -0.8128 -0.1951
vn 0.5631 -0.8254 -0.0386
vn 0.2491 -0.8802 0.4040
vn 0.5527 -0.7616 0.3383
vn 0.5587 -0.8157 0.1496
vn 0.2565 -0.9487 0.1848
vn 0.0651 -0.9789 0.1937
vn 0.0635 -0.9051 0.4203
vn 0.0630 -0.8070 0.5871
vn 0.2443 -0.7860 0.5679
vn 0.5510 -0.6796 0.4844
vn 0.8394 -0.2030 0.5042
vn 0.8293 -0.2584 0.4953
vn 0.8502 -0.2432 0.4668
vn 0.8604 -0.1898 0.4729
vn 0.8219 -0.3136 0.4755
vn 0.8420 -0.2982 0.4494
vn 0.8695 -0.1345 0.4751
vn 0.8484 -0.1446 0.5091
vn 0.8366 -0.1497 0.5269
vn 0.8276 -0.2099 0.5205
vn 0.8177 -0.2662 0.5103
vn 0.8107 -0.3208 0.4897
vn 0.0508 0.9985 0.0202
vn 0.1309 0.9911 0.0222
vn 0.1221 0.9923 0.0178
vn 0.0473 0.9987 0.0165
vn 0.1166 0.9931 0.0122
vn 0.0451 0.9989 0.0114
vn 0.0115 0.9998 0.0160
vn 0.0124 0.9997 0.0194
vn 0.0110 0.9998 0.0111
vn 0.0136 0.9997 0.0213
vn 0.0559 0.9982 0.0225
vn 0.0154 0.9996 0.0217
vn 0.0632 0.9977 0.0234
vn 0.1439 0.9893 0.0255
vn 0.1621 0.9864 0.0276
vn 0.0009 -0.8513 -0.5247
vn 0.0006 -0.8513 -0.5247
vn 0.0004 -0.9119 -0.4105
vn 0.0002 -0.9609 -0.2768
vn 0.0000 -0.8513 -0.5247
vn 0.0000 -0.9119 -0.4105
vn 0.0000 -0.9609 -0.2768
vn 0.0010 -0.8513 -0.5247
vn 0.0014 -0.7909 -0.6120
vn 0.0013 -0.7909 -0.6120
vn 0.0017 -0.7394 -0.6732
vn 0.0009 -0.7908 -0.6120
vn 0.0000 -0.7908 -0.6120
vn 0.0010 -0.7394 -0.6732
vn 0.0000 -0.7394 -0.6732
vn -0.0091 0.1495 -0.9887
vn -0.0055 0.1471 -0.9891
vn -0.0015 0.3179 -0.9481
vn -0.0025 0.3187 -0.9478
vn 0.0000 0.1463 -0.9892
vn 0.0000 0.3176 -0.9482
vn -0.0031 0.3203 -0.9473
vn -0.0107 0.1538 -0.9880
vn -0.0108 -0.0573 -0.9983
vn -0.0105 -0.0609 -0.9981
vn 0.0034 -0.1827 -0.9832
vn -0.0018 -0.1832 -0.9831
vn -0.0072 -0.0634 -0.9980
vn 0.0000 -0.0640 -0.9979
vn -0.0043 -0.1841 -0.9829
vn 0.0000 -0.1843 -0.9828
vn 0.3329 -0.4133 -0.8475
vn 0.2015 -0.4444 -0.8728
vn 0.0575 -0.2974 -0.9530
vn 0.1221 -0.2932 -0.9482
vn 0.0238 -0.2622 -0.9647
vn 0.0687 -0.2619 -0.9626
vn 0.0000 -0.4667 -0.8844
vn 0.0000 -0.3001 -0.9539
vn 0.0000 -0.2624 -0.9649
vn 0.1724 -0.2909 -0.9411
vn 0.4039 -0.3975 -0.8239
vn 0.1111 -0.2622 -0.9586
vn 0.7613 -0.5137 -0.3956
vn 0.6857 -0.5838 -0.4348
vn 0.4733 -0.7481 -0.4650
vn 0.0000 -0.8891 -0.4577
vn 0.0014 -0.5962 -0.8028
vn 0.0009 -0.5962 -0.8028
vn 0.0010 -0.6833 -0.7301
vn 0.0016 -0.6833 -0.7301
vn 0.0000 -0.5962 -0.8028
vn 0.0000 -0.6833 -0.7301
vn 0.0017 -0.6833 -0.7301
vn 0.0015 -0.5962 -0.8028
vn 0.0011 -0.4537 -0.8911
vn 0.0010 -0.4537 -0.8911
vn 0.0007 -0.2178 -0.9760
vn 0.0006 -0.2179 -0.9760
vn 0.0006 -0.4537 -0.8911
vn 0.0000 -0.4537 -0.8911
vn 0.0003 -0.2179 -0.9760
vn 0.0000 -0.2179 -0.9760
vn 0.0000 -0.9877 -0.1561
vn 0.0866 0.9952 -0.0445
vn 0.2154 0.9758 -0.0374
vn 0.1866 0.9824 0.0101
vn 0.0735 0.9973 0.0044
vn 0.0184 0.9998 0.0019
vn 0.0231 0.9986 -0.0478
vn 0.0264 0.9938 -0.1080
vn 0.0984 0.9896 -0.1050
vn 0.0213 0.9863 -0.1634
vn 0.1010 0.9816 -0.1618
vn 0.2423 0.9653 -0.0973
vn 0.2579 0.9537 -0.1545
vn 0.0431 0.9990 -0.0085
vn 0.1113 0.9937 -0.0082
vn 0.1100 0.9936 -0.0233
vn 0.0426 0.9988 -0.0236
vn 0.1088 0.9932 -0.0403
vn 0.0421 0.9983 -0.0407
vn 0.0104 0.9997 -0.0237
vn 0.0105 0.9999 -0.0086
vn 0.0103 0.9991 -0.0409
vn 0.0107 0.9999 0.0032
vn 0.0438 0.9990 0.0034
vn 0.1132 0.9935 0.0039
vn 0.8508 0.1315 0.5088
vn 0.8549 0.0896 0.5110
vn 0.8774 0.0829 0.4724
vn 0.8744 0.1241 0.4690
vn 0.8529 0.2688 0.4476
vn 0.8255 0.2821 0.4888
vn 0.7685 0.5248 0.3659
vn 0.7219 0.5625 0.4029
vn 0.8082 0.2936 0.5105
vn 0.8373 0.1378 0.5291
vn 0.6940 0.5791 0.4277
vn 0.8421 0.0935 0.5311
vn 0.1347 0.9884 -0.0705
vn 0.3023 0.9499 -0.0799
vn 0.1953 0.9619 -0.1915
vn 0.0193 0.9832 -0.1813
vn 0.1950 0.9554 -0.2217
vn 0.0147 0.9761 -0.2169
vn -0.0602 0.9843 -0.1658
vn 0.0621 0.9968 -0.0507
vn -0.0725 0.9756 -0.2070
vn 0.3936 0.8965 0.2032
vn 0.4459 0.8772 0.1778
vn 0.5532 0.8184 0.1556
vn 0.8736 -0.3540 0.3338
vn 0.8846 -0.3412 0.3179
vn 0.8820 -0.3433 0.3227
vn 0.8705 -0.3552 0.3406
vn 0.8782 -0.3545 0.3209
vn 0.8655 -0.3657 0.3423
vn 0.8630 -0.3614 0.3529
vn 0.8672 -0.3622 0.3418
vn 0.8570 -0.3705 0.3581
vn 0.8784 -0.3806 0.2892
vn 0.8836 -0.3681 0.2894
vn 0.8936 -0.3522 0.2781
vn 0.0405 0.9968 -0.0681
vn 0.0414 0.9975 -0.0563
vn 0.1070 0.9927 -0.0557
vn 0.1047 0.9922 -0.0674
vn 0.1021 0.9918 -0.0771
vn 0.0395 0.9962 -0.0779
vn 0.0096 0.9969 -0.0782
vn 0.0099 0.9976 -0.0683
vn 0.0101 0.9984 -0.0565
vn 0.8361 -0.3764 0.3991
vn 0.8524 -0.3643 0.3749
vn 0.8419 -0.3428 0.4166
vn 0.8234 -0.3569 0.4413
vn 0.8846 -0.3291 0.3304
vn 0.8787 -0.3058 0.3665
vn 0.8129 -0.3624 0.4559
vn 0.8263 -0.3806 0.4151
vn 0.8076 -0.3638 0.4640
vn 0.8205 -0.3817 0.4256
vn 0.8440 -0.3808 0.3776
vn 0.8532 -0.3768 0.3606
vn 0.8376 -0.3825 0.3900
vn 0.8675 -0.3658 0.3369
vn 0.8948 -0.3332 0.2971
vn 0.0001 0.2211 -0.9752
vn 0.0000 0.2211 -0.9752
vn 0.0001 0.0407 -0.9991
vn 0.0002 0.0407 -0.9991
vn 0.0000 0.0407 -0.9991
vn 0.0003 0.0407 -0.9991
vn 0.0000 0.3301 -0.9439
vn 0.4114 0.2275 -0.8826
vn 0.1147 0.2233 -0.9680
vn 0.1327 0.0432 -0.9902
vn 0.4569 0.0548 -0.8878
vn 0.7829 0.0633 -0.6189
vn 0.7400 0.2106 -0.6387
vn 0.9486 0.0734 -0.3077
vn 0.9288 0.1651 -0.3317
vn 0.6850 0.3084 -0.6601
vn 0.3584 0.3360 -0.8710
vn 0.9065 0.2314 -0.3530
vn 0.0956 0.3332 -0.9380
vn 0.9921 -0.0880 0.0895
vn 0.9997 0.0201 -0.0138
vn 0.9994 0.0239 -0.0261
vn 0.9936 -0.0720 0.0869
vn 0.9972 0.0589 -0.0461
vn 0.9965 0.0556 -0.0629
vn 0.9451 -0.2103 0.2502
vn 0.9443 -0.2335 0.2318
vn 0.9456 -0.2445 0.2148
vn 0.9902 -0.1034 0.0936
vn 0.9999 0.0084 0.0013
vn 0.9984 0.0508 -0.0261
vn 0.7421 -0.4416 0.5041
vn 0.8050 -0.3927 0.4445
vn 0.7933 -0.3736 0.4807
vn 0.7306 -0.4176 0.5401
vn 0.5025 -0.5276 0.6849
vn 0.5119 -0.5648 0.6473
vn 0.0000 -0.6087 0.7934
vn 0.0000 -0.6567 0.7542
vn 0.5292 -0.5835 0.6160
vn 0.7600 -0.4480 0.4707
vn 0.0000 -0.6873 0.7264
vn 0.8217 -0.3952 0.4107
vn 0.9922 0.0960 -0.0786
vn 0.9820 0.1219 -0.1442
vn 0.9868 0.0741 -0.1440
vn 0.9930 0.0717 -0.0931
vn 0.9911 0.0117 -0.1323
vn 0.9946 0.0338 -0.0977
vn 0.9952 0.0642 -0.0729
vn 0.9957 0.0746 -0.0541
vn 0.9958 0.0407 -0.0814
vn 0.9969 0.0715 -0.0318
vn 0.9926 0.1056 -0.0605
vn 0.9982 0.0572 -0.0150
vn 0.9937 0.0995 -0.0504
vn 0.9783 0.1529 -0.1399
vn 0.9754 0.1628 -0.1482
vn 0.0699 0.9734 -0.2179
vn 0.2453 0.9455 -0.2139
vn 0.2582 0.9464 -0.1940
vn 0.0909 0.9755 -0.2000
vn 0.5727 0.7995 -0.1809
vn 0.5719 0.8039 -0.1627
vn 0.0052 0.9798 -0.1997
vn -0.0198 0.9763 -0.2153
vn -0.0284 0.9798 -0.1978
vn -0.0568 0.9756 -0.2119
vn -0.0498 0.9745 -0.2189
vn 0.0410 0.9736 -0.2243
vn -0.0881 0.9729 -0.2135
vn 0.2216 0.9491 -0.2236
vn 0.5639 0.8033 -0.1916
vn 0.0318 -0.2442 -0.9692
vn 0.0081 -0.2440 -0.9697
vn 0.0010 -0.2261 -0.9741
vn 0.0130 -0.2260 -0.9740
vn 0.0000 -0.2440 -0.9698
vn 0.0000 -0.2261 -0.9741
vn 0.0272 -0.2271 -0.9735
vn 0.0567 -0.2457 -0.9677
vn 0.0400 -0.2303 -0.9723
vn 0.0783 -0.2496 -0.9652
vn 0.0867 -0.2558 -0.9628
vn 0.0515 -0.2545 -0.9657
vn 0.1162 -0.2593 -0.9588
vn 0.0161 -0.2544 -0.9669
vn 0.0000 -0.2545 -0.9671
vn 1.0000 -0.0059 -0.0011
vn 0.9999 -0.0125 -0.0049
vn 0.9998 -0.0173 -0.0045
vn 0.9999 -0.0080 -0.0010
vn 0.9997 -0.0216 -0.0138
vn 0.9994 -0.0312 -0.0132
vn 1.0000 -0.0021 -0.0000
vn 1.0000 -0.0016 -0.0001
vn 1.0000 -0.0010 -0.0001
vn 1.0000 -0.0038 -0.0014
vn 0.9999 -0.0077 -0.0054
vn 0.9998 -0.0122 -0.0147
vn 0.9981 -0.0237 -0.0563
vn 0.9964 -0.0038 -0.0843
vn 0.9940 -0.0386 -0.1021
vn 0.9970 -0.0506 -0.0589
vn 0.9985 -0.0447 -0.0301
vn 0.9991 -0.0276 -0.0306
vn 0.9994 -0.0127 -0.0309
vn 0.9986 -0.0043 -0.0526
vn 0.9972 0.0139 -0.0733
vn 0.9777 -0.0040 -0.2100
vn 0.9317 0.0533 -0.3592
vn 0.9702 0.1408 -0.1973
vn 0.9945 0.0711 -0.0768
vn 0.9991 0.0273 -0.0301
vn 0.9895 -0.0374 -0.1395
vn 0.8993 -0.1509 -0.4104
vn 0.8538 -0.1379 -0.5019
vn 0.6637 -0.2469 -0.7060
vn 0.5872 -0.2412 -0.7726
vn 0.7711 -0.1041 -0.6281
vn 0.4945 -0.2166 -0.8417
vn 0.2007 -0.2654 -0.9430
vn 0.1179 -0.2566 -0.9593
vn 0.0710 -0.2361 -0.9691
vn 0.1458 -0.2425 -0.9591
vn 0.2757 -0.2438 -0.9298
vn 0.3451 -0.2691 -0.8991
vn 0.4156 -0.2767 -0.8664
vn 0.2573 -0.2737 -0.9268
vn 0.1640 -0.2657 -0.9500
vn -0.0751 0.9754 -0.2070
vn -0.0698 0.9754 -0.2091
vn -0.0378 0.9798 -0.1961
vn -0.0428 0.9799 -0.1947
vn -0.0330 0.9804 -0.1940
vn -0.0559 0.9769 -0.2061
vn 0.0000 0.9810 -0.1939
vn 0.0000 0.9785 -0.2060
vn -0.0771 0.9756 -0.2055
vn -0.1063 0.9726 -0.2067
vn 0.0000 0.9786 -0.2055
vn -0.1027 0.9724 -0.2094
vn 0.9923 0.1205 -0.0264
vn 0.9998 0.0189 -0.0040
vn 0.9998 0.0197 -0.0034
vn 0.9918 0.1253 -0.0236
vn 0.8908 0.4458 -0.0877
vn 0.8944 0.4364 -0.0976
vn 0.8950 0.4337 -0.1034
vn 0.9926 0.1177 -0.0278
vn 0.9998 0.0183 -0.0042
vn 0.3314 -0.3980 -0.8554
vn 0.1105 -0.4192 -0.9011
vn 0.1114 -0.4016 -0.9090
vn 0.3339 -0.3810 -0.8622
vn 0.0000 -0.4220 -0.9066
vn 0.0000 -0.4044 -0.9145
vn 0.5078 -0.3483 -0.7879
vn 0.5046 -0.3643 -0.7827
vn 0.6061 -0.3217 -0.7274
vn 0.6028 -0.3367 -0.7233
vn 0.5028 -0.3731 -0.7797
vn 0.3301 -0.4074 -0.8515
vn 0.6009 -0.3450 -0.7210
vn 0.1100 -0.4289 -0.8966
vn 0.0000 -0.4317 -0.9020
vn 0.1474 -0.1401 0.9791
vn 0.3570 -0.1245 0.9257
vn 0.3764 -0.1716 0.9104
vn 0.1564 -0.1936 0.9685
vn 0.6838 -0.0864 0.7245
vn 0.7049 -0.1175 0.6995
vn 0.0387 -0.1999 0.9790
vn 0.0364 -0.1447 0.9888
vn 0.0000 -0.2007 0.9796
vn 0.0000 -0.1454 0.9893
vn 0.0345 -0.1131 0.9930
vn 0.1400 -0.1094 0.9841
vn 0.0000 -0.1137 0.9935
vn 0.3410 -0.0974 0.9350
vn 0.6656 -0.0682 0.7431
vn 0.9868 -0.0101 0.1617
vn 0.9993 -0.0011 0.0381
vn 0.9994 -0.0019 0.0350
vn 0.9886 -0.0141 0.1498
vn 0.9259 -0.0508 0.3744
vn 0.9167 -0.0378 0.3978
vn 0.9082 -0.0301 0.4175
vn 0.9850 -0.0077 0.1726
vn 0.9991 -0.0007 0.0412
vn 0.6798 -0.3082 -0.6655
vn 0.6525 -0.3196 -0.6871
vn 0.6562 -0.3050 -0.6902
vn 0.6848 -0.2935 -0.6670
vn 0.7133 -0.2797 -0.6426
vn 0.7059 -0.2950 -0.6439
vn 0.7603 -0.2547 -0.5975
vn 0.7484 -0.2714 -0.6051
vn 0.6996 -0.3044 -0.6464
vn 0.6760 -0.3168 -0.6653
vn 0.7369 -0.2830 -0.6139
vn 0.6501 -0.3278 -0.6855
vn 0.9382 -0.1324 -0.3197
vn 0.8303 -0.2216 -0.5112
vn 0.8466 -0.2029 -0.4920
vn 0.9485 -0.1162 -0.2945
vn 0.8602 -0.1784 -0.4776
vn 0.9560 -0.0989 -0.2763
vn 0.9958 -0.0320 -0.0852
vn 0.9945 -0.0383 -0.0971
vn 0.9966 -0.0264 -0.0772
vn 0.9926 -0.0455 -0.1126
vn 0.9248 -0.1486 -0.3501
vn 0.9901 -0.0529 -0.1301
vn 0.9097 -0.1632 -0.3819
vn 0.8123 -0.2372 -0.5328
vn 0.7949 -0.2485 -0.5535
vn 0.0809 0.9799 0.1819
vn 0.0261 0.9841 0.1757
vn 0.0382 0.9796 0.1972
vn 0.1194 0.9724 0.2004
vn 0.0000 0.9846 0.1746
vn 0.0000 0.9804 0.1969
vn 0.1926 0.9585 0.2101
vn 0.1281 0.9715 0.1992
vn 0.2387 0.9430 0.2320
vn 0.1506 0.9601 0.2355
vn 0.0433 0.9770 0.2087
vn 0.0306 0.9818 0.1874
vn 0.0354 0.9669 0.2525
vn 0.0104 0.9837 0.1794
vn 0.0000 0.9841 0.1775
vn 0.0268 -0.9977 0.0613
vn 0.1013 -0.9920 0.0751
vn 0.1132 -0.9913 0.0675
vn 0.0361 -0.9977 0.0578
vn 0.0005 -0.9987 0.0501
vn -0.0067 -0.9987 0.0513
vn -0.0094 -0.9989 0.0450
vn -0.0149 -0.9989 0.0450
vn -0.0143 -0.9985 0.0520
vn 0.0166 -0.9978 0.0637
vn -0.0206 -0.9987 0.0450
vn 0.0878 -0.9928 0.0809
vn 0.9375 0.2854 0.1989
vn 0.6251 0.6412 0.4451
vn 0.7016 0.6350 0.3233
vn 0.9464 0.2886 0.1448
vn 0.2668 0.8142 0.5157
vn 0.4183 0.8187 0.3934
vn 0.9982 0.0544 0.0261
vn 0.9981 0.0510 0.0343
vn 0.9980 0.0480 0.0404
vn 0.9247 0.2882 0.2486
vn 0.5191 0.6526 0.5519
vn 0.0753 0.7955 0.6012
vn -0.0063 -0.9991 0.0401
vn -0.0107 -0.9991 0.0417
vn -0.0068 -0.9991 0.0422
vn -0.0040 -0.9991 0.0408
vn -0.0012 -0.9992 0.0403
vn -0.0019 -0.9992 0.0396
vn 0.0000 -0.9992 0.0403
vn 0.0000 -0.9992 0.0395
vn -0.0027 -0.9992 0.0391
vn -0.0086 -0.9991 0.0397
vn 0.0000 -0.9992 0.0390
vn -0.0147 -0.9990 0.0414
vn 0.8633 -0.3341 -0.3782
vn 0.7609 -0.3317 -0.5576
vn 0.7801 -0.2667 -0.5659
vn 0.8947 -0.1984 -0.4002
vn 0.9854 -0.1035 -0.1347
vn 0.9426 -0.3194 -0.0975
vn 0.6986 -0.7146 -0.0364
vn 0.7054 -0.6404 -0.3037
vn 0.6918 -0.5073 -0.5139
vn 0.9646 -0.0599 -0.2567
vn 0.8791 -0.1118 -0.4632
vn 0.8842 -0.0853 -0.4591
vn 0.9669 -0.0455 -0.2512
vn 0.9977 -0.0117 -0.0664
vn 0.9975 -0.0154 -0.0687
vn 0.9972 -0.0207 -0.0721
vn 0.9611 -0.0793 -0.2644
vn 0.8711 -0.1461 -0.4688
vn 0.1498 0.9148 0.3750
vn 0.1532 0.9429 0.2957
vn 0.2631 0.9264 0.2692
vn 0.2813 0.9054 0.3180
vn 0.3151 0.8751 0.3673
vn 0.1640 0.8736 0.4581
vn -0.0218 0.8539 0.5199
vn -0.0154 0.9075 0.4196
vn 0.0114 0.9457 0.3248
vn 1.0000 -0.0001 -0.0001
vn 0.9970 -0.0106 0.0768
vn 0.9969 -0.0097 0.0771
vn 1.0000 -0.0000 -0.0002
vn 0.9969 -0.0081 0.0776
vn 0.9750 -0.0312 0.2200
vn 0.9749 -0.0285 0.2210
vn 0.9747 -0.0239 0.2223
vn 0.9969 0.0089 -0.0776
vn 0.9970 0.0096 -0.0770
vn 0.9969 0.0076 -0.0782
vn 0.9970 0.0096 -0.0764
vn 0.9970 0.0082 -0.0761
vn 1.0000 -0.0000 0.0003
vn 0.9970 -0.0103 0.0767
vn 0.9751 -0.0299 0.2198
vn 0.9970 -0.0081 0.0770
vn 0.9751 -0.0232 0.2205
vn 0.9988 0.0485 -0.0013
vn 0.9956 0.0496 0.0786
vn 0.9970 0.0055 0.0774
vn 0.9999 0.0103 0.0000
vn 0.9725 0.0659 0.2232
vn 0.9749 0.0005 0.2225
vn 0.9968 0.0181 -0.0773
vn 0.9948 0.0606 -0.0815
vn 0.9744 0.0366 -0.2217
vn 0.9694 0.0963 -0.2257
vn 0.9840 0.1531 -0.0910
vn 0.9904 0.1382 -0.0054
vn 0.9529 0.2082 -0.2203
vn 0.9865 0.1427 0.0799
vn 0.9607 0.1824 0.2092
vn 0.5227 -0.1224 0.8437
vn 0.5235 -0.1162 0.8441
vn 0.1394 -0.1353 0.9809
vn 0.1389 -0.1426 0.9800
vn 0.0000 -0.1368 0.9906
vn 0.0000 -0.1440 0.9896
vn 0.5239 -0.0876 0.8472
vn 0.1399 -0.1018 0.9849
vn 0.0000 -0.1030 0.9947
vn 0.1383 -0.1305 0.9817
vn 0.5217 -0.1120 0.8457
vn 0.1378 -0.1084 0.9845
vn 0.5204 -0.0932 0.8488
vn 0.0000 -0.1318 0.9913
vn 0.0000 -0.1094 0.9940
vn 0.8581 -0.0668 0.5092
vn 0.8586 -0.0730 0.5073
vn 0.8573 -0.0558 0.5118
vn 0.8590 -0.0696 0.5072
vn 0.8592 -0.0531 0.5089
vn 0.5441 0.2320 -0.8062
vn 0.5252 0.1199 -0.8425
vn 0.1512 0.1318 -0.9796
vn 0.2164 0.2358 -0.9474
vn 0.0156 0.1216 -0.9924
vn 0.0956 0.1920 -0.9767
vn 0.3924 0.4188 -0.8189
vn 0.5964 0.4211 -0.6834
vn 0.3327 0.3193 -0.8873
vn 0.8367 0.3211 -0.4436
vn 0.8494 0.1671 -0.5006
vn 0.8569 0.0762 -0.5098
vn 0.5488 0.1379 0.8245
vn 0.6113 0.3707 0.6991
vn 0.3898 0.3722 0.8423
vn 0.2105 0.1326 0.9685
vn 0.3225 0.2781 0.9048
vn 0.0868 0.0932 0.9919
vn 0.1497 -0.0213 0.9885
vn 0.5257 -0.0137 0.8505
vn 0.0133 -0.0311 0.9994
vn 0.8582 -0.0062 0.5133
vn 0.8571 0.1032 0.5047
vn 0.8539 0.2778 0.4401
vn -0.3237 -0.0896 0.9419
vn -0.0832 -0.0816 0.9932
vn -0.0528 -0.0939 0.9942
vn -0.2126 -0.1127 0.9706
vn -0.0119 -0.1146 0.9933
vn -0.0570 -0.1420 0.9882
vn 0.0000 -0.0794 0.9968
vn 0.0000 -0.0900 0.9959
vn -0.5093 -0.1562 0.8462
vn -0.6741 -0.0923 0.7329
vn -0.8791 -0.1449 0.4540
vn -0.9226 -0.0699 0.3793
vn -0.1942 -0.2349 0.9524
vn -0.7181 -0.0654 0.6929
vn -0.3753 -0.0744 0.9239
vn -0.7262 -0.0618 0.6847
vn -0.3857 -0.0713 0.9199
vn -0.9301 -0.0461 0.3644
vn -0.9311 -0.0459 0.3618
vn -0.0977 -0.0745 0.9924
vn 0.0000 -0.0737 0.9973
vn -0.1007 -0.0721 0.9923
vn 0.0000 -0.0714 0.9974
vn -0.9994 -0.0346 -0.0027
vn -0.9904 -0.0375 0.1334
vn -0.9904 -0.0420 0.1318
vn -0.9992 -0.0382 -0.0031
vn -0.9906 -0.0345 0.1321
vn -0.9996 -0.0289 -0.0025
vn -0.9296 -0.0480 0.3653
vn -0.9306 -0.0517 0.3622
vn -0.9897 -0.0370 -0.1382
vn -0.9896 -0.0359 -0.1391
vn -0.9285 -0.0383 -0.3693
vn -0.9272 -0.0438 -0.3719
vn -0.9902 -0.0249 -0.1373
vn -0.9296 -0.0199 -0.3680
vn -0.9899 -0.0178 -0.1407
vn -0.9999 -0.0139 -0.0011
vn -0.9892 0.0279 -0.1441
vn -0.9994 0.0349 0.0021
vn -0.9251 -0.0336 -0.3781
vn -0.9204 0.0002 -0.3909
vn -0.9903 -0.0171 0.1379
vn -0.9270 -0.0319 0.3737
vn -0.9886 0.0295 0.1475
vn -0.9203 0.0041 0.3912
vn 0.5169 0.0494 -0.8546
vn 0.1368 0.0573 -0.9889
vn 0.1371 0.0763 -0.9876
vn 0.5178 0.0659 -0.8529
vn 0.0000 0.0578 -0.9983
vn 0.0000 0.0769 -0.9970
vn 0.8554 0.0399 -0.5164
vn 0.8548 0.0294 -0.5181
vn 0.9742 0.0172 -0.2249
vn 0.9741 0.0117 -0.2258
vn 0.8543 0.0156 -0.5195
vn 0.5162 0.0281 -0.8560
vn 0.8535 -0.0029 -0.5210
vn 0.5152 -0.0005 -0.8571
vn 0.9739 0.0044 -0.2267
vn 0.9737 -0.0056 -0.2277
vn 0.1365 0.0329 -0.9901
vn 0.0000 0.0330 -0.9995
vn 0.1362 0.0001 -0.9907
vn 0.0000 -0.0002 -1.0000
vn 0.9969 0.0026 -0.0790
vn 0.9969 0.0057 -0.0786
vn 1.0000 -0.0007 -0.0002
vn 0.9969 -0.0074 0.0781
vn 0.9969 -0.0081 0.0782
vn 0.9744 -0.0203 0.2237
vn 0.9743 -0.0192 0.2244
vn 0.9969 -0.0102 0.0782
vn 1.0000 -0.0056 -0.0006
vn 0.9969 -0.0135 0.0779
vn 0.9999 -0.0101 -0.0009
vn 0.9742 -0.0197 0.2246
vn 0.9742 -0.0216 0.2245
vn 0.9968 -0.0017 -0.0795
vn 0.9967 -0.0079 -0.0800
vn -0.9995 -0.0330 -0.0028
vn -0.9906 -0.0448 0.1292
vn -0.9880 -0.0899 0.1257
vn -0.9974 -0.0720 -0.0058
vn -0.9876 -0.0685 -0.1411
vn -0.9903 -0.0269 -0.1362
vn -0.8781 -0.0637 -0.4742
vn -0.9215 -0.0165 -0.3881
vn -0.9906 -0.0161 -0.1360
vn -0.9997 -0.0221 -0.0019
vn -0.9291 -0.0067 -0.3698
vn -0.9908 -0.0304 0.1317
vn -0.3145 -0.2048 0.9269
vn -0.0769 -0.2625 0.9619
vn -0.0850 -0.1659 0.9825
vn -0.3380 -0.1227 0.9331
vn -0.0916 -0.1167 0.9889
vn -0.3591 -0.0916 0.9288
vn 0.0000 -0.2780 0.9606
vn 0.0000 -0.1777 0.9841
vn 0.0000 -0.1233 0.9923
vn -0.6749 -0.0434 0.7366
vn -0.6498 -0.0937 0.7543
vn -0.9084 0.0388 0.4162
vn -0.8954 0.0280 0.4443
vn -0.6986 -0.0445 0.7141
vn -0.6389 -0.2195 0.7373
vn -0.3058 -0.3685 0.8779
vn -0.6684 -0.4114 0.6196
vn -0.3307 -0.6099 0.7201
vn -0.8860 -0.0537 0.4604
vn -0.8776 -0.1721 0.4474
vn -0.0718 -0.4347 0.8977
vn 0.0000 -0.4501 0.8929
vn -0.0764 -0.6811 0.7282
vn 0.0000 -0.6923 0.7216
vn -0.3816 -0.0768 0.9211
vn -0.0992 -0.0799 0.9919
vn -0.1003 -0.0738 0.9922
vn -0.3846 -0.0736 0.9201
vn 0.0000 -0.0799 0.9968
vn 0.0000 -0.0729 0.9973
vn -0.7252 -0.0657 0.6854
vn -0.7222 -0.0649 0.6887
vn -0.7146 -0.0585 0.6971
vn -0.3741 -0.0819 0.9237
vn -0.0966 -0.0924 0.9910
vn 0.0000 -0.0948 0.9955
vn 0.9995 -0.0317 -0.0024
vn 0.9961 -0.0326 -0.0823
vn 0.9966 -0.0174 -0.0807
vn 0.9998 -0.0179 -0.0015
vn 0.9721 -0.0381 -0.2312
vn 0.9733 -0.0193 -0.2286
vn 0.9968 -0.0203 0.0776
vn 0.9964 -0.0335 0.0773
vn 0.9741 -0.0275 0.2245
vn 0.9734 -0.0407 0.2252
vn 0.9954 -0.0565 0.0774
vn 0.9985 -0.0546 -0.0039
vn 0.9922 -0.0970 0.0786
vn 0.9955 -0.0941 -0.0061
vn 0.9715 -0.0650 0.2281
vn 0.9659 -0.1091 0.2347
vn 0.9947 -0.0567 -0.0855
vn 0.9693 -0.0656 -0.2370
vn 0.9911 -0.0970 -0.0911
vn 0.9626 -0.1095 -0.2479
vn 0.5107 -0.0652 -0.8573
vn 0.1348 -0.0682 -0.9885
vn 0.1359 -0.0356 -0.9901
vn 0.5141 -0.0329 -0.8571
vn 0.0000 -0.0674 -0.9977
vn 0.0000 -0.0360 -0.9993
vn 0.8526 -0.0254 -0.5220
vn 0.8496 -0.0514 -0.5249
vn 0.8426 -0.0847 -0.5318
vn 0.5023 -0.1009 -0.8587
vn 0.8278 -0.1326 -0.5451
vn 0.4858 -0.1454 -0.8619
vn 0.1320 -0.1001 -0.9862
vn 0.0000 -0.0969 -0.9953
vn 0.1267 -0.1350 -0.9827
vn 0.0000 -0.1275 -0.9918
vn 0.3991 -0.9167 -0.0178
vn 0.3934 -0.8563 0.3346
vn 0.1002 -0.9148 0.3913
vn 0.1031 -0.9945 -0.0181
vn 0.0000 -0.9144 0.4049
vn 0.0000 -0.9998 -0.0181
vn 0.3840 -0.6897 0.6138
vn 0.0943 -0.7035 0.7043
vn 0.1006 -0.8991 -0.4259
vn 0.3948 -0.8414 -0.3689
vn 0.0941 -0.6753 -0.7315
vn 0.3837 -0.6632 -0.6426
vn 0.0000 -0.8982 -0.4395
vn 0.0000 -0.6637 -0.7480
vn 0.7081 -0.6587 -0.2542
vn 0.7133 -0.7006 -0.0165
vn 0.8701 -0.4653 -0.1627
vn 0.8790 -0.4766 -0.0148
vn 0.6969 -0.5594 -0.4487
vn 0.8512 -0.4473 -0.2745
vn 0.7067 -0.6715 0.2227
vn 0.6975 -0.5807 0.4198
vn 0.8701 -0.4741 0.1343
vn 0.8520 -0.4617 0.2470
vn 0.9749 -0.2221 -0.0108
vn 0.9679 -0.2270 -0.1081
vn 0.9832 -0.1535 -0.0989
vn 0.9886 -0.1498 -0.0086
vn 0.9257 -0.2516 -0.2823
vn 0.9491 -0.1706 -0.2647
vn 0.9846 -0.1547 0.0813
vn 0.9694 -0.2297 0.0862
vn 0.9536 -0.1730 0.2465
vn 0.9304 -0.2579 0.2603
vn 0.9371 -0.3349 0.0979
vn 0.9452 -0.3262 -0.0131
vn 0.8919 -0.3688 0.2617
vn 0.9359 -0.3299 -0.1237
vn 0.8889 -0.3573 -0.2867
vn 0.4144 -0.3051 -0.8574
vn 0.1025 -0.2791 -0.9548
vn 0.1161 -0.1870 -0.9755
vn 0.4549 -0.2079 -0.8659
vn 0.0000 -0.2648 -0.9643
vn 0.0000 -0.1750 -0.9846
vn 0.7999 -0.1995 -0.5660
vn 0.7594 -0.2925 -0.5811
vn 0.7171 -0.4197 -0.5564
vn 0.3855 -0.4608 -0.7994
vn 0.0931 -0.4395 -0.8934
vn 0.0000 -0.4240 -0.9056
vn -0.9931 0.1170 0.0056
vn -0.9788 0.0990 0.1794
vn -0.9835 0.0824 0.1611
vn -0.9957 0.0921 0.0051
vn -0.9850 0.0806 -0.1523
vn -0.9806 0.0972 -0.1702
vn -0.9103 0.0354 -0.4124
vn -0.8971 0.0260 -0.4411
vn -0.9786 0.0395 -0.2020
vn -0.9980 0.0630 0.0024
vn -0.9435 -0.1860 -0.2742
vn -0.9791 -0.2033 -0.0060
vn -0.8857 -0.0511 -0.4614
vn -0.8750 -0.1645 -0.4552
vn -0.9778 0.0398 0.2054
vn -0.9451 -0.1918 0.2643
vn -0.3108 -0.1966 -0.9299
vn -0.6477 -0.0916 -0.7564
vn -0.6737 -0.0464 -0.7375
vn -0.3349 -0.1229 -0.9342
vn -0.6962 -0.0502 -0.7160
vn -0.3558 -0.0969 -0.9295
vn -0.0838 -0.1638 -0.9829
vn -0.0756 -0.2503 -0.9652
vn -0.0904 -0.1211 -0.9885
vn -0.0705 -0.4096 -0.9095
vn -0.3017 -0.3482 -0.8875
vn -0.0757 -0.6532 -0.7534
vn -0.3280 -0.5849 -0.7418
vn -0.6347 -0.2085 -0.7440
vn -0.6641 -0.3941 -0.6353
vn -0.3822 -0.9239 -0.0177
vn -0.3656 -0.8351 0.4109
vn -0.7360 -0.5765 0.3547
vn -0.7707 -0.6370 -0.0142
vn -0.7340 -0.5633 -0.3793
vn -0.3651 -0.8190 -0.4426
vn -0.0859 -0.8919 -0.4439
vn -0.0909 -0.9957 -0.0181
vn -0.0858 -0.9081 0.4098
vn -0.3781 -0.0652 -0.9234
vn -0.7178 -0.0566 -0.6940
vn -0.7214 -0.0402 -0.6913
vn -0.3819 -0.0393 -0.9233
vn -0.7235 -0.0127 -0.6902
vn -0.3839 -0.0054 -0.9234
vn -0.0996 -0.0369 -0.9943
vn -0.0982 -0.0673 -0.9929
vn -0.1003 -0.0012 -0.9949
vn -0.0954 -0.0945 -0.9909
vn -0.3703 -0.0843 -0.9250
vn -0.7104 -0.0611 -0.7011
vn 0.5150 -0.0763 0.8538
vn 0.8532 -0.0578 0.5183
vn 0.8550 -0.0445 0.5167
vn 0.5172 -0.0647 0.8534
vn 0.8553 -0.0397 0.5165
vn 0.5175 -0.0615 0.8535
vn 0.1368 -0.0725 0.9879
vn 0.1362 -0.0808 0.9874
vn 0.1368 -0.0705 0.9881
vn 0.1339 -0.0983 0.9861
vn 0.5082 -0.0998 0.8554
vn 0.1290 -0.1316 0.9828
vn 0.4931 -0.1435 0.8580
vn 0.8479 -0.0837 0.5235
vn 0.8351 -0.1316 0.5340
vn 0.4225 -0.3208 0.8477
vn 0.7685 -0.3044 0.5628
vn 0.8091 -0.2038 0.5512
vn 0.4632 -0.2133 0.8601
vn 0.1186 -0.1908 0.9744
vn 0.1048 -0.2935 0.9502
vn 0.0947 -0.4664 0.8794
vn 0.3907 -0.4872 0.7810
vn 0.7230 -0.4398 0.5328
vn -0.3265 0.0409 -0.9443
vn -0.6746 0.0106 -0.7381
vn -0.5217 -0.0068 -0.8531
vn -0.2223 0.0514 -0.9736
vn -0.2443 -0.0257 -0.9693
vn -0.0786 0.0617 -0.9950
vn -0.0552 0.0727 -0.9958
vn -0.0841 0.0552 -0.9949
vn -0.0174 0.0871 -0.9960
vn -0.0977 0.0318 -0.9947
vn -0.3748 0.0248 -0.9267
vn -0.7167 0.0093 -0.6973
vn 0.5180 -0.0680 0.8526
vn 0.8557 -0.0417 0.5158
vn 0.8563 -0.0464 0.5144
vn 0.5189 -0.0768 0.8513
vn 0.1373 -0.0891 0.9865
vn 0.1370 -0.0786 0.9874
vn 0.1368 -0.0729 0.9879
vn 0.5176 -0.0633 0.8532
vn 0.8554 -0.0397 0.5163
vn 0.2950 0.0436 0.9545
vn 0.2569 0.1194 0.9590
vn 0.4114 0.2086 0.8872
vn 0.6007 0.0744 0.7960
vn 0.1972 0.1584 0.9674
vn -0.0034 0.2436 0.9698
vn 0.6412 -0.0197 0.7671
vn 0.3124 -0.0383 0.9492
vn 0.6522 -0.0728 0.7545
vn 0.3195 -0.0956 0.9427
vn 0.0890 -0.0403 0.9952
vn 0.1391 0.0515 0.9889
vn 0.0803 -0.1024 0.9915
vn 0.2810 0.1619 0.9460
vn 0.4552 0.2416 0.8570
vn 0.2278 0.1265 -0.9655
vn 0.2414 0.1040 -0.9648
vn 0.5362 0.1007 -0.8380
vn 0.4851 0.1506 -0.8614
vn 0.2457 0.1072 -0.9634
vn 0.5473 0.0935 -0.8316
vn 0.2595 0.2246 -0.9392
vn 0.1994 0.1419 -0.9696
vn -0.1317 0.1802 -0.9748
vn 0.1548 0.1195 -0.9807
vn 0.2750 0.1958 -0.9413
vn 0.1267 0.1426 -0.9816
vn 0.4537 0.2210 -0.8633
vn 0.0709 0.1093 -0.9915
vn 0.0600 0.1099 -0.9921
vn 0.2514 -0.1655 0.9536
vn 0.3119 -0.1355 0.9404
vn 0.6468 -0.1168 0.7536
vn 0.5858 -0.1809 0.7900
vn 0.2958 -0.2612 0.9188
vn 0.1142 -0.1686 0.9790
vn 0.0308 -0.1377 0.9900
vn 0.0640 -0.1478 0.9869
vn 0.0786 -0.1373 0.9874
vn 0.1866 0.0922 -0.9781
vn 0.0716 0.0729 -0.9948
vn 0.1977 -0.0173 -0.9801
vn 0.4764 0.0417 -0.8782
vn 0.5391 0.0859 -0.8378
vn 0.2374 0.1104 -0.9651
vn 0.0580 0.1185 -0.9912
vn 0.0464 0.1130 -0.9925
vn 0.0196 0.1004 -0.9947
vn 0.0366 0.3168 0.9478
vn -0.6295 0.1169 0.7681
vn -0.4498 0.1444 0.8813
vn 0.1164 0.2021 0.9724
vn -0.9259 -0.0701 0.3712
vn -0.9165 -0.0582 0.3958
vn 0.5646 0.3025 0.7679
vn 0.5995 0.4114 0.6865
vn 0.8300 0.3894 0.3993
vn 0.8402 0.4295 0.3311
vn 0.5789 0.5807 0.5724
vn -0.0236 0.5471 0.8367
vn 0.5281 0.7651 0.3683
vn -0.0587 0.8262 0.5602
vn 0.8016 0.5283 0.2796
vn 0.7405 0.6337 0.2237
vn -0.6810 0.2821 0.6757
vn -0.9341 0.0381 0.3548
vn -0.6885 0.5459 0.4774
vn -0.9283 0.2040 0.3108
vn -0.0418 0.9970 -0.0645
vn -0.0499 0.9407 -0.3354
vn -0.6731 0.6786 -0.2938
vn -0.6681 0.7425 -0.0480
vn -0.9586 0.2065 -0.1960
vn -0.9716 0.2359 -0.0153
vn -0.0587 0.7471 -0.6621
vn -0.6885 0.4798 -0.5438
vn -0.9283 0.1623 -0.3345
vn -0.6731 0.7108 0.2039
vn -0.0499 0.9761 0.2113
vn -0.9586 0.2300 0.1677
vn 0.4909 0.8603 0.1375
vn 0.4799 0.8755 -0.0566
vn 0.7509 0.6525 0.1017
vn 0.7548 0.6545 -0.0424
vn 0.4909 0.8354 -0.2473
vn 0.5281 0.7113 -0.4639
vn 0.7509 0.6339 -0.1850
vn 0.7405 0.5996 -0.3035
vn 0.9130 0.4070 -0.0257
vn 0.9026 0.4169 0.1071
vn 0.9037 0.4107 0.1205
vn 0.9111 0.4113 -0.0250
vn 0.9019 0.3981 -0.1673
vn 0.9016 0.4026 -0.1582
vn 0.8283 0.3568 -0.4320
vn 0.8383 0.3919 -0.3789
vn 0.8629 0.4789 -0.1614
vn 0.8758 0.4816 -0.0310
vn 0.8008 0.4902 -0.3441
vn 0.8632 0.4950 0.0988
vn -0.9774 -0.2109 0.0133
vn -0.9750 -0.1922 -0.1116
vn -0.9709 -0.2265 -0.0770
vn -0.9654 -0.2601 0.0161
vn -0.9269 -0.1184 -0.3562
vn -0.9226 -0.1134 -0.3685
vn -0.9715 -0.2128 0.1043
vn -0.9752 -0.1751 0.1350
vn -0.9865 -0.0638 0.1506
vn -0.9956 -0.0932 0.0060
vn -0.9865 -0.0830 -0.1412
vn -0.9343 -0.0081 -0.3562
vn 0.0259 0.2089 -0.9776
vn 0.5976 0.3370 -0.7274
vn 0.5634 0.2434 -0.7895
vn 0.0905 0.1156 -0.9891
vn -0.5004 0.0385 -0.8649
vn -0.6392 0.0221 -0.7687
vn -0.6827 0.1941 -0.7044
vn -0.0257 0.4393 -0.8979
vn 0.5781 0.5067 -0.6395
vn -0.9907 0.1158 0.0718
vn -0.9932 0.1161 -0.0095
vn -0.9997 0.0202 0.0143
vn -0.9951 0.0302 0.0933
vn -0.9998 0.0028 0.0186
vn -0.9952 0.0149 0.0969
vn -0.9928 0.1165 -0.0282
vn -0.9998 0.0181 -0.0043
vn -1.0000 0.0000 0.0000
vn -0.9677 0.0505 0.2468
vn -0.9657 0.1155 0.2326
vn -0.9166 0.0708 0.3934
vn -0.9144 0.1176 0.3873
vn -0.9677 0.0390 0.2488
vn -0.9171 0.0623 0.3937
vn -0.9169 0.3534 0.1854
vn -0.9082 0.4185 0.0035
vn -0.7300 0.6662 0.1524
vn -0.6119 0.7886 -0.0604
vn -0.8901 0.2749 0.3634
vn -0.8168 0.4715 0.3324
vn -0.8953 0.4370 -0.0864
vn -0.8936 0.4362 -0.1060
vn -0.5508 0.8173 -0.1691
vn -0.5496 0.8124 -0.1946
vn -0.7931 -0.4429 0.4180
vn -0.7846 -0.4362 0.4406
vn -0.8425 -0.3804 0.3814
vn -0.8491 -0.3844 0.3622
vn -0.8573 -0.3656 0.3624
vn -0.8627 -0.3681 0.3467
vn -0.7753 -0.4421 0.4509
vn -0.8350 -0.3873 0.3909
vn -0.8506 -0.3734 0.3702
vn -0.8634 -0.4101 0.2937
vn -0.8101 -0.4785 0.3386
vn -0.8780 -0.4682 0.0991
vn -0.8238 -0.5560 0.1099
vn -0.8755 -0.3897 0.2857
vn -0.8915 -0.4408 0.1043
vn -0.5830 -0.6665 0.4646
vn -0.5660 -0.5997 0.5656
vn -0.5886 -0.7935 0.1546
vn -0.5562 -0.5836 0.5916
vn -0.5458 -0.5850 0.5999
vn -0.0384 0.9992 -0.0109
vn 0.0924 0.9861 -0.1376
vn 0.0936 0.9852 -0.1436
vn -0.0470 0.9987 -0.0199
vn 0.0876 0.9843 -0.1527
vn -0.0460 0.9984 -0.0324
vn 0.1205 0.9747 -0.1883
vn 0.1202 0.9739 -0.1924
vn 0.1079 0.9741 -0.1985
vn -0.3814 0.8948 0.2320
vn -0.3391 0.9074 0.2482
vn -0.6721 0.5902 0.4471
vn -0.6048 0.6323 0.4841
vn -0.3862 0.8955 0.2208
vn -0.6869 0.5806 0.4371
vn -0.2248 0.9323 0.2832
vn -0.0240 0.9997 0.0000
vn -0.4034 0.7136 0.5727
vn 0.0638 0.9891 -0.1326
vn 0.0850 0.9789 -0.1859
vn -0.7685 0.1650 0.6182
vn -0.8224 0.1459 0.5498
vn -0.8280 0.0977 0.5520
vn -0.7760 0.1100 0.6210
vn -0.8289 0.0881 0.5523
vn -0.7773 0.0991 0.6212
vn -0.8327 0.1408 0.5354
vn -0.8378 0.0949 0.5377
vn -0.8385 0.0858 0.5380
vn -0.5580 0.1447 0.8171
vn -0.5477 0.2149 0.8086
vn -0.5601 0.1305 0.8180
vn -0.5051 0.4263 0.7504
vn -0.7288 0.3454 0.5912
vn -0.7896 0.3089 0.5301
vn -0.8025 0.2986 0.5166
vn -0.0002 1.0000 0.0009
vn -0.0011 0.9987 -0.0495
vn -0.0004 1.0000 0.0011
vn -0.0020 0.9988 -0.0490
vn 0.0001 0.9998 0.0214
vn 0.0013 0.9940 -0.1091
vn 0.0037 0.9940 -0.1091
vn 0.0136 0.9866 -0.1625
vn 0.0175 0.9866 -0.1619
vn -0.0014 0.9940 -0.1089
vn 0.0080 0.9866 -0.1631
vn 0.0040 0.9940 -0.1091
vn 0.0005 0.9987 -0.0498
vn 0.0145 0.9867 -0.1616
vn 0.0001 1.0000 0.0008
vn -0.2447 -0.9688 -0.0389
vn -0.0332 -0.9993 0.0187
vn -0.0087 -0.9995 -0.0286
vn -0.0641 -0.9954 -0.0706
vn 0.2292 -0.9730 0.0248
vn 0.0638 -0.9976 -0.0272
vn -0.0906 -0.9839 -0.1541
vn -0.3423 -0.9295 -0.1371
vn -0.0960 -0.9563 -0.2761
vn -0.3606 -0.8965 -0.2573
vn -0.0001 -0.9877 -0.1561
vn -0.0002 -0.9609 -0.2767
vn -0.6763 -0.7307 -0.0928
vn -0.5838 -0.8115 0.0220
vn -0.9141 -0.4036 -0.0385
vn -0.8934 -0.4457 0.0560
vn -0.6917 -0.6954 -0.1949
vn -0.9165 -0.3863 -0.1032
vn -0.1600 -0.9743 0.1583
vn 0.4096 -0.8935 0.1840
vn -0.7750 -0.5854 0.2380
vn 0.3641 -0.6261 0.6895
vn -0.3775 -0.5666 -0.7324
vn -0.3573 -0.6479 -0.6727
vn -0.0962 -0.6803 -0.7266
vn -0.1032 -0.5930 -0.7985
vn -0.0016 -0.6832 -0.7302
vn -0.0015 -0.5961 -0.8029
vn -0.3545 -0.6991 -0.6209
vn -0.0949 -0.7367 -0.6695
vn -0.0016 -0.7394 -0.6732
vn -0.1219 -0.4511 -0.8841
vn -0.4276 -0.4278 -0.7963
vn -0.1381 -0.2152 -0.9667
vn -0.4713 -0.1954 -0.8600
vn -0.0011 -0.4536 -0.8912
vn -0.0006 -0.2178 -0.9760
vn -0.7533 -0.3420 -0.5618
vn -0.7007 -0.4645 -0.5414
vn -0.9322 -0.2262 -0.2825
vn -0.9130 -0.2946 -0.2821
vn -0.7961 -0.1425 -0.5881
vn -0.9610 -0.0752 -0.2662
vn -0.6863 -0.5253 -0.5030
vn -0.6847 -0.5604 -0.4660
vn -0.9116 -0.3204 -0.2574
vn -0.9136 -0.3305 -0.2365
vn -0.9418 0.3362 0.0037
vn -0.9115 0.4112 0.0004
vn -0.9874 0.1569 0.0197
vn -0.9971 0.0759 0.0089
vn -0.9920 0.1090 0.0637
vn -0.9995 0.0238 0.0196
vn -0.8410 0.5409 -0.0121
vn -0.8936 0.4428 0.0741
vn -0.3194 0.3703 0.8722
vn -0.9985 0.0542 0.0027
vn -0.9526 0.3041 0.0038
vn -0.9987 0.0496 0.0013
vn -0.9564 0.2920 0.0059
vn -1.0000 0.0037 0.0044
vn -0.6746 0.7381 0.0051
vn -0.6566 0.7542 -0.0033
vn -0.2877 0.9577 0.0046
vn -0.2832 0.9590 -0.0074
vn -0.6857 0.7277 0.0119
vn -0.2953 0.9553 0.0132
vn -0.6208 0.7838 -0.0144
vn -0.5645 0.8249 -0.0293
vn -0.2803 0.9596 -0.0221
vn -0.2774 0.9600 -0.0385
vn -0.9864 0.1644 0.0022
vn -0.9819 0.1888 0.0116
vn -0.9995 0.0303 0.0030
vn -0.9996 0.0260 0.0013
vn -0.9760 0.2171 0.0151
vn -0.9994 0.0355 0.0037
vn -0.9997 0.0229 -0.0006
vn -0.9893 0.1458 -0.0083
vn -0.9998 0.0208 -0.0023
vn -0.9910 0.1328 -0.0175
vn -0.8683 0.4945 -0.0387
vn -0.8444 0.5356 -0.0066
vn -0.5314 0.8436 -0.0773
vn -0.4884 0.8723 -0.0240
vn -0.8834 0.4637 -0.0677
vn -0.5598 0.8187 -0.1277
vn -0.8124 0.5826 0.0208
vn -0.7767 0.6291 0.0305
vn -0.4388 0.8984 0.0186
vn -0.3921 0.9193 0.0334
vn -0.5599 -0.3698 -0.7414
vn -0.3501 -0.2872 -0.8916
vn -0.2555 -0.2899 -0.9223
vn -0.4817 -0.3842 -0.7876
vn -0.2069 -0.2904 -0.9343
vn -0.4413 -0.3912 -0.8076
vn -0.2926 -0.2714 -0.9169
vn -0.1951 -0.2677 -0.9435
vn -0.1444 -0.2642 -0.9536
vn -0.8076 -0.4753 -0.3489
vn -0.8366 -0.4498 -0.3127
vn -0.8962 -0.4281 0.1167
vn -0.9031 -0.4090 0.1305
vn -0.7901 -0.4888 -0.3698
vn -0.8787 -0.4101 -0.2441
vn -0.6875 -0.3450 -0.6389
vn -0.9294 -0.3531 -0.1074
vn -0.8487 -0.2932 -0.4402
vn -0.9119 -0.3841 0.1447
vn -0.9198 -0.3600 0.1560
vn -0.5104 -0.2770 -0.8141
vn -0.4562 -0.2688 -0.8483
vn -0.7461 -0.2366 -0.6223
vn -0.7038 -0.2341 -0.6706
vn -0.9883 -0.1493 0.0316
vn -0.9873 -0.1245 0.0986
vn -0.9996 -0.0273 0.0059
vn -0.9942 -0.0697 -0.0820
vn -0.9998 0.0077 -0.0204
vn -0.9921 -0.0470 -0.1165
vn -0.9882 -0.1139 0.1019
vn -0.9998 -0.0063 0.0151
vn -0.9993 0.0348 -0.0094
vn -0.9357 -0.1512 -0.3187
vn -0.9627 -0.2116 -0.1683
vn -0.9190 -0.1437 -0.3671
vn -0.9551 -0.2884 0.0678
vn -0.9507 -0.2503 0.1830
vn -0.9146 -0.3310 0.2321
vn -0.9068 -0.3145 0.2807
vn -0.9464 -0.2415 0.2143
vn -0.9464 -0.2438 0.2117
vn -0.9042 -0.3142 0.2892
vn -0.9021 -0.3240 0.2850
vn -0.1863 0.1947 -0.9630
vn -0.2484 0.3422 -0.9062
vn -0.0597 0.3306 -0.9419
vn -0.0361 0.1752 -0.9839
vn 0.0032 0.3226 -0.9465
vn 0.0111 0.1602 -0.9870
vn -0.3028 0.3793 -0.8743
vn -0.0780 0.3736 -0.9243
vn -0.0213 -0.0420 -0.9989
vn -0.1259 -0.0278 -0.9916
vn -0.0348 -0.1840 -0.9823
vn -0.1114 -0.1842 -0.9765
vn 0.0099 -0.0526 -0.9986
vn -0.0089 -0.1832 -0.9830
vn -0.3254 -0.0184 -0.9454
vn -0.4558 0.1994 -0.8674
vn -0.5977 -0.0508 -0.8001
vn -0.7660 0.1405 -0.6272
vn -0.2434 -0.1829 -0.9525
vn -0.4098 -0.1844 -0.8933
vn -0.5508 0.3317 -0.7659
vn -0.6206 0.3555 -0.6989
vn -0.8447 0.2504 -0.4730
vn -0.8794 0.2663 -0.3945
vn -0.9644 0.2640 0.0113
vn -0.9598 0.2806 0.0087
vn -0.9989 0.0474 0.0019
vn -0.9990 0.0442 0.0026
vn -0.9992 0.0402 0.0032
vn -0.9700 0.2425 0.0135
vn -0.7452 0.6663 0.0271
vn -0.7190 0.6946 0.0227
vn -0.3549 0.9344 0.0297
vn -0.3271 0.9446 0.0251
vn -0.6993 0.7146 0.0175
vn -0.3078 0.9512 0.0195
vn -0.3543 -0.7983 -0.4870
vn -0.3580 -0.8522 -0.3815
vn -0.0953 -0.9073 -0.4094
vn -0.0943 -0.8471 -0.5229
vn -0.0005 -0.9119 -0.4104
vn -0.0009 -0.8513 -0.5246
vn -0.0940 -0.7874 -0.6092
vn -0.3523 -0.7448 -0.5666
vn -0.0013 -0.7909 -0.6119
vn -0.6836 -0.5918 -0.4270
vn -0.6858 -0.6280 -0.3677
vn -0.9145 -0.3406 -0.2182
vn -0.9153 -0.3550 -0.1901
vn -0.6893 -0.6645 -0.2885
vn -0.9161 -0.3712 -0.1513
vn -0.9983 -0.0561 -0.0169
vn -0.9983 -0.0562 -0.0172
vn -0.9867 -0.1525 -0.0560
vn -0.9868 -0.1479 -0.0663
vn -0.9982 -0.0580 -0.0132
vn -0.9866 -0.1583 -0.0395
vn -0.9866 -0.1465 -0.0715
vn -0.9981 -0.0596 -0.0141
vn -0.9858 -0.1503 -0.0747
vn -0.9976 -0.0681 -0.0124
vn -0.9998 -0.0197 0.0049
vn -0.9999 -0.0147 0.0009
vn -0.9999 -0.0061 0.0059
vn -1.0000 -0.0020 0.0033
vn -0.9995 -0.0290 0.0070
vn -0.9999 -0.0130 0.0070
vn -0.9999 -0.0130 -0.0023
vn -0.9999 -0.0130 -0.0027
vn -1.0000 -0.0004 0.0009
vn -0.9950 -0.0924 -0.0367
vn -0.9965 -0.0814 -0.0202
vn -0.9837 -0.1578 -0.0862
vn -0.9818 -0.1581 -0.1051
vn -0.9838 -0.1379 -0.1147
vn -0.9945 -0.0925 -0.0493
vn -0.9896 -0.0900 -0.1120
vn -0.9954 -0.0774 -0.0561
vn -0.9978 -0.0623 -0.0228
vn -0.9984 -0.0554 -0.0122
vn -0.9992 -0.0381 -0.0105
vn -0.9995 -0.0320 -0.0045
vn -0.9979 -0.0585 -0.0282
vn -0.9992 -0.0379 -0.0128
vn -0.9991 -0.0424 0.0010
vn -0.9997 -0.0225 0.0034
vn -0.9960 -0.0670 0.0588
vn -0.9815 -0.0880 0.1698
vn -0.9633 -0.1992 0.1802
vn -0.9835 -0.1718 0.0567
vn -0.8866 -0.1406 0.4406
vn -0.7967 -0.2762 0.5375
vn -0.9865 -0.1633 -0.0062
vn -0.9981 -0.0606 0.0069
vn -0.9998 -0.0144 0.0130
vn -0.9978 -0.0194 0.0634
vn -0.9999 -0.0006 0.0149
vn -0.9978 -0.0037 0.0662
vn -0.9840 -0.0347 0.1748
vn -0.9013 -0.0723 0.4271
vn -0.9834 -0.0133 0.1807
vn -0.9003 -0.0380 0.4336
vn -0.7562 -0.2453 0.6066
vn -0.8123 -0.2185 0.5408
vn -0.8013 -0.2767 0.5305
vn -0.7429 -0.3096 0.5935
vn -0.7927 -0.3319 0.5112
vn -0.7318 -0.3707 0.5718
vn -0.8234 -0.2124 0.5262
vn -0.8133 -0.2690 0.5159
vn -0.8059 -0.3232 0.4960
vn -0.5194 -0.3939 0.7583
vn -0.5342 -0.3157 0.7842
vn -0.5061 -0.4677 0.7246
vn -0.5469 -0.2279 0.8056
vn -0.7679 -0.1753 0.6161
vn -0.5556 -0.1230 0.8223
vn -0.7761 -0.0939 0.6236
vn -0.8220 -0.1557 0.5477
vn -0.8325 -0.1515 0.5329
vn -0.8290 -0.0833 0.5529
vn -0.8391 -0.0810 0.5379
vn -0.9952 -0.0367 0.0900
vn -0.9999 0.0015 -0.0151
vn -0.9996 0.0099 -0.0269
vn -0.9951 -0.0457 0.0870
vn -0.9993 0.0191 -0.0313
vn -0.9946 -0.0575 0.0862
vn -0.9988 0.0066 -0.0474
vn -0.9977 0.0218 -0.0641
vn -0.9967 0.0409 -0.0703
vn -0.9538 -0.1385 0.2665
vn -0.9586 -0.1055 0.2643
vn -0.8898 -0.2105 0.4049
vn -0.8993 -0.1622 0.4060
vn -0.9485 -0.1760 0.2631
vn -0.8812 -0.2621 0.3933
vn -0.9626 -0.0735 0.2606
vn -0.9952 -0.0272 0.0936
vn -0.9655 -0.0386 0.2574
vn -0.9952 -0.0151 0.0965
vn -0.9077 -0.1139 0.4039
vn -0.9139 -0.0601 0.4014
vn -1.0000 -0.0034 -0.0019
vn -0.9996 -0.0025 -0.0288
vn -0.9999 -0.0040 0.0086
vn -0.9999 -0.0051 -0.0141
vn 0.5502 0.8332 -0.0545
vn 0.9729 -0.2308 0.0136
vn 0.9985 0.0168 0.0516
vn -0.2287 0.9728 -0.0352
vn 0.9534 -0.3012 0.0183
vn 0.9712 -0.2300 0.0626
vn -0.4959 0.8672 -0.0448
vn -0.4512 0.8905 -0.0585
vn -0.2733 0.9604 -0.0533
vn -0.2680 0.9612 -0.0646
vn -0.4652 0.8825 -0.0691
vn 0.2611 0.9608 -0.0928
vn -0.5192 0.8513 -0.0755
vn -0.7695 0.6352 -0.0662
vn -0.2620 0.9622 -0.0740
vn -0.2556 0.9632 -0.0826
vn 0.8560 0.4993 -0.1337
vn 0.9710 -0.2363 -0.0345
vn -0.5034 0.8171 -0.2809
vn -0.3671 0.3641 -0.8559
vn -0.6604 0.7499 -0.0388
vn -0.7040 0.7091 -0.0389
vn -0.6835 0.6929 -0.2295
vn -0.6584 0.7204 -0.2179
vn -0.5962 0.6043 -0.5285
vn -0.6482 0.6145 -0.4497
vn -0.8422 0.5381 -0.0311
vn -0.8277 0.5241 -0.2004
vn -0.6775 0.4353 -0.5928
vn -0.7930 0.5849 -0.1703
vn -0.7929 0.6086 -0.0298
vn -0.9329 0.3401 -0.1184
vn -0.9389 0.3438 -0.0160
vn -0.8128 0.4871 -0.3194
vn -0.9240 0.3264 -0.1990
vn -0.8090 0.5759 0.1171
vn -0.6761 0.7209 0.1521
vn -0.8364 0.4657 0.2890
vn -0.6733 0.6041 0.4264
vn -0.9400 0.3295 0.0886
vn -0.9358 0.3059 0.1749
vn -0.6939 0.7012 0.1635
vn -0.8324 0.5348 0.1454
vn -0.6085 0.6043 0.5143
vn -0.6815 0.4474 0.5791
vn 0.5262 -0.8471 -0.0742
vn 0.1624 -0.9828 -0.0879
vn 0.1313 -0.9900 -0.0507
vn 0.4407 -0.8976 -0.0069
vn 0.7632 -0.6399 0.0891
vn 0.8516 -0.5223 -0.0440
vn 0.9560 -0.2630 0.1298
vn 0.9781 -0.2072 -0.0168
vn 0.7793 -0.5925 -0.2037
vn 0.4602 -0.8730 -0.1616
vn 0.4917 -0.7803 -0.3864
vn 0.2765 -0.9280 -0.2495
vn 0.9578 -0.2282 -0.1747
vn 0.4496 -0.4016 -0.7978
vn 0.1382 -0.9807 -0.1379
vn 0.0776 -0.9763 -0.2019
vn -0.9968 0.0226 -0.0763
vn -0.9745 0.0663 -0.2144
vn -0.9803 0.1071 -0.1660
vn -0.9980 0.0318 -0.0534
vn -0.9860 0.1340 -0.0993
vn -0.9991 0.0304 -0.0288
vn -0.8323 0.1334 -0.5380
vn -0.7775 0.2542 -0.5752
vn -0.9999 0.0055 -0.0125
vn -0.9998 0.0041 -0.0179
vn -0.9999 0.0050 -0.0065
vn -0.9998 0.0027 -0.0206
vn -0.9960 0.0129 -0.0887
vn -0.9998 0.0026 -0.0212
vn -0.9957 0.0110 -0.0915
vn -0.9711 0.0357 -0.2359
vn -0.8414 0.0743 -0.5353
vn -0.9702 0.0284 -0.2407
vn -0.8426 0.0613 -0.5349
vn -0.0364 0.9947 -0.0964
vn -0.0374 0.9949 -0.0938
vn -0.0091 0.9955 -0.0941
vn -0.0089 0.9952 -0.0967
vn -0.0384 0.9955 -0.0868
vn -0.0094 0.9962 -0.0871
vn -0.0086 0.9956 -0.0931
vn -0.0354 0.9950 -0.0928
vn -0.0084 0.9966 -0.0814
vn -0.0345 0.9961 -0.0811
vn -0.0918 0.9915 -0.0918
vn -0.0942 0.9909 -0.0955
vn -0.2376 0.9673 -0.0884
vn -0.2433 0.9656 -0.0919
vn -0.0895 0.9927 -0.0801
vn -0.2321 0.9696 -0.0770
vn -0.0967 0.9909 -0.0929
vn -0.0994 0.9913 -0.0859
vn -0.2493 0.9643 -0.0894
vn -0.9924 -0.0653 -0.1040
vn -0.9669 -0.0483 -0.2506
vn -0.9708 0.0110 -0.2397
vn -0.9957 -0.0062 -0.0927
vn -0.8226 -0.0167 -0.5683
vn -0.8426 0.0449 -0.5366
vn -0.9996 -0.0160 -0.0231
vn -0.9963 -0.0797 -0.0327
vn -0.9998 -0.0194 -0.0009
vn -0.9962 -0.0862 -0.0042
vn -0.9737 -0.2190 -0.0623
vn -0.9697 -0.1944 -0.1479
vn -0.8519 -0.5072 -0.1304
vn -0.8254 -0.4998 -0.2622
vn -0.9725 -0.2326 -0.0117
vn -0.8519 -0.5231 -0.0255
vn -0.9359 -0.1735 -0.3066
vn -0.7078 -0.1382 -0.6928
vn -0.6656 -0.5574 -0.4963
vn -0.9999 -0.0069 0.0101
vn -0.9996 -0.0204 0.0180
vn -1.0000 -0.0051 0.0030
vn -1.0000 -0.0017 0.0017
vn -0.9990 -0.0392 0.0224
vn -0.9999 -0.0096 0.0034
vn -1.0000 -0.0002 0.0004
vn -1.0000 -0.0010 0.0025
vn -1.0000 -0.0018 0.0071
vn -0.9995 -0.0126 0.0284
vn -0.9999 -0.0027 0.0135
vn -0.9984 -0.0193 0.0537
vn -0.9971 -0.0461 0.0610
vn -0.9905 -0.1023 0.0914
vn -0.9877 -0.0836 0.1322
vn -0.8935 -0.3066 0.3281
vn -0.2950 0.9420 0.1596
vn -0.2134 0.9701 0.1153
vn -0.1814 0.9703 0.1601
vn -0.2597 0.9446 0.2006
vn -0.1539 0.9683 0.1967
vn -0.2239 0.9461 0.2338
vn -0.1329 0.9889 0.0663
vn -0.1043 0.9893 0.1016
vn -0.0855 0.9877 0.1307
vn -0.3126 0.9221 0.2280
vn -0.3490 0.9146 0.2042
vn -0.3181 0.9149 0.2483
vn -0.3498 0.9007 0.2577
vn -0.2725 0.9298 0.2474
vn -0.2810 0.9289 0.2412
vn -0.3992 0.8995 0.1776
vn -0.3459 0.9310 0.1169
vn -0.5008 0.8527 0.1484
vn -0.4524 0.8883 0.0785
vn -0.3956 0.8793 0.2650
vn -0.4972 0.8281 0.2588
vn -0.2645 0.9619 0.0698
vn -0.1842 0.9824 0.0312
vn -0.3794 0.9247 0.0319
vn -0.3077 0.9514 0.0030
vn -0.0469 0.9985 -0.0264
vn -0.0360 0.9976 -0.0594
vn -0.0104 0.9983 -0.0575
vn -0.0214 0.9996 -0.0176
vn -0.0020 0.9984 -0.0557
vn -0.0118 0.9998 -0.0102
vn -0.0500 0.9980 0.0368
vn -0.0764 0.9969 0.0165
vn -0.0374 0.9979 0.0536
vn -0.1281 0.9917 -0.0032
vn -0.0994 0.9944 -0.0346
vn -0.2584 0.9658 -0.0182
vn -0.2346 0.9713 -0.0397
vn -0.0897 0.9941 -0.0606
vn -0.2288 0.9716 -0.0597
vn -0.9970 -0.0750 0.0169
vn -0.9964 -0.0845 0.0058
vn -0.9998 -0.0191 0.0005
vn -0.9998 -0.0173 0.0021
vn -0.9999 -0.0139 0.0032
vn -0.9980 -0.0586 0.0232
vn -0.9823 -0.1614 0.0950
vn -0.9765 -0.2046 0.0680
vn -0.8689 -0.4090 0.2785
vn -0.8565 -0.4783 0.1939
vn -0.9732 -0.2281 0.0266
vn -0.8525 -0.5163 0.0812
vn -0.9686 -0.0233 -0.2476
vn -0.9978 -0.0062 -0.0650
vn -0.9978 -0.0028 -0.0660
vn -0.9681 -0.0101 -0.2502
vn -0.9977 0.0017 -0.0676
vn -0.9672 0.0076 -0.2539
vn -0.8881 -0.0176 -0.4592
vn -0.8887 -0.0426 -0.4565
vn -0.8039 -0.0219 -0.5943
vn -0.8038 -0.0549 -0.5923
vn -0.8863 0.0152 -0.4628
vn -0.8025 0.0208 -0.5963
vn -0.8882 -0.0609 -0.4554
vn -0.9685 -0.0328 -0.2468
vn -0.8871 -0.0717 -0.4560
vn -0.9681 -0.0384 -0.2475
vn -0.8027 -0.0793 -0.5910
vn -0.8013 -0.0940 -0.5908
vn -0.9979 -0.0086 -0.0647
vn -0.9978 -0.0099 -0.0648
vn 0.3000 0.8560 0.4209
vn 0.2746 0.8469 0.4554
vn 0.2390 0.8912 0.3854
vn 0.2798 0.8854 0.3711
vn 0.1877 0.9241 0.3328
vn 0.2316 0.9141 0.3328
vn 0.1698 0.8781 0.4473
vn 0.1314 0.9240 0.3590
vn 0.0880 0.9524 0.2918
vn 0.1906 0.9514 0.2417
vn 0.1731 0.9489 0.2636
vn -0.1841 0.9667 -0.1777
vn -0.2357 0.9563 -0.1731
vn 0.1647 0.9614 0.2204
vn -0.1558 0.9715 -0.1788
vn 0.0874 0.9611 0.2618
vn 0.2756 0.8388 0.4694
vn -0.1730 0.9715 0.1618
vn 0.0724 0.8743 0.4799
vn -0.3035 0.9396 -0.1579
vn -0.3871 0.9081 -0.1594
vn 0.2800 0.7991 0.5320
vn 0.1837 0.8198 0.5422
vn 0.1591 0.7794 0.6059
vn 0.0870 0.7718 0.6299
vn -0.7022 0.2114 -0.6798
vn -0.6694 0.2280 -0.7070
vn -0.6818 0.1480 -0.7165
vn -0.7117 0.1408 -0.6882
vn -0.6836 0.1342 -0.7174
vn -0.7132 0.1287 -0.6890
vn -0.6171 0.2483 -0.7467
vn -0.6315 0.1580 -0.7591
vn -0.6336 0.1423 -0.7604
vn -0.7426 0.1335 -0.6562
vn -0.7370 0.2014 -0.6451
vn -0.7939 0.1239 -0.5953
vn -0.7936 0.2106 -0.5708
vn -0.7438 0.1223 -0.6571
vn -0.7940 0.1105 -0.5977
vn -0.6625 0.5098 -0.5487
vn -0.6129 0.5325 -0.5838
vn -0.6943 0.5882 -0.4147
vn -0.5641 0.5684 -0.5988
vn -0.5061 0.6019 -0.6176
vn -0.7191 -0.0638 -0.6919
vn -0.6885 -0.0665 -0.7222
vn -0.6868 -0.0970 -0.7203
vn -0.7175 -0.0929 -0.6903
vn -0.6855 -0.1159 -0.7188
vn -0.7161 -0.1109 -0.6891
vn -0.6382 -0.0706 -0.7666
vn -0.6365 -0.1030 -0.7643
vn -0.6352 -0.1229 -0.7625
vn -0.7498 -0.0882 -0.6558
vn -0.7512 -0.0607 -0.6572
vn -0.7483 -0.1050 -0.6550
vn -0.7519 -0.0237 -0.6589
vn -0.7201 -0.0246 -0.6934
vn -0.7511 0.0237 -0.6597
vn -0.7197 0.0254 -0.6937
vn -0.6897 -0.0255 -0.7236
vn -0.6395 -0.0271 -0.7683
vn -0.6895 0.0267 -0.7237
vn -0.6393 0.0283 -0.7684
vn -0.9654 0.0363 -0.2583
vn -0.9976 0.0093 -0.0691
vn -0.9975 0.0114 -0.0696
vn -0.9646 0.0440 -0.2600
vn -0.9975 0.0124 -0.0700
vn -0.9640 0.0471 -0.2615
vn -0.8800 0.0808 -0.4680
vn -0.8818 0.0673 -0.4667
vn -0.7953 0.1043 -0.5971
vn -0.7974 0.0873 -0.5970
vn -0.8786 0.0859 -0.4697
vn -0.8842 0.0462 -0.4649
vn -0.9663 0.0246 -0.2562
vn -0.8000 0.0606 -0.5969
vn -0.9976 0.0062 -0.0683
vn -0.9938 -0.0327 0.1061
vn -0.9963 -0.0288 0.0811
vn -0.9998 -0.0039 0.0199
vn -0.9997 -0.0047 0.0253
vn -0.9995 -0.0043 0.0290
vn -0.9918 -0.0284 0.1244
vn -0.9995 -0.0031 0.0318
vn -0.9903 -0.0207 0.1371
vn -0.9431 -0.1000 0.3170
vn -0.9541 -0.1195 0.2744
vn -0.7464 -0.2396 0.6208
vn -0.7729 -0.2964 0.5611
vn -0.9350 -0.0725 0.3472
vn -0.7270 -0.1706 0.6651
vn -0.9702 -0.1161 0.2128
vn -0.8226 -0.3168 0.4722
vn -0.9517 -0.3054 0.0323
vn -0.9984 -0.0561 0.0058
vn -0.9984 -0.0557 0.0067
vn -0.9514 -0.3056 0.0377
vn -0.9984 -0.0555 0.0070
vn -0.9510 -0.3065 0.0403
vn -0.6797 -0.7285 0.0852
vn -0.6857 -0.7241 0.0737
vn -0.2829 -0.9541 0.0977
vn -0.2973 -0.9508 0.0870
vn -0.6737 -0.7334 0.0911
vn -0.2704 -0.9573 0.1021
vn -0.6902 -0.7210 0.0609
vn -0.9518 -0.3056 0.0265
vn -0.6930 -0.7193 0.0486
vn -0.9518 -0.3060 0.0209
vn -0.3091 -0.9481 0.0743
vn -0.3169 -0.9464 0.0613
vn -0.9984 -0.0565 0.0048
vn -0.9984 -0.0568 0.0038
vn -0.6599 -0.3604 -0.6593
vn -0.6705 -0.3275 -0.6657
vn -0.6462 -0.3392 -0.6836
vn -0.6340 -0.3787 -0.6742
vn -0.5975 -0.3578 -0.7176
vn -0.5836 -0.4038 -0.7045
vn -0.6737 -0.3201 -0.6660
vn -0.6490 -0.3307 -0.6851
vn -0.6003 -0.3479 -0.7201
vn -0.5922 -0.4934 -0.6370
vn -0.6254 -0.4592 -0.6308
vn -0.4834 -0.6981 -0.5281
vn -0.5331 -0.6504 -0.5410
vn -0.5365 -0.5322 -0.6549
vn -0.4216 -0.7413 -0.5223
vn -0.6521 -0.4321 -0.6230
vn -0.6808 -0.3451 -0.6461
vn -0.6742 -0.4337 -0.5977
vn -0.7072 -0.3347 -0.6227
vn -0.5784 -0.6014 -0.5511
vn -0.6156 -0.5560 -0.5584
vn -0.6904 -0.3157 -0.6509
vn -0.6949 -0.3087 -0.6494
vn -0.7189 -0.2991 -0.6275
vn -0.7271 -0.2896 -0.6225
vn -0.7087 -0.1736 -0.6838
vn -0.7138 -0.1327 -0.6876
vn -0.6833 -0.1387 -0.7168
vn -0.6783 -0.1814 -0.7120
vn -0.6329 -0.1471 -0.7601
vn -0.6278 -0.1922 -0.7543
vn -0.6705 -0.2336 -0.7042
vn -0.7006 -0.2239 -0.6774
vn -0.6622 -0.2778 -0.6959
vn -0.6918 -0.2667 -0.6709
vn -0.6199 -0.2472 -0.7447
vn -0.6118 -0.2934 -0.7346
vn -0.7319 -0.2119 -0.6476
vn -0.7404 -0.1640 -0.6518
vn -0.7834 -0.1899 -0.5917
vn -0.7925 -0.1465 -0.5919
vn -0.7221 -0.2532 -0.6438
vn -0.7722 -0.2285 -0.5929
vn -0.7458 -0.1255 -0.6543
vn -0.7983 -0.1121 -0.5917
vn 0.0005 -0.9949 0.1004
vn 0.0002 -0.9797 0.2004
vn 0.0002 -0.9796 0.2006
vn 0.0009 -0.9949 0.1010
vn 0.0003 -0.9796 0.2011
vn 0.0012 -0.9948 0.1022
vn 0.0019 -0.9984 0.0562
vn 0.0011 -0.9984 0.0555
vn 0.0037 -0.9991 0.0429
vn 0.0022 -0.9991 0.0419
vn 0.0024 -0.9983 0.0577
vn 0.0050 -0.9990 0.0449
vn 0.0003 -0.9984 0.0552
vn 0.0002 -0.9950 0.1002
vn 0.0007 -0.9991 0.0415
vn -0.0314 -0.9960 -0.0833
vn 0.0035 -0.9999 0.0143
vn 0.0065 -0.9998 0.0153
vn -0.0520 -0.9950 -0.0849
vn 0.0095 -0.9998 0.0168
vn -0.0704 -0.9933 -0.0908
vn 0.0107 -0.9991 0.0396
vn 0.0184 -0.9990 0.0413
vn 0.0258 -0.9986 0.0450
vn -0.1804 -0.9398 -0.2900
vn -0.1099 -0.9510 -0.2889
vn -0.3328 -0.7803 -0.5295
vn -0.2081 -0.8116 -0.5458
vn -0.2382 -0.9236 -0.3003
vn -0.0344 -0.9571 -0.2875
vn -0.0096 -0.9966 -0.0818
vn -0.0668 -0.8293 -0.5548
vn 0.0011 -0.9999 0.0142
vn 0.0033 -0.9992 0.0389
vn -0.9308 -0.3072 0.1980
vn -0.9796 -0.0629 0.1906
vn -0.9971 -0.0573 0.0489
vn -0.9503 -0.3051 0.0615
vn -0.9832 -0.0070 0.1820
vn -0.9990 -0.0005 0.0440
vn -0.6953 -0.7148 0.0744
vn -0.6823 -0.7083 0.1810
vn -0.3221 -0.9439 0.0727
vn -0.3211 -0.9366 0.1401
vn -0.6194 -0.6957 0.3636
vn -0.8403 -0.3179 0.4391
vn -0.4490 -0.6765 0.5837
vn -0.5977 -0.3287 0.7312
vn -0.3033 -0.9173 0.2579
vn -0.2664 -0.8847 0.3826
vn -0.8920 -0.0818 0.4446
vn -0.9007 -0.0279 0.4335
vn -0.6376 -0.1115 0.7623
vn -0.6506 -0.0623 0.7569
vn -0.9480 0.3142 -0.0498
vn -0.9272 0.3111 0.2083
vn -0.4434 0.7089 0.5485
vn -0.5585 0.7760 0.2930
vn -0.9122 0.2964 0.2829
vn -0.4238 0.6679 0.6117
vn -0.6408 0.7641 -0.0744
vn -0.8874 0.2583 -0.3818
vn -0.8813 0.1077 -0.4602
vn -0.9685 0.0824 -0.2350
vn -0.9980 0.0560 -0.0298
vn -0.9980 0.0461 0.0432
vn -0.7158 0.1023 -0.6908
vn -0.6858 0.1068 -0.7198
vn -0.6879 0.0749 -0.7219
vn -0.7179 0.0717 -0.6924
vn -0.6358 0.1132 -0.7635
vn -0.6377 0.0795 -0.7661
vn -0.7490 0.0678 -0.6590
vn -0.7467 0.0970 -0.6581
vn -0.7448 0.1155 -0.6572
vn -0.7140 0.1216 -0.6894
vn -0.6842 0.1268 -0.7181
vn -0.6342 0.1345 -0.7613
vn -0.9413 0.3371 0.0170
vn -0.9348 0.3553 -0.0002
vn -0.6662 0.7457 0.0081
vn -0.7058 0.7069 0.0452
vn -0.9294 0.3690 -0.0079
vn -0.6288 0.7775 -0.0107
vn -0.7345 0.6705 0.1045
vn -0.9472 0.3175 0.0452
vn -0.7386 0.6435 0.2007
vn -0.9503 0.2982 0.0891
vn -0.9980 0.0629 0.0083
vn -0.9978 0.0664 0.0029
vn -0.9982 0.0580 0.0164
vn -0.9976 0.0685 -0.0004
vn -0.9976 0.0695 -0.0016
vn -0.9220 0.3847 -0.0429
vn -0.8844 0.4637 -0.0537
vn -0.5699 0.8179 -0.0786
vn -0.6013 0.7953 -0.0771
vn -0.6104 0.7888 -0.0712
vn -0.9330 0.3584 -0.0328
vn -0.6062 0.7929 -0.0612
vn -0.9326 0.3598 -0.0264
vn -0.9977 0.0664 -0.0083
vn -0.9957 0.0907 -0.0204
vn -0.9979 0.0638 -0.0043
vn -0.9789 0.1976 -0.0510
vn -0.9279 0.3725 -0.0157
vn -0.9300 0.3670 -0.0209
vn -0.5993 0.7991 -0.0481
vn -0.5973 0.8012 -0.0347
vn -0.6057 0.7954 -0.0218
vn -0.9274 0.3739 -0.0112
vn -0.9976 0.0687 -0.0020
vn -0.9977 0.0673 -0.0026
vn -0.9978 0.0656 -0.0034
vn -0.5230 0.0998 -0.8465
vn -0.1391 0.1155 -0.9835
vn -0.1384 0.1048 -0.9848
vn -0.5210 0.0907 -0.8487
vn -0.1376 0.0914 -0.9862
vn -0.5192 0.0792 -0.8510
vn -0.8574 0.0553 -0.5116
vn -0.8587 0.0607 -0.5088
vn -0.9747 0.0245 -0.2222
vn -0.9750 0.0269 -0.2206
vn -0.8563 0.0482 -0.5142
vn -0.9744 0.0213 -0.2237
vn -0.8600 0.0616 -0.5065
vn -0.5249 0.1021 -0.8450
vn -0.8609 0.0557 -0.5056
vn -0.5262 0.0935 -0.8452
vn -0.9753 0.0270 -0.2192
vn -0.9755 0.0239 -0.2185
vn -0.1398 0.1185 -0.9831
vn -0.1402 0.1090 -0.9841
vn -1.0000 -0.0005 0.0004
vn -1.0000 -0.0001 0.0001
vn -1.0000 -0.0012 0.0014
vn -1.0000 -0.0035 0.0024
vn -1.0000 -0.0017 0.0006
vn -0.9999 -0.0074 0.0026
vn -1.0000 -0.0035 0.0005
vn -1.0000 -0.0004 0.0001
vn -1.0000 -0.0002 0.0000
vn -1.0000 -0.0009 0.0000
vn -0.9999 -0.0081 -0.0012
vn -1.0000 -0.0059 -0.0002
vn -0.9999 -0.0126 0.0008
vn -0.9998 -0.0176 -0.0024
vn -0.9998 -0.0206 -0.0044
vn -0.9999 -0.0095 -0.0016
vn -0.9998 -0.0206 -0.0047
vn -0.9999 -0.0095 -0.0013
vn -1.0000 -0.0026 -0.0003
vn -1.0000 -0.0022 -0.0004
vn -1.0000 -0.0026 -0.0002
vn -1.0000 -0.0016 -0.0002
vn -0.9984 0.0127 0.0559
vn -0.9861 0.0389 0.1617
vn -0.9838 0.0031 0.1790
vn -0.9979 0.0012 0.0652
vn -0.8949 0.0750 0.4398
vn -0.8990 -0.0012 0.4380
vn -0.9999 0.0001 0.0148
vn -0.9999 0.0019 0.0129
vn -0.9999 0.0037 0.0088
vn -0.9990 0.0233 0.0382
vn -0.9892 0.0838 0.1200
vn -0.8595 0.2088 0.4664
vn -0.7794 0.0433 0.6250
vn -0.8313 0.0385 0.5545
vn -0.8318 -0.0136 0.5549
vn -0.7797 -0.0154 0.6260
vn -0.8410 0.0374 0.5397
vn -0.8416 -0.0133 0.5399
vn -0.5604 -0.0203 0.8280
vn -0.5607 0.0570 0.8260
vn -0.5597 0.1099 0.8214
vn -0.7779 0.0835 0.6229
vn -0.8297 0.0742 0.5532
vn -0.8394 0.0722 0.5386
vn -0.9953 0.0063 0.0969
vn -0.9998 0.0003 0.0174
vn -0.9999 -0.0020 0.0146
vn -0.9953 -0.0027 0.0969
vn -1.0000 -0.0020 -0.0015
vn -1.0000 -0.0039 -0.0055
vn -0.9674 -0.0060 0.2531
vn -0.9680 0.0173 0.2504
vn -0.9173 -0.0094 0.3981
vn -0.9181 0.0275 0.3954
vn -0.9679 0.0330 0.2492
vn -0.9952 0.0125 0.0969
vn -0.9176 0.0526 0.3940
vn -0.9998 0.0021 0.0184
vn -1.0000 -0.0005 -0.0002
vn -0.8578 0.0356 0.5126
vn -0.8799 0.0329 0.4740
vn -0.8796 -0.0115 0.4755
vn -0.8580 -0.0125 0.5134
vn -0.8764 -0.0716 0.4762
vn -0.8552 -0.0772 0.5125
vn -0.8458 -0.0131 0.5334
vn -0.8453 0.0370 0.5330
vn -0.8432 -0.0801 0.5316
vn -0.8438 0.0714 0.5319
vn -0.8565 0.0686 0.5115
vn -0.8430 0.0848 0.5312
vn -0.8557 0.0815 0.5109
vn -0.8789 0.0633 0.4728
vn -0.8782 0.0751 0.4724
vn -0.3568 0.1369 -0.9241
vn -0.1201 0.1455 -0.9820
vn -0.1206 0.1023 -0.9874
vn -0.3582 0.0962 -0.9286
vn -0.1210 0.0365 -0.9920
vn -0.3593 0.0343 -0.9326
vn -0.5389 0.0869 -0.8378
vn -0.5371 0.1237 -0.8344
vn -0.5404 0.0310 -0.8408
vn -0.5355 0.1469 -0.8316
vn -0.3556 0.1625 -0.9204
vn -0.5351 0.1554 -0.8304
vn -0.3553 0.1719 -0.9188
vn -0.1196 0.1726 -0.9777
vn -0.1195 0.1826 -0.9759
vn -0.1209 -0.3262 0.9375
vn -0.1290 -0.1409 0.9816
vn -0.3180 -0.1318 0.9389
vn -0.2994 -0.3274 0.8962
vn -0.1342 -0.0986 0.9860
vn -0.3283 -0.0880 0.9404
vn -0.2359 -0.6671 0.7066
vn -0.0997 -0.6662 0.7390
vn -0.1630 -0.8990 0.4064
vn -0.0710 -0.9063 0.4166
vn -0.0236 -0.6677 0.7440
vn -0.0291 -0.3286 0.9440
vn -0.0164 -0.9087 0.4171
vn -0.0316 -0.1446 0.9890
vn -0.0331 -0.1020 0.9942
vn -0.1530 -0.9809 -0.1201
vn -0.0335 -0.9991 0.0243
vn -0.1138 -0.9932 0.0260
vn -0.2589 -0.9526 -0.1597
vn -0.3260 -0.9453 0.0067
vn -0.4485 -0.8640 -0.2287
vn -0.0077 -0.9979 0.0645
vn -0.0762 -0.9936 0.0830
vn -0.4401 -0.8097 -0.3881
vn -0.3555 -0.8667 -0.3498
vn -0.5581 -0.6986 -0.4477
vn -0.2908 -0.9015 -0.3205
vn -0.0977 -0.9900 -0.1014
vn 0.0009 -0.9998 0.0199
vn 0.0211 -0.9984 0.0523
vn -0.0493 -0.9930 0.1074
vn -0.0553 -0.9769 0.2062
vn -0.1374 -0.9663 0.2176
vn -0.1301 -0.9846 0.1165
vn -0.1262 -0.9897 0.0671
vn -0.0468 -0.9969 0.0631
vn -0.1216 -0.9908 0.0589
vn -0.0431 -0.9976 0.0534
vn -0.0092 -0.9981 0.0600
vn -0.0107 -0.9945 0.1040
vn -0.0062 -0.9988 0.0484
vn -0.0125 -0.9792 0.2023
vn -0.3503 -0.2308 -0.9078
vn -0.3544 -0.1774 -0.9181
vn -0.1192 -0.1884 -0.9748
vn -0.1176 -0.2445 -0.9625
vn -0.3564 -0.1487 -0.9224
vn -0.1199 -0.1579 -0.9801
vn -0.1153 -0.3120 -0.9430
vn -0.3442 -0.2951 -0.8913
vn -0.1130 -0.3679 -0.9229
vn -0.3381 -0.3486 -0.8742
vn -0.5212 -0.2686 -0.8101
vn -0.5289 -0.2094 -0.8224
vn -0.5133 -0.3182 -0.7971
vn -0.5341 -0.1606 -0.8300
vn -0.5365 -0.1343 -0.8331
vn -0.1880 -0.5246 0.8303
vn -0.2134 -0.6229 0.7526
vn -0.4931 -0.5253 0.6934
vn -0.4409 -0.4556 0.7733
vn -0.2355 -0.7024 0.6717
vn -0.5376 -0.5958 0.5966
vn -0.4143 -0.3603 0.8357
vn -0.1738 -0.4087 0.8959
vn -0.3965 -0.2535 0.8823
vn -0.1656 -0.2867 0.9436
vn -0.0430 -0.4219 0.9056
vn -0.0469 -0.5460 0.8364
vn -0.0409 -0.2957 0.9544
vn -0.0544 -0.6509 0.7572
vn -0.0609 -0.7269 0.6840
vn -0.3160 -0.4770 -0.8201
vn -0.3272 -0.4226 -0.8452
vn -0.1090 -0.4446 -0.8891
vn -0.1048 -0.5006 -0.8593
vn -0.3296 -0.4107 -0.8501
vn -0.1098 -0.4324 -0.8950
vn -0.0922 -0.6408 -0.7622
vn -0.2811 -0.6166 -0.7353
vn -0.4381 -0.5755 -0.6905
vn -0.4848 -0.4386 -0.7566
vn -0.4992 -0.3873 -0.7751
vn -0.5022 -0.3762 -0.7786
vn -0.3586 -0.0855 -0.9295
vn -0.1208 -0.0908 -0.9885
vn -0.1203 -0.1324 -0.9839
vn -0.3574 -0.1245 -0.9256
vn -0.5378 -0.1125 -0.8355
vn -0.5394 -0.0772 -0.8385
vn -0.5406 -0.0296 -0.8408
vn -0.3595 -0.0328 -0.9326
vn -0.1211 -0.0349 -0.9920
vn -0.3405 0.3023 -0.8903
vn -0.1140 0.3197 -0.9406
vn -0.1187 0.2036 -0.9718
vn -0.3533 0.1917 -0.9156
vn -0.5327 0.1732 -0.8284
vn -0.5173 0.2741 -0.8107
vn -0.4140 0.6352 -0.6521
vn -0.2674 0.6639 -0.6984
vn -0.1266 0.9751 -0.1822
vn -0.0822 0.9781 -0.1908
vn -0.0880 0.6825 -0.7255
vn -0.0257 0.9812 -0.1913
vn 0.0984 0.9487 0.3005
vn 0.0748 0.9551 0.2864
vn 0.0229 0.9595 0.2806
vn 0.0306 0.9544 0.2969
vn 0.0262 0.9725 0.2315
vn 0.0074 0.9746 0.2237
vn 0.0217 0.9798 0.1985
vn 0.0691 0.9773 0.2000
vn 0.1194 0.9709 0.2073
vn 0.1678 0.9356 0.3106
vn 0.1303 0.9445 0.3014
vn 0.0510 0.9666 0.2512
vn -0.0056 1.0000 -0.0027
vn -0.0009 0.9985 -0.0538
vn -0.0003 0.9985 -0.0536
vn -0.0017 1.0000 -0.0018
vn -0.0056 0.9973 0.0726
vn -0.0176 0.9973 0.0704
vn -0.0127 0.9864 0.1636
vn -0.0402 0.9863 0.1598
vn -0.0290 0.9975 0.0646
vn -0.0092 0.9999 -0.0053
vn -0.0664 0.9865 0.1498
vn -0.0015 0.9985 -0.0545
vn -0.1066 0.9572 0.2691
vn -0.0726 0.9695 0.2338
vn -0.0229 0.9707 0.2389
vn -0.0338 0.9610 0.2744
vn -0.0417 0.9606 0.2747
vn -0.1312 0.9537 0.2706
vn -0.0438 0.9698 0.2398
vn -0.1374 0.9612 0.2390
vn -0.2140 0.9412 0.2615
vn -0.1748 0.9507 0.2563
vn -0.2229 0.9452 0.2385
vn -0.1196 0.9679 0.2208
vn -0.1552 -0.9421 -0.2971
vn 0.0401 -0.9499 -0.3101
vn -0.0145 -0.8903 -0.4551
vn -0.4462 -0.8296 -0.3357
vn -0.5489 -0.8128 -0.1951
vn -0.2459 -0.9461 -0.2104
vn -0.5631 -0.8254 -0.0386
vn -0.2614 -0.9642 -0.0445
vn -0.0627 -0.9761 -0.2081
vn -0.0400 -0.9635 -0.2646
vn -0.0665 -0.9967 -0.0461
vn 0.0106 -0.9666 -0.2561
vn -0.2491 -0.8802 0.4040
vn -0.2565 -0.9487 0.1848
vn -0.5587 -0.8157 0.1496
vn -0.5527 -0.7616 0.3383
vn -0.5510 -0.6796 0.4844
vn -0.2443 -0.7860 0.5679
vn -0.0630 -0.8070 0.5871
vn -0.0635 -0.9051 0.4203
vn -0.0651 -0.9789 0.1937
vn -0.8394 -0.2030 0.5042
vn -0.8604 -0.1898 0.4729
vn -0.8502 -0.2432 0.4668
vn -0.8293 -0.2584 0.4953
vn -0.8420 -0.2982 0.4494
vn -0.8219 -0.3136 0.4755
vn -0.8177 -0.2662 0.5103
vn -0.8276 -0.2099 0.5205
vn -0.8107 -0.3208 0.4897
vn -0.8366 -0.1497 0.5269
vn -0.8484 -0.1446 0.5091
vn -0.8695 -0.1345 0.4751
vn -0.0508 0.9985 0.0202
vn -0.0473 0.9987 0.0165
vn -0.1221 0.9923 0.0178
vn -0.1309 0.9911 0.0222
vn -0.0451 0.9989 0.0114
vn -0.1166 0.9931 0.0122
vn -0.1439 0.9893 0.0255
vn -0.0559 0.9982 0.0225
vn -0.1621 0.9864 0.0276
vn -0.0632 0.9977 0.0234
vn -0.0136 0.9997 0.0213
vn -0.0124 0.9997 0.0194
vn -0.0154 0.9996 0.0217
vn -0.0115 0.9998 0.0160
vn -0.0110 0.9998 0.0111
vn -0.0009 -0.8513 -0.5247
vn -0.0004 -0.9119 -0.4105
vn -0.0006 -0.8513 -0.5247
vn -0.0002 -0.9609 -0.2768
vn -0.0009 -0.7908 -0.6120
vn -0.0013 -0.7909 -0.6120
vn -0.0010 -0.7394 -0.6732
vn -0.0014 -0.7909 -0.6120
vn -0.0010 -0.8513 -0.5247
vn -0.0017 -0.7394 -0.6732
vn 0.0091 0.1495 -0.9887
vn 0.0025 0.3187 -0.9478
vn 0.0015 0.3179 -0.9481
vn 0.0055 0.1471 -0.9891
vn 0.0072 -0.0634 -0.9980
vn 0.0105 -0.0609 -0.9981
vn 0.0043 -0.1841 -0.9829
vn 0.0018 -0.1832 -0.9831
vn 0.0108 -0.0573 -0.9983
vn 0.0107 0.1538 -0.9880
vn -0.0034 -0.1827 -0.9832
vn 0.0031 0.3203 -0.9473
vn -0.3329 -0.4133 -0.8475
vn -0.1220 -0.2932 -0.9482
vn -0.0575 -0.2974 -0.9530
vn -0.2015 -0.4444 -0.8728
vn -0.0687 -0.2619 -0.9626
vn -0.0238 -0.2622 -0.9647
vn -0.4733 -0.7481 -0.4650
vn -0.6857 -0.5838 -0.4348
vn -0.7613 -0.5137 -0.3956
vn -0.4039 -0.3975 -0.8239
vn -0.1724 -0.2909 -0.9411
vn -0.1111 -0.2622 -0.9586
vn -0.0014 -0.5962 -0.8028
vn -0.0016 -0.6833 -0.7301
vn -0.0010 -0.6833 -0.7301
vn -0.0009 -0.5962 -0.8028
vn -0.0006 -0.4537 -0.8911
vn -0.0010 -0.4537 -0.8911
vn -0.0003 -0.2179 -0.9760
vn -0.0006 -0.2179 -0.9760
vn -0.0011 -0.4537 -0.8911
vn -0.0015 -0.5962 -0.8028
vn -0.0007 -0.2178 -0.9760
vn -0.0017 -0.6833 -0.7301
vn -0.0866 0.9952 -0.0445
vn -0.0735 0.9973 0.0044
vn -0.1866 0.9824 0.0101
vn -0.2154 0.9758 -0.0374
vn -0.2423 0.9653 -0.0973
vn -0.0984 0.9896 -0.1050
vn -0.2579 0.9537 -0.1545
vn -0.1010 0.9816 -0.1618
vn -0.0264 0.9938 -0.1080
vn -0.0231 0.9986 -0.0478
vn -0.0213 0.9863 -0.1634
vn -0.0184 0.9998 0.0019
vn -0.0431 0.9990 -0.0085
vn -0.0426 0.9988 -0.0236
vn -0.1100 0.9936 -0.0233
vn -0.1113 0.9937 -0.0082
vn -0.0421 0.9983 -0.0407
vn -0.1088 0.9932 -0.0403
vn -0.1132 0.9935 0.0039
vn -0.0438 0.9990 0.0034
vn -0.0107 0.9999 0.0032
vn -0.0105 0.9999 -0.0086
vn -0.0104 0.9997 -0.0237
vn -0.0103 0.9991 -0.0409
vn -0.8508 0.1315 0.5088
vn -0.8744 0.1241 0.4690
vn -0.8774 0.0829 0.4724
vn -0.8549 0.0896 0.5110
vn -0.8421 0.0935 0.5311
vn -0.8373 0.1378 0.5291
vn -0.8082 0.2936 0.5105
vn -0.8255 0.2821 0.4888
vn -0.6940 0.5791 0.4277
vn -0.7219 0.5625 0.4029
vn -0.8529 0.2688 0.4476
vn -0.7685 0.5248 0.3660
vn -0.1347 0.9884 -0.0705
vn -0.0193 0.9832 -0.1813
vn -0.1953 0.9619 -0.1915
vn -0.3023 0.9499 -0.0799
vn -0.0147 0.9761 -0.2169
vn -0.1950 0.9554 -0.2217
vn -0.5532 0.8184 0.1556
vn -0.4459 0.8772 0.1778
vn -0.3936 0.8965 0.2032
vn -0.0621 0.9968 -0.0507
vn 0.0602 0.9843 -0.1658
vn 0.0725 0.9756 -0.2070
vn -0.8736 -0.3540 0.3338
vn -0.8705 -0.3552 0.3406
vn -0.8820 -0.3433 0.3227
vn -0.8846 -0.3412 0.3179
vn -0.8655 -0.3657 0.3423
vn -0.8782 -0.3545 0.3209
vn -0.8936 -0.3522 0.2781
vn -0.8836 -0.3681 0.2894
vn -0.8784 -0.3806 0.2892
vn -0.8672 -0.3622 0.3418
vn -0.8630 -0.3614 0.3529
vn -0.8570 -0.3705 0.3581
vn -0.0405 0.9968 -0.0681
vn -0.1047 0.9922 -0.0674
vn -0.1070 0.9927 -0.0557
vn -0.0414 0.9975 -0.0563
vn -0.0101 0.9984 -0.0565
vn -0.0099 0.9976 -0.0683
vn -0.0096 0.9969 -0.0782
vn -0.0395 0.9962 -0.0779
vn -0.1021 0.9918 -0.0771
vn -0.8361 -0.3764 0.3991
vn -0.8234 -0.3569 0.4413
vn -0.8419 -0.3428 0.4166
vn -0.8524 -0.3643 0.3749
vn -0.8787 -0.3058 0.3665
vn -0.8846 -0.3291 0.3304
vn -0.8675 -0.3658 0.3369
vn -0.8532 -0.3768 0.3606
vn -0.8948 -0.3332 0.2971
vn -0.8440 -0.3808 0.3776
vn -0.8263 -0.3806 0.4151
vn -0.8376 -0.3825 0.3900
vn -0.8205 -0.3817 0.4256
vn -0.8129 -0.3624 0.4559
vn -0.8076 -0.3638 0.4640
vn -0.0001 0.2211 -0.9752
vn -0.0002 0.0407 -0.9991
vn -0.0001 0.0407 -0.9991
vn -0.0003 0.0407 -0.9991
vn -0.4114 0.2275 -0.8826
vn -0.4569 0.0548 -0.8878
vn -0.1327 0.0432 -0.9902
vn -0.1147 0.2233 -0.9680
vn -0.0956 0.3332 -0.9380
vn -0.3584 0.3360 -0.8710
vn -0.6850 0.3084 -0.6601
vn -0.7400 0.2106 -0.6387
vn -0.9065 0.2314 -0.3530
vn -0.9288 0.1651 -0.3317
vn -0.7829 0.0633 -0.6189
vn -0.9486 0.0734 -0.3077
vn -0.9921 -0.0880 0.0895
vn -0.9936 -0.0720 0.0869
vn -0.9994 0.0239 -0.0261
vn -0.9997 0.0201 -0.0138
vn -0.9965 0.0556 -0.0629
vn -0.9972 0.0589 -0.0461
vn -0.9999 0.0084 0.0013
vn -0.9902 -0.1034 0.0936
vn -0.9984 0.0508 -0.0261
vn -0.9456 -0.2445 0.2148
vn -0.9443 -0.2335 0.2318
vn -0.9451 -0.2103 0.2502
vn -0.7421 -0.4416 0.5041
vn -0.7306 -0.4176 0.5401
vn -0.7933 -0.3736 0.4807
vn -0.8050 -0.3927 0.4445
vn -0.8217 -0.3952 0.4107
vn -0.7600 -0.4480 0.4707
vn -0.5292 -0.5835 0.6160
vn -0.5119 -0.5648 0.6473
vn -0.5025 -0.5276 0.6849
vn -0.9922 0.0960 -0.0786
vn -0.9930 0.0717 -0.0931
vn -0.9868 0.0741 -0.1440
vn -0.9820 0.1219 -0.1442
vn -0.9946 0.0338 -0.0977
vn -0.9911 0.0117 -0.1323
vn -0.9783 0.1529 -0.1399
vn -0.9926 0.1056 -0.0605
vn -0.9754 0.1628 -0.1482
vn -0.9937 0.0995 -0.0504
vn -0.9969 0.0714 -0.0318
vn -0.9957 0.0746 -0.0541
vn -0.9982 0.0572 -0.0150
vn -0.9952 0.0642 -0.0729
vn -0.9958 0.0407 -0.0814
vn -0.0699 0.9734 -0.2179
vn -0.0909 0.9755 -0.2000
vn -0.2582 0.9464 -0.1940
vn -0.2453 0.9455 -0.2139
vn -0.5719 0.8039 -0.1627
vn -0.5727 0.7995 -0.1809
vn -0.2216 0.9491 -0.2235
vn -0.0410 0.9736 -0.2243
vn -0.5639 0.8033 -0.1916
vn 0.0498 0.9745 -0.2189
vn 0.0198 0.9763 -0.2153
vn 0.0881 0.9729 -0.2135
vn 0.0568 0.9756 -0.2119
vn -0.0052 0.9798 -0.1997
vn 0.0284 0.9798 -0.1978
vn -0.0318 -0.2442 -0.9692
vn -0.0130 -0.2260 -0.9740
vn -0.0010 -0.2261 -0.9741
vn -0.0081 -0.2440 -0.9697
vn -0.0161 -0.2544 -0.9669
vn -0.0515 -0.2545 -0.9657
vn -0.0867 -0.2558 -0.9628
vn -0.0567 -0.2457 -0.9677
vn -0.1162 -0.2593 -0.9588
vn -0.0783 -0.2496 -0.9652
vn -0.0272 -0.2271 -0.9735
vn -0.0400 -0.2303 -0.9723
vn -1.0000 -0.0059 -0.0011
vn -0.9999 -0.0080 -0.0010
vn -0.9998 -0.0173 -0.0045
vn -0.9999 -0.0125 -0.0049
vn -0.9994 -0.0312 -0.0132
vn -0.9997 -0.0216 -0.0138
vn -0.9999 -0.0077 -0.0054
vn -1.0000 -0.0038 -0.0014
vn -0.9998 -0.0122 -0.0147
vn -1.0000 -0.0010 -0.0001
vn -1.0000 -0.0016 -0.0001
vn -1.0000 -0.0021 -0.0000
vn -0.9981 -0.0237 -0.0563
vn -0.9970 -0.0506 -0.0589
vn -0.9940 -0.0386 -0.1021
vn -0.9964 -0.0038 -0.0843
vn -0.9972 0.0139 -0.0733
vn -0.9986 -0.0043 -0.0526
vn -0.9994 -0.0127 -0.0309
vn -0.9991 -0.0276 -0.0306
vn -0.9985 -0.0447 -0.0301
vn -0.9777 -0.0040 -0.2100
vn -0.9945 0.0711 -0.0768
vn -0.9702 0.1408 -0.1973
vn -0.9317 0.0533 -0.3592
vn -0.7711 -0.1041 -0.6281
vn -0.8538 -0.1379 -0.5019
vn -0.4945 -0.2166 -0.8417
vn -0.5872 -0.2412 -0.7726
vn -0.8993 -0.1509 -0.4104
vn -0.9895 -0.0374 -0.1395
vn -0.6637 -0.2469 -0.7060
vn -0.9991 0.0273 -0.0301
vn -0.2007 -0.2654 -0.9430
vn -0.1458 -0.2425 -0.9591
vn -0.0710 -0.2361 -0.9691
vn -0.1179 -0.2566 -0.9593
vn -0.1640 -0.2657 -0.9500
vn -0.2573 -0.2737 -0.9268
vn -0.4156 -0.2767 -0.8664
vn -0.3451 -0.2691 -0.8991
vn -0.2757 -0.2438 -0.9298
vn 0.0751 0.9754 -0.2070
vn 0.0428 0.9799 -0.1947
vn 0.0378 0.9798 -0.1961
vn 0.0698 0.9754 -0.2091
vn 0.1027 0.9724 -0.2094
vn 0.1063 0.9726 -0.2067
vn 0.0771 0.9756 -0.2055
vn 0.0559 0.9769 -0.2061
vn 0.0330 0.9804 -0.1940
vn -0.9923 0.1205 -0.0264
vn -0.9918 0.1253 -0.0236
vn -0.9998 0.0197 -0.0034
vn -0.9998 0.0189 -0.0040
vn -0.9998 0.0183 -0.0042
vn -0.9926 0.1177 -0.0278
vn -0.8950 0.4337 -0.1034
vn -0.8944 0.4364 -0.0976
vn -0.8908 0.4458 -0.0877
vn -0.3315 -0.3980 -0.8554
vn -0.3339 -0.3810 -0.8622
vn -0.1114 -0.4016 -0.9090
vn -0.1105 -0.4192 -0.9011
vn -0.1100 -0.4289 -0.8966
vn -0.3301 -0.4074 -0.8515
vn -0.5028 -0.3731 -0.7797
vn -0.5046 -0.3643 -0.7827
vn -0.6009 -0.3450 -0.7210
vn -0.6028 -0.3367 -0.7233
vn -0.5078 -0.3483 -0.7879
vn -0.6061 -0.3217 -0.7274
vn -0.1474 -0.1401 0.9791
vn -0.1564 -0.1936 0.9685
vn -0.3764 -0.1716 0.9104
vn -0.3570 -0.1245 0.9257
vn -0.7049 -0.1175 0.6995
vn -0.6838 -0.0864 0.7245
vn -0.3410 -0.0974 0.9350
vn -0.1400 -0.1094 0.9841
vn -0.6656 -0.0682 0.7432
vn -0.0345 -0.1131 0.9930
vn -0.0364 -0.1447 0.9888
vn -0.0387 -0.1999 0.9790
vn -0.9868 -0.0101 0.1617
vn -0.9886 -0.0141 0.1498
vn -0.9994 -0.0019 0.0350
vn -0.9993 -0.0011 0.0381
vn -0.9991 -0.0007 0.0412
vn -0.9850 -0.0077 0.1726
vn -0.9082 -0.0301 0.4175
vn -0.9167 -0.0378 0.3978
vn -0.9259 -0.0508 0.3744
vn -0.6798 -0.3082 -0.6655
vn -0.6848 -0.2935 -0.6670
vn -0.6562 -0.3050 -0.6902
vn -0.6525 -0.3196 -0.6871
vn -0.6501 -0.3278 -0.6855
vn -0.6760 -0.3168 -0.6653
vn -0.6996 -0.3044 -0.6464
vn -0.7059 -0.2950 -0.6439
vn -0.7369 -0.2830 -0.6139
vn -0.7484 -0.2714 -0.6051
vn -0.7133 -0.2797 -0.6426
vn -0.7603 -0.2547 -0.5975
vn -0.9382 -0.1324 -0.3197
vn -0.9485 -0.1162 -0.2945
vn -0.8466 -0.2029 -0.4920
vn -0.8303 -0.2216 -0.5112
vn -0.9560 -0.0989 -0.2763
vn -0.8602 -0.1784 -0.4776
vn -0.8123 -0.2372 -0.5328
vn -0.9248 -0.1486 -0.3501
vn -0.7949 -0.2485 -0.5535
vn -0.9097 -0.1632 -0.3819
vn -0.9926 -0.0455 -0.1126
vn -0.9945 -0.0383 -0.0971
vn -0.9901 -0.0529 -0.1301
vn -0.9958 -0.0320 -0.0852
vn -0.9966 -0.0264 -0.0772
vn -0.0809 0.9799 0.1819
vn -0.1194 0.9724 0.2004
vn -0.0382 0.9796 0.1972
vn -0.0261 0.9841 0.1757
vn -0.0104 0.9837 0.1794
vn -0.0306 0.9818 0.1874
vn -0.0433 0.9770 0.2087
vn -0.1281 0.9715 0.1992
vn -0.0354 0.9669 0.2525
vn -0.1506 0.9601 0.2355
vn -0.1926 0.9585 0.2101
vn -0.2387 0.9430 0.2320
vn -0.0268 -0.9977 0.0613
vn -0.0361 -0.9977 0.0578
vn -0.1132 -0.9913 0.0675
vn -0.1013 -0.9920 0.0751
vn -0.0878 -0.9928 0.0809
vn -0.0166 -0.9978 0.0637
vn 0.0143 -0.9985 0.0520
vn 0.0067 -0.9987 0.0513
vn 0.0206 -0.9987 0.0450
vn 0.0149 -0.9989 0.0450
vn -0.0005 -0.9987 0.0501
vn 0.0094 -0.9989 0.0450
vn -0.9375 0.2854 0.1989
vn -0.9464 0.2886 0.1448
vn -0.7016 0.6350 0.3233
vn -0.6251 0.6412 0.4451
vn -0.4183 0.8187 0.3934
vn -0.2668 0.8142 0.5157
vn -0.5191 0.6526 0.5519
vn -0.9247 0.2882 0.2486
vn -0.0753 0.7955 0.6012
vn -0.9980 0.0480 0.0404
vn -0.9981 0.0510 0.0343
vn -0.9982 0.0544 0.0261
vn 0.0063 -0.9991 0.0401
vn 0.0040 -0.9991 0.0408
vn 0.0068 -0.9991 0.0422
vn 0.0107 -0.9991 0.0417
vn 0.0147 -0.9990 0.0414
vn 0.0086 -0.9991 0.0397
vn 0.0027 -0.9992 0.0391
vn 0.0019 -0.9992 0.0396
vn 0.0012 -0.9992 0.0403
vn -0.8633 -0.3341 -0.3782
vn -0.8947 -0.1984 -0.4002
vn -0.7801 -0.2667 -0.5659
vn -0.7609 -0.3317 -0.5576
vn -0.6918 -0.5073 -0.5139
vn -0.7054 -0.6404 -0.3038
vn -0.6986 -0.7146 -0.0363
vn -0.9426 -0.3194 -0.0975
vn -0.9854 -0.1035 -0.1347
vn -0.9646 -0.0599 -0.2567
vn -0.9669 -0.0455 -0.2512
vn -0.8842 -0.0853 -0.4591
vn -0.8791 -0.1118 -0.4632
vn -0.8711 -0.1461 -0.4688
vn -0.9611 -0.0793 -0.2644
vn -0.9972 -0.0207 -0.0721
vn -0.9975 -0.0154 -0.0687
vn -0.9977 -0.0117 -0.0664
vn -0.1498 0.9148 0.3750
vn -0.2813 0.9054 0.3180
vn -0.2631 0.9264 0.2692
vn -0.1532 0.9429 0.2957
vn -0.0114 0.9457 0.3248
vn 0.0154 0.9075 0.4196
vn 0.0218 0.8539 0.5199
vn -0.1640 0.8736 0.4581
vn -0.3151 0.8751 0.3673
vn -1.0000 -0.0001 -0.0001
vn -1.0000 -0.0000 -0.0002
vn -0.9969 -0.0097 0.0771
vn -0.9970 -0.0106 0.0768
vn -0.9749 -0.0285 0.2210
vn -0.9750 -0.0312 0.2200
vn -0.9969 -0.0081 0.0776
vn -0.9747 -0.0239 0.2223
vn -0.9970 -0.0103 0.0767
vn -0.9970 -0.0081 0.0770
vn -1.0000 -0.0000 0.0003
vn -0.9751 -0.0299 0.2198
vn -0.9751 -0.0232 0.2205
vn -0.9970 0.0096 -0.0764
vn -0.9970 0.0096 -0.0770
vn -0.9970 0.0082 -0.0761
vn -0.9969 0.0089 -0.0776
vn -0.9969 0.0076 -0.0782
vn -0.9988 0.0485 -0.0013
vn -0.9999 0.0103 0.0000
vn -0.9970 0.0055 0.0774
vn -0.9956 0.0496 0.0786
vn -0.9749 0.0005 0.2225
vn -0.9725 0.0659 0.2232
vn -0.9865 0.1427 0.0799
vn -0.9904 0.1382 -0.0054
vn -0.9607 0.1824 0.2092
vn -0.9840 0.1531 -0.0910
vn -0.9948 0.0606 -0.0815
vn -0.9529 0.2082 -0.2203
vn -0.9694 0.0963 -0.2257
vn -0.9968 0.0181 -0.0773
vn -0.9744 0.0366 -0.2217
vn -0.5227 -0.1224 0.8437
vn -0.1389 -0.1426 0.9800
vn -0.1394 -0.1353 0.9809
vn -0.5235 -0.1162 0.8441
vn -0.1399 -0.1018 0.9849
vn -0.5239 -0.0876 0.8472
vn -0.8590 -0.0696 0.5072
vn -0.8586 -0.0730 0.5073
vn -0.8592 -0.0531 0.5089
vn -0.8581 -0.0668 0.5092
vn -0.5217 -0.1120 0.8457
vn -0.8573 -0.0558 0.5118
vn -0.5204 -0.0932 0.8488
vn -0.1383 -0.1305 0.9817
vn -0.1378 -0.1084 0.9845
vn -0.5441 0.2320 -0.8062
vn -0.2164 0.2358 -0.9474
vn -0.1512 0.1318 -0.9796
vn -0.5252 0.1199 -0.8425
vn -0.0956 0.1920 -0.9767
vn -0.0156 0.1216 -0.9924
vn -0.8569 0.0762 -0.5098
vn -0.8494 0.1671 -0.5006
vn -0.8367 0.3211 -0.4436
vn -0.5964 0.4211 -0.6834
vn -0.3924 0.4188 -0.8189
vn -0.3327 0.3193 -0.8873
vn -0.5488 0.1379 0.8245
vn -0.2105 0.1326 0.9685
vn -0.3898 0.3722 0.8423
vn -0.6113 0.3707 0.6991
vn -0.0868 0.0932 0.9919
vn -0.3225 0.2781 0.9048
vn -0.8539 0.2778 0.4401
vn -0.8571 0.1032 0.5047
vn -0.8582 -0.0062 0.5133
vn -0.5257 -0.0137 0.8505
vn -0.1497 -0.0213 0.9885
vn -0.0133 -0.0311 0.9994
vn 0.3237 -0.0896 0.9419
vn 0.2126 -0.1127 0.9706
vn 0.0528 -0.0939 0.9942
vn 0.0832 -0.0816 0.9932
vn 0.0570 -0.1420 0.9882
vn 0.0119 -0.1146 0.9933
vn 0.0977 -0.0745 0.9924
vn 0.3753 -0.0744 0.9239
vn 0.1007 -0.0721 0.9923
vn 0.3857 -0.0713 0.9199
vn 0.7181 -0.0654 0.6929
vn 0.6741 -0.0923 0.7329
vn 0.9301 -0.0461 0.3644
vn 0.9226 -0.0699 0.3793
vn 0.7262 -0.0618 0.6847
vn 0.9311 -0.0459 0.3618
vn 0.5093 -0.1562 0.8462
vn 0.1942 -0.2349 0.9524
vn 0.8791 -0.1449 0.4540
vn 0.9994 -0.0346 -0.0027
vn 0.9992 -0.0382 -0.0031
vn 0.9904 -0.0420 0.1318
vn 0.9904 -0.0375 0.1334
vn 0.9306 -0.0517 0.3622
vn 0.9296 -0.0480 0.3653
vn 0.9996 -0.0289 -0.0025
vn 0.9906 -0.0345 0.1321
vn 0.9903 -0.0171 0.1379
vn 0.9999 -0.0139 -0.0011
vn 0.9886 0.0295 0.1475
vn 0.9994 0.0349 0.0021
vn 0.9270 -0.0319 0.3737
vn 0.9203 0.0041 0.3912
vn 0.9899 -0.0178 -0.1407
vn 0.9896 -0.0359 -0.1391
vn 0.9251 -0.0336 -0.3781
vn 0.9272 -0.0438 -0.3719
vn 0.9892 0.0279 -0.1441
vn 0.9204 0.0002 -0.3909
vn 0.9897 -0.0370 -0.1382
vn 0.9902 -0.0249 -0.1373
vn 0.9285 -0.0383 -0.3693
vn 0.9296 -0.0199 -0.3680
vn -0.5169 0.0494 -0.8546
vn -0.5178 0.0659 -0.8529
vn -0.1371 0.0763 -0.9876
vn -0.1368 0.0573 -0.9889
vn -0.1365 0.0329 -0.9901
vn -0.5162 0.0281 -0.8560
vn -0.1362 0.0001 -0.9907
vn -0.5152 -0.0005 -0.8571
vn -0.8543 0.0156 -0.5195
vn -0.8548 0.0294 -0.5181
vn -0.9739 0.0044 -0.2267
vn -0.9741 0.0117 -0.2258
vn -0.8535 -0.0029 -0.5210
vn -0.9737 -0.0056 -0.2277
vn -0.8554 0.0399 -0.5164
vn -0.9742 0.0172 -0.2249
vn -1.0000 -0.0007 -0.0002
vn -0.9969 0.0057 -0.0786
vn -0.9969 0.0026 -0.0790
vn -0.9968 -0.0017 -0.0795
vn -1.0000 -0.0056 -0.0006
vn -0.9967 -0.0079 -0.0800
vn -0.9999 -0.0101 -0.0009
vn -0.9969 -0.0102 0.0782
vn -0.9969 -0.0081 0.0782
vn -0.9742 -0.0197 0.2246
vn -0.9743 -0.0192 0.2244
vn -0.9969 -0.0135 0.0779
vn -0.9742 -0.0216 0.2245
vn -0.9969 -0.0074 0.0781
vn -0.9744 -0.0203 0.2237
vn 0.9995 -0.0330 -0.0028
vn 0.9974 -0.0720 -0.0058
vn 0.9880 -0.0899 0.1257
vn 0.9906 -0.0448 0.1292
vn 0.9908 -0.0304 0.1317
vn 0.9997 -0.0221 -0.0019
vn 0.9906 -0.0161 -0.1360
vn 0.9903 -0.0269 -0.1362
vn 0.9291 -0.0067 -0.3698
vn 0.9215 -0.0165 -0.3881
vn 0.9876 -0.0685 -0.1411
vn 0.8781 -0.0637 -0.4742
vn 0.3145 -0.2048 0.9269
vn 0.3380 -0.1227 0.9331
vn 0.0850 -0.1659 0.9825
vn 0.0769 -0.2625 0.9619
vn 0.3591 -0.0916 0.9288
vn 0.0916 -0.1167 0.9889
vn 0.0718 -0.4347 0.8977
vn 0.3058 -0.3685 0.8779
vn 0.0764 -0.6811 0.7282
vn 0.3307 -0.6099 0.7201
vn 0.6389 -0.2195 0.7373
vn 0.6498 -0.0937 0.7543
vn 0.8860 -0.0537 0.4604
vn 0.8954 0.0280 0.4443
vn 0.6684 -0.4114 0.6196
vn 0.8776 -0.1721 0.4474
vn 0.6749 -0.0434 0.7366
vn 0.6986 -0.0445 0.7141
vn 0.9084 0.0388 0.4162
vn 0.3816 -0.0768 0.9211
vn 0.3846 -0.0736 0.9201
vn 0.1003 -0.0738 0.9922
vn 0.0992 -0.0799 0.9919
vn 0.0966 -0.0924 0.9910
vn 0.3741 -0.0819 0.9237
vn 0.7146 -0.0585 0.6971
vn 0.7222 -0.0649 0.6887
vn 0.7252 -0.0657 0.6854
vn -0.9995 -0.0317 -0.0024
vn -0.9998 -0.0179 -0.0015
vn -0.9966 -0.0174 -0.0807
vn -0.9961 -0.0326 -0.0823
vn -0.9733 -0.0193 -0.2286
vn -0.9721 -0.0381 -0.2312
vn -0.9947 -0.0567 -0.0855
vn -0.9985 -0.0546 -0.0039
vn -0.9911 -0.0970 -0.0911
vn -0.9955 -0.0941 -0.0061
vn -0.9693 -0.0656 -0.2370
vn -0.9626 -0.1095 -0.2479
vn -0.9954 -0.0565 0.0774
vn -0.9964 -0.0335 0.0773
vn -0.9715 -0.0650 0.2281
vn -0.9734 -0.0407 0.2252
vn -0.9922 -0.0970 0.0786
vn -0.9659 -0.1091 0.2347
vn -0.9968 -0.0203 0.0776
vn -0.9741 -0.0275 0.2245
vn -0.5107 -0.0652 -0.8573
vn -0.5141 -0.0329 -0.8571
vn -0.1359 -0.0356 -0.9901
vn -0.1348 -0.0682 -0.9885
vn -0.1320 -0.1001 -0.9862
vn -0.5023 -0.1009 -0.8587
vn -0.1267 -0.1350 -0.9827
vn -0.4858 -0.1454 -0.8619
vn -0.8426 -0.0847 -0.5318
vn -0.8496 -0.0514 -0.5249
vn -0.8278 -0.1326 -0.5451
vn -0.8526 -0.0254 -0.5220
vn -0.3991 -0.9167 -0.0178
vn -0.1031 -0.9945 -0.0181
vn -0.1002 -0.9148 0.3913
vn -0.3934 -0.8563 0.3346
vn -0.0943 -0.7035 0.7043
vn -0.3840 -0.6897 0.6138
vn -0.7067 -0.6715 0.2227
vn -0.7133 -0.7006 -0.0165
vn -0.8701 -0.4741 0.1343
vn -0.8790 -0.4766 -0.0148
vn -0.6975 -0.5807 0.4198
vn -0.8520 -0.4617 0.2470
vn -0.7081 -0.6587 -0.2542
vn -0.3948 -0.8414 -0.3689
vn -0.6969 -0.5594 -0.4487
vn -0.3837 -0.6632 -0.6426
vn -0.8701 -0.4653 -0.1627
vn -0.8512 -0.4473 -0.2745
vn -0.1006 -0.8991 -0.4259
vn -0.0941 -0.6753 -0.7315
vn -0.9749 -0.2221 -0.0108
vn -0.9886 -0.1498 -0.0086
vn -0.9832 -0.1535 -0.0989
vn -0.9679 -0.2270 -0.1081
vn -0.9491 -0.1706 -0.2647
vn -0.9257 -0.2516 -0.2823
vn -0.9359 -0.3299 -0.1237
vn -0.9452 -0.3262 -0.0131
vn -0.8889 -0.3573 -0.2867
vn -0.9371 -0.3349 0.0979
vn -0.9694 -0.2297 0.0862
vn -0.8919 -0.3688 0.2617
vn -0.9304 -0.2579 0.2603
vn -0.9846 -0.1547 0.0813
vn -0.9536 -0.1730 0.2465
vn -0.4144 -0.3051 -0.8574
vn -0.4549 -0.2079 -0.8659
vn -0.1161 -0.1870 -0.9755
vn -0.1025 -0.2791 -0.9548
vn -0.0931 -0.4395 -0.8934
vn -0.3855 -0.4608 -0.7994
vn -0.7171 -0.4197 -0.5564
vn -0.7594 -0.2925 -0.5811
vn -0.7999 -0.1995 -0.5660
vn 0.9931 0.1170 0.0056
vn 0.9957 0.0921 0.0051
vn 0.9835 0.0824 0.1611
vn 0.9788 0.0990 0.1794
vn 0.9778 0.0398 0.2054
vn 0.9980 0.0630 0.0024
vn 0.9451 -0.1918 0.2643
vn 0.9791 -0.2033 -0.0060
vn 0.9786 0.0395 -0.2020
vn 0.9806 0.0972 -0.1702
vn 0.8857 -0.0511 -0.4614
vn 0.8971 0.0260 -0.4411
vn 0.9435 -0.1860 -0.2742
vn 0.8750 -0.1645 -0.4552
vn 0.9850 0.0806 -0.1523
vn 0.9103 0.0354 -0.4124
vn 0.3108 -0.1966 -0.9299
vn 0.3349 -0.1229 -0.9342
vn 0.6737 -0.0464 -0.7375
vn 0.6477 -0.0916 -0.7564
vn 0.3558 -0.0969 -0.9295
vn 0.6962 -0.0502 -0.7160
vn 0.6347 -0.2085 -0.7440
vn 0.3017 -0.3482 -0.8875
vn 0.6641 -0.3941 -0.6353
vn 0.3280 -0.5849 -0.7418
vn 0.0705 -0.4096 -0.9095
vn 0.0756 -0.2503 -0.9652
vn 0.0757 -0.6532 -0.7534
vn 0.0838 -0.1638 -0.9829
vn 0.0904 -0.1211 -0.9885
vn 0.3822 -0.9239 -0.0177
vn 0.7707 -0.6370 -0.0142
vn 0.7360 -0.5765 0.3547
vn 0.3656 -0.8351 0.4109
vn 0.0858 -0.9081 0.4098
vn 0.0909 -0.9957 -0.0181
vn 0.0859 -0.8919 -0.4439
vn 0.3651 -0.8190 -0.4426
vn 0.7340 -0.5633 -0.3793
vn 0.3781 -0.0652 -0.9234
vn 0.3819 -0.0393 -0.9233
vn 0.7214 -0.0402 -0.6913
vn 0.7178 -0.0566 -0.6940
vn 0.3839 -0.0054 -0.9234
vn 0.7235 -0.0127 -0.6902
vn 0.7104 -0.0611 -0.7011
vn 0.3703 -0.0843 -0.9250
vn 0.0954 -0.0945 -0.9909
vn 0.0982 -0.0673 -0.9929
vn 0.0996 -0.0369 -0.9943
vn 0.1003 -0.0012 -0.9949
vn -0.5150 -0.0763 0.8538
vn -0.5172 -0.0647 0.8534
vn -0.8550 -0.0445 0.5167
vn -0.8532 -0.0578 0.5183
vn -0.5175 -0.0615 0.8535
vn -0.8553 -0.0397 0.5165
vn -0.8479 -0.0837 0.5235
vn -0.5082 -0.0998 0.8554
vn -0.8351 -0.1316 0.5340
vn -0.4931 -0.1435 0.8580
vn -0.1339 -0.0983 0.9861
vn -0.1362 -0.0808 0.9874
vn -0.1290 -0.1316 0.9828
vn -0.1368 -0.0725 0.9879
vn -0.1368 -0.0705 0.9881
vn -0.4225 -0.3208 0.8477
vn -0.4632 -0.2133 0.8601
vn -0.8091 -0.2038 0.5512
vn -0.7685 -0.3044 0.5628
vn -0.7230 -0.4398 0.5328
vn -0.3907 -0.4872 0.7810
vn -0.0947 -0.4664 0.8794
vn -0.1048 -0.2935 0.9502
vn -0.1186 -0.1908 0.9744
vn 0.3265 0.0409 -0.9443
vn 0.2223 0.0514 -0.9736
vn 0.5217 -0.0068 -0.8531
vn 0.6746 0.0106 -0.7381
vn 0.0786 0.0617 -0.9950
vn 0.2443 -0.0257 -0.9693
vn 0.7167 0.0093 -0.6973
vn 0.3748 0.0248 -0.9267
vn 0.0977 0.0318 -0.9947
vn 0.0841 0.0552 -0.9949
vn 0.0552 0.0727 -0.9958
vn 0.0174 0.0871 -0.9960
vn -0.5180 -0.0680 0.8526
vn -0.5189 -0.0768 0.8513
vn -0.8563 -0.0464 0.5144
vn -0.8557 -0.0417 0.5158
vn -0.8554 -0.0397 0.5163
vn -0.5176 -0.0633 0.8532
vn -0.1368 -0.0729 0.9879
vn -0.1370 -0.0786 0.9874
vn -0.1373 -0.0891 0.9865
vn -0.2950 0.0436 0.9545
vn -0.6007 0.0744 0.7960
vn -0.4114 0.2086 0.8872
vn -0.2569 0.1194 0.9590
vn 0.0034 0.2436 0.9698
vn -0.1972 0.1584 0.9674
vn -0.2810 0.1619 0.9460
vn -0.1391 0.0515 0.9889
vn -0.4552 0.2416 0.8570
vn -0.0890 -0.0403 0.9952
vn -0.3124 -0.0383 0.9492
vn -0.0803 -0.1024 0.9915
vn -0.3195 -0.0956 0.9427
vn -0.6412 -0.0197 0.7671
vn -0.6522 -0.0728 0.7545
vn -0.2278 0.1265 -0.9655
vn -0.4851 0.1506 -0.8614
vn -0.5362 0.1007 -0.8380
vn -0.2414 0.1040 -0.9648
vn -0.5473 0.0935 -0.8316
vn -0.2457 0.1072 -0.9634
vn -0.0709 0.1093 -0.9915
vn -0.1267 0.1426 -0.9816
vn -0.0600 0.1099 -0.9921
vn -0.2750 0.1958 -0.9413
vn -0.1994 0.1419 -0.9696
vn -0.4537 0.2210 -0.8633
vn -0.1548 0.1195 -0.9807
vn -0.2595 0.2246 -0.9392
vn 0.1317 0.1802 -0.9748
vn -0.2514 -0.1655 0.9536
vn -0.5858 -0.1809 0.7900
vn -0.6468 -0.1168 0.7536
vn -0.3119 -0.1355 0.9404
vn -0.0786 -0.1373 0.9874
vn -0.0640 -0.1478 0.9869
vn -0.0308 -0.1377 0.9900
vn -0.1142 -0.1686 0.9790
vn -0.2958 -0.2612 0.9188
vn -0.1866 0.0922 -0.9781
vn -0.4764 0.0417 -0.8782
vn -0.1977 -0.0173 -0.9801
vn -0.0716 0.0729 -0.9948
vn -0.0196 0.1004 -0.9947
vn -0.0464 0.1130 -0.9925
vn -0.0580 0.1185 -0.9912
vn -0.2374 0.1104 -0.9651
vn -0.5391 0.0859 -0.8378
vn -0.0366 0.3168 0.9478
vn -0.1164 0.2021 0.9724
vn 0.4498 0.1444 0.8813
vn 0.6295 0.1169 0.7681
vn 0.9165 -0.0582 0.3958
vn 0.9259 -0.0701 0.3712
vn 0.6810 0.2821 0.6757
vn 0.0236 0.5471 0.8367
vn 0.6885 0.5459 0.4774
vn 0.0587 0.8262 0.5602
vn 0.9341 0.0381 0.3548
vn 0.9283 0.2040 0.3108
vn -0.5789 0.5807 0.5724
vn -0.5995 0.4114 0.6865
vn -0.8016 0.5283 0.2796
vn -0.8402 0.4295 0.3311
vn -0.5281 0.7651 0.3683
vn -0.7405 0.6337 0.2237
vn -0.5646 0.3025 0.7679
vn -0.8300 0.3894 0.3993
vn 0.0418 0.9970 -0.0645
vn 0.6681 0.7425 -0.0480
vn 0.6731 0.6786 -0.2938
vn 0.0499 0.9407 -0.3354
vn 0.6885 0.4798 -0.5438
vn 0.0587 0.7471 -0.6621
vn 0.9716 0.2359 -0.0153
vn 0.9586 0.2065 -0.1960
vn 0.9283 0.1623 -0.3345
vn -0.4909 0.8354 -0.2473
vn -0.4799 0.8755 -0.0566
vn -0.7509 0.6339 -0.1850
vn -0.7548 0.6545 -0.0424
vn -0.5281 0.7113 -0.4639
vn -0.7405 0.5996 -0.3035
vn -0.4909 0.8603 0.1375
vn 0.0499 0.9761 0.2113
vn -0.7509 0.6525 0.1017
vn 0.6731 0.7108 0.2039
vn 0.9586 0.2300 0.1677
vn -0.9130 0.4070 -0.0257
vn -0.9111 0.4113 -0.0250
vn -0.9037 0.4107 0.1205
vn -0.9026 0.4169 0.1071
vn -0.8632 0.4950 0.0988
vn -0.8758 0.4816 -0.0310
vn -0.8629 0.4789 -0.1614
vn -0.9016 0.4026 -0.1582
vn -0.8008 0.4902 -0.3441
vn -0.8383 0.3919 -0.3789
vn -0.9019 0.3981 -0.1673
vn -0.8283 0.3568 -0.4320
vn 0.9774 -0.2109 0.0133
vn 0.9654 -0.2601 0.0161
vn 0.9709 -0.2265 -0.0770
vn 0.9750 -0.1922 -0.1116
vn 0.9226 -0.1134 -0.3685
vn 0.9269 -0.1184 -0.3562
vn 0.9865 -0.0830 -0.1412
vn 0.9956 -0.0932 0.0060
vn 0.9343 -0.0081 -0.3562
vn 0.9865 -0.0638 0.1506
vn 0.9752 -0.1751 0.1350
vn 0.9715 -0.2128 0.1043
vn -0.0259 0.2089 -0.9776
vn -0.0905 0.1156 -0.9891
vn -0.5634 0.2434 -0.7895
vn -0.5976 0.3370 -0.7274
vn -0.5781 0.5067 -0.6395
vn 0.0257 0.4393 -0.8979
vn 0.6827 0.1941 -0.7044
vn 0.6392 0.0221 -0.7687
vn 0.5004 0.0385 -0.8649
vn 0.9999 0.0086 0.0011
vn 0.9439 -0.0849 -0.3189
vn 0.9363 -0.0991 -0.3369
vn 1.0000 0.0073 -0.0005
vn 0.9286 -0.1104 -0.3542
vn 1.0000 0.0032 -0.0016
vn 0.7240 -0.1437 -0.6746
vn 0.7025 -0.1700 -0.6911
vn 0.6811 -0.2004 -0.7042
vn 0.9309 0.1678 0.3243
vn 0.9379 0.1602 0.3077
vn 0.6808 0.3750 0.6292
vn 0.7019 0.3674 0.6101
vn 0.9267 0.1481 0.3454
vn 0.6707 0.3172 0.6705
vn 0.9442 0.1168 0.3081
vn 1.0000 0.0060 0.0041
vn 0.9444 0.0392 0.3263
vn 0.9999 -0.0011 0.0082
vn 0.7243 0.2673 0.6355
vn 0.7273 0.0784 0.6817
vn 0.9490 -0.0698 -0.3073
vn 0.7382 -0.1280 -0.6623
vn 0.9501 -0.0548 -0.3071
vn 0.7398 -0.1305 -0.6600
vn 0.0000 0.9998 -0.0162
vn 0.5360 0.8440 -0.0156
vn 0.4812 0.7503 -0.4533
vn 0.0000 0.8699 -0.4932
vn 0.4149 0.5250 -0.7431
vn 0.0000 0.5901 -0.8073
vn 0.8581 0.5134 -0.0124
vn 0.7841 0.4865 -0.3853
vn 0.6669 0.4143 -0.6193
vn -0.4812 0.7503 -0.4533
vn -0.5360 0.8440 -0.0156
vn -0.7841 0.4865 -0.3853
vn -0.8581 0.5134 -0.0124
vn -0.4149 0.5250 -0.7431
vn -0.6669 0.4143 -0.6193
vn -0.5236 0.7133 0.4658
vn 0.0000 0.8533 0.5213
vn -0.4583 0.3825 0.8022
vn 0.0000 0.4560 0.8900
vn -0.8215 0.4214 0.3840
vn -0.7097 0.2785 0.6471
vn 0.5236 0.7133 0.4658
vn 0.8215 0.4214 0.3840
vn 0.4583 0.3825 0.8022
vn 0.7097 0.2785 0.6471
vn 0.9974 0.0721 -0.0024
vn 1.0000 -0.0023 -0.0012
vn 0.9369 0.0218 -0.3490
vn 0.9332 0.1051 -0.3435
vn 0.7038 0.0378 -0.7094
vn 0.7096 0.1288 -0.6927
vn 0.9994 -0.0341 -0.0018
vn 0.9336 -0.0195 -0.3578
vn 0.6943 -0.0099 -0.7196
vn 0.9026 0.2512 -0.3496
vn 0.9743 0.2249 -0.0068
vn 0.6989 0.2692 -0.6626
vn 0.9218 0.1729 0.3471
vn 0.9392 0.0328 0.3418
vn 0.7238 0.1172 0.6800
vn 0.7179 -0.0158 0.6959
vn 0.9373 -0.0364 0.3465
vn 0.9337 -0.0559 0.3536
vn 0.7042 -0.0804 0.7054
vn 0.6947 -0.0835 0.7144
vn 0.0000 -0.0739 0.9973
vn 0.0000 -0.1236 0.9923
vn 0.3431 -0.1133 0.9324
vn 0.3633 -0.0580 0.9299
vn 0.0000 -0.1072 0.9942
vn 0.3341 -0.1020 0.9370
vn 0.3981 0.0887 0.9131
vn 0.0000 0.0874 0.9962
vn -0.3981 0.0887 0.9131
vn -0.3633 -0.0580 0.9299
vn -0.7238 0.1172 0.6800
vn -0.7179 -0.0158 0.6959
vn -0.3431 -0.1133 0.9324
vn -0.3341 -0.1020 0.9370
vn -0.7042 -0.0804 0.7054
vn -0.6947 -0.0835 0.7144
vn -0.9974 0.0721 -0.0024
vn -1.0000 -0.0023 -0.0012
vn -0.9373 -0.0364 0.3465
vn -0.9392 0.0328 0.3418
vn -0.9994 -0.0341 -0.0018
vn -0.9337 -0.0559 0.3536
vn -0.9218 0.1729 0.3471
vn -0.9743 0.2249 -0.0068
vn -0.9026 0.2512 -0.3496
vn -0.9332 0.1051 -0.3435
vn -0.6989 0.2692 -0.6626
vn -0.7096 0.1288 -0.6927
vn -0.9369 0.0218 -0.3490
vn -0.9336 -0.0195 -0.3578
vn -0.7038 0.0378 -0.7094
vn -0.6943 -0.0099 -0.7196
vn 0.0000 -0.2626 -0.9649
vn 0.0000 -0.2132 -0.9770
vn 0.3199 -0.1988 -0.9263
vn 0.3130 -0.2479 -0.9168
vn 0.6776 -0.1448 -0.7210
vn 0.6692 -0.1892 -0.7185
vn 0.0000 -0.1415 -0.9899
vn 0.3280 -0.1296 -0.9357
vn 0.6868 -0.0865 -0.7216
vn 0.3126 -0.2677 -0.9113
vn 0.0000 -0.2807 -0.9598
vn 0.3233 -0.2441 -0.9142
vn 0.0000 -0.2522 -0.9677
vn 0.6684 -0.2117 -0.7131
vn -0.3126 -0.2677 -0.9113
vn -0.3130 -0.2479 -0.9168
vn -0.6684 -0.2117 -0.7131
vn -0.6692 -0.1892 -0.7185
vn -0.3233 -0.2441 -0.9142
vn -0.6811 -0.2004 -0.7042
vn -0.3199 -0.1988 -0.9263
vn -0.3280 -0.1296 -0.9357
vn -0.6776 -0.1448 -0.7210
vn -0.6868 -0.0865 -0.7216
vn 0.0000 0.1361 -0.9907
vn 0.0000 0.3077 -0.9515
vn 0.3758 0.2924 -0.8794
vn 0.3568 0.1364 -0.9241
vn 0.3434 0.0435 -0.9382
vn 0.0000 0.0437 -0.9990
vn 0.3345 -0.0052 -0.9424
vn 0.0000 -0.0044 -1.0000
vn -0.3434 0.0435 -0.9382
vn -0.3568 0.1364 -0.9241
vn -0.3345 -0.0052 -0.9424
vn -0.3758 0.2924 -0.8794
vn 0.0000 -0.0625 -0.9980
vn 0.0000 -0.0355 -0.9994
vn 0.3301 -0.0367 -0.9432
vn 0.3306 -0.0636 -0.9416
vn 0.6889 -0.0403 -0.7237
vn 0.6891 -0.0649 -0.7217
vn 0.3349 -0.0852 -0.9384
vn 0.0000 -0.0848 -0.9964
vn 0.3416 -0.1010 -0.9344
vn 0.0000 -0.1020 -0.9948
vn 0.6939 -0.0827 -0.7153
vn 0.7014 -0.0930 -0.7067
vn -0.3349 -0.0852 -0.9384
vn -0.3306 -0.0636 -0.9416
vn -0.6939 -0.0827 -0.7153
vn -0.6891 -0.0649 -0.7217
vn -0.3416 -0.1010 -0.9344
vn -0.7014 -0.0930 -0.7067
vn -0.3301 -0.0367 -0.9432
vn -0.6889 -0.0403 -0.7237
vn 0.0000 -0.0971 -0.9953
vn 0.0000 -0.1081 -0.9941
vn 0.3494 -0.1056 -0.9310
vn 0.3568 -0.0938 -0.9294
vn 0.7105 -0.0927 -0.6975
vn 0.7190 -0.0794 -0.6904
vn 0.3619 -0.0657 -0.9299
vn 0.0000 -0.0688 -0.9976
vn 0.3629 -0.0210 -0.9315
vn 0.0000 -0.0230 -0.9997
vn 0.7251 -0.0534 -0.6866
vn 0.7266 -0.0147 -0.6869
vn -0.3619 -0.0657 -0.9299
vn -0.3568 -0.0938 -0.9294
vn -0.7251 -0.0534 -0.6866
vn -0.7190 -0.0794 -0.6904
vn -0.3629 -0.0210 -0.9315
vn -0.7266 -0.0147 -0.6869
vn -0.3494 -0.1056 -0.9310
vn -0.7105 -0.0927 -0.6975
vn 0.0000 0.0589 -0.9983
vn 0.0000 0.0249 -0.9997
vn 0.3580 0.0254 -0.9333
vn 0.3489 0.0586 -0.9353
vn 0.7211 0.0249 -0.6923
vn 0.7109 0.0537 -0.7012
vn 0.3377 0.0785 -0.9379
vn 0.0000 0.0792 -0.9969
vn 0.3301 0.0851 -0.9401
vn 0.0000 0.0858 -0.9963
vn 0.6981 0.0714 -0.7124
vn 0.6864 0.0776 -0.7230
vn -0.3377 0.0785 -0.9379
vn -0.3489 0.0586 -0.9353
vn -0.6981 0.0714 -0.7124
vn -0.7109 0.0537 -0.7012
vn -0.3301 0.0851 -0.9401
vn -0.6864 0.0776 -0.7230
vn -0.3580 0.0254 -0.9333
vn -0.7211 0.0249 -0.6923
vn 0.0000 -0.0357 -0.9994
vn 0.0000 -0.0139 -0.9999
vn 0.3372 -0.0079 -0.9414
vn 0.3363 -0.0286 -0.9413
vn 0.6975 0.0129 -0.7165
vn 0.6965 -0.0038 -0.7175
vn 0.0000 -0.0070 -1.0000
vn 0.3340 -0.0015 -0.9426
vn 0.6917 0.0177 -0.7219
vn 0.3337 -0.0669 -0.9403
vn 0.0000 -0.0759 -0.9971
vn 0.6936 -0.0349 -0.7195
vn -0.3337 -0.0669 -0.9403
vn -0.3363 -0.0286 -0.9413
vn -0.6936 -0.0349 -0.7195
vn -0.6965 -0.0038 -0.7175
vn -0.3372 -0.0079 -0.9414
vn -0.3340 -0.0015 -0.9426
vn -0.6975 0.0129 -0.7165
vn -0.6917 0.0177 -0.7219
vn -0.9999 0.0121 -0.0031
vn -1.0000 0.0035 -0.0023
vn -0.9246 0.1251 0.3597
vn -0.9253 0.1109 0.3627
vn -0.6673 0.2490 0.7020
vn -0.6707 0.2035 0.7132
vn -1.0000 0.0032 -0.0016
vn -0.9267 0.1481 0.3454
vn -0.6707 0.3172 0.6705
vn -0.9274 0.1029 0.3596
vn -0.9997 0.0256 -0.0033
vn -0.9295 0.1000 0.3550
vn -0.9991 0.0422 -0.0033
vn -0.6779 0.1731 0.7144
vn -0.6853 0.1532 0.7119
vn -0.9284 -0.0582 -0.3670
vn -0.9250 -0.0897 -0.3691
vn -0.9315 -0.0203 -0.3630
vn -0.9243 -0.1095 -0.3657
vn -0.9286 -0.1104 -0.3542
vn -0.9978 0.0654 -0.0012
vn -0.9984 0.0568 -0.0020
vn -0.9305 0.0996 0.3524
vn -0.9309 0.0996 0.3513
vn -0.6899 0.1408 0.7101
vn -0.6921 0.1335 0.7093
vn -0.9975 0.0701 -0.0006
vn -0.9339 0.0990 0.3434
vn -0.9974 0.0710 -0.0084
vn -0.6927 0.1296 0.7095
vn -0.6981 0.1280 0.7044
vn -0.9343 0.0418 -0.3541
vn -0.9342 0.0315 -0.3554
vn -0.9313 0.0445 -0.3614
vn -0.9336 0.0122 -0.3582
vn -0.9997 0.0222 0.0015
vn -0.9996 0.0279 0.0009
vn -0.9355 -0.0046 0.3533
vn -0.9391 -0.0021 0.3435
vn -0.6984 -0.0447 0.7143
vn -0.7096 -0.0333 0.7038
vn -0.9995 0.0308 -0.0095
vn -0.9377 -0.0044 0.3475
vn -0.7011 -0.0476 0.7115
vn -0.9419 0.0009 0.3359
vn -0.9999 0.0129 0.0020
vn -0.9432 0.0045 0.3321
vn -1.0000 -0.0001 0.0026
vn -0.7183 -0.0157 0.6956
vn -0.7226 0.0081 0.6912
vn -0.9431 0.0205 -0.3318
vn -0.9395 0.0402 -0.3403
vn -0.9450 -0.0064 -0.3268
vn -0.9348 0.0527 -0.3512
vn -0.9290 0.0576 -0.3655
vn -0.9996 -0.0275 0.0009
vn -0.9999 -0.0144 0.0017
vn -0.9436 0.0057 0.3311
vn -0.9426 0.0019 0.3340
vn -0.7232 0.0286 0.6900
vn -0.7197 0.0364 0.6933
vn -0.9406 -0.0070 0.3394
vn -0.9992 -0.0394 0.0000
vn -0.9380 -0.0212 0.3460
vn -0.9987 -0.0499 -0.0009
vn -0.7136 0.0315 0.6999
vn -0.7061 0.0137 0.7079
vn -0.9384 -0.0673 -0.3388
vn -0.9418 -0.0539 -0.3318
vn -0.9349 -0.0734 -0.3472
vn -0.9442 -0.0335 -0.3275
vn -0.9984 -0.0553 -0.0016
vn -0.9984 -0.0561 -0.0013
vn -0.9350 -0.0361 0.3529
vn -0.9327 -0.0471 0.3574
vn -0.6983 -0.0110 0.7157
vn -0.6926 -0.0360 0.7205
vn -0.9321 -0.0538 0.3581
vn -0.9988 -0.0479 -0.0018
vn -0.6908 -0.0605 0.7204
vn -0.9312 -0.0438 -0.3619
vn -0.9308 -0.0614 -0.3604
vn -0.9322 -0.0715 -0.3549
vn 0.0000 0.2670 0.9637
vn 0.0000 0.3416 0.9398
vn 0.3098 0.3230 0.8942
vn 0.3137 0.2550 0.9146
vn 0.6673 0.2490 0.7020
vn 0.6707 0.2035 0.7132
vn 0.0000 0.4591 0.8883
vn 0.3101 0.4288 0.8484
vn 0.3203 0.2106 0.9236
vn 0.0000 0.2188 0.9757
vn 0.3269 0.1814 0.9275
vn 0.0000 0.1875 0.9822
vn 0.6779 0.1731 0.7144
vn 0.6853 0.1532 0.7119
vn -0.3203 0.2106 0.9236
vn -0.3137 0.2550 0.9146
vn -0.3269 0.1814 0.9275
vn -0.3098 0.3230 0.8942
vn -0.3101 0.4288 0.8484
vn 0.0000 0.1555 0.9878
vn 0.0000 0.1676 0.9858
vn 0.3312 0.1627 0.9294
vn 0.3333 0.1515 0.9305
vn 0.6899 0.1408 0.7101
vn 0.6921 0.1335 0.7093
vn 0.3340 0.1454 0.9313
vn 0.0000 0.1489 0.9888
vn 0.3362 0.1434 0.9308
vn 0.0000 0.1468 0.9891
vn 0.6927 0.1296 0.7095
vn 0.6981 0.1280 0.7044
vn -0.3340 0.1454 0.9313
vn -0.3333 0.1515 0.9305
vn -0.3362 0.1434 0.9308
vn -0.3312 0.1627 0.9294
vn 0.0000 -0.0641 0.9979
vn 0.0000 -0.0827 0.9966
vn 0.3377 -0.0739 0.9384
vn 0.3481 -0.0568 0.9357
vn 0.6984 -0.0447 0.7143
vn 0.7096 -0.0333 0.7038
vn 0.0000 -0.0889 0.9960
vn 0.3366 -0.0795 0.9383
vn 0.7011 -0.0476 0.7115
vn 0.3564 -0.0289 0.9339
vn 0.0000 -0.0331 0.9994
vn 0.3608 0.0099 0.9326
vn 0.0000 0.0102 0.9999
vn 0.7183 -0.0157 0.6956
vn 0.7226 0.0081 0.6912
vn -0.3564 -0.0289 0.9339
vn -0.3481 -0.0568 0.9357
vn -0.3608 0.0099 0.9326
vn -0.3377 -0.0739 0.9384
vn -0.3366 -0.0795 0.9383
vn 0.0000 0.0694 0.9976
vn 0.0000 0.0498 0.9987
vn 0.3610 0.0450 0.9315
vn 0.3572 0.0618 0.9320
vn 0.7232 0.0286 0.6900
vn 0.7197 0.0364 0.6933
vn 0.3511 0.0603 0.9344
vn 0.0000 0.0691 0.9976
vn 0.3441 0.0405 0.9380
vn 0.0000 0.0487 0.9988
vn 0.7136 0.0315 0.6999
vn 0.7061 0.0137 0.7079
vn -0.3511 0.0603 0.9344
vn -0.3572 0.0618 0.9320
vn -0.3441 0.0405 0.9380
vn -0.3610 0.0450 0.9315
vn 0.0000 -0.0220 0.9998
vn 0.0000 0.0157 0.9998
vn 0.3372 0.0093 0.9413
vn 0.3323 -0.0255 0.9428
vn 0.6983 -0.0110 0.7157
vn 0.6926 -0.0360 0.7205
vn 0.3309 -0.0630 0.9416
vn 0.0000 -0.0634 0.9980
vn 0.6908 -0.0605 0.7204
vn -0.3309 -0.0630 0.9416
vn -0.3323 -0.0255 0.9428
vn -0.3372 0.0093 0.9413
vn 0.9999 0.0121 -0.0031
vn 1.0000 0.0035 -0.0023
vn 0.9243 -0.1095 -0.3657
vn 0.9250 -0.0897 -0.3691
vn 0.9284 -0.0582 -0.3670
vn 0.9997 0.0256 -0.0033
vn 0.9315 -0.0203 -0.3630
vn 0.9991 0.0422 -0.0033
vn 0.9274 0.1029 0.3596
vn 0.9253 0.1109 0.3627
vn 0.9295 0.1000 0.3550
vn 0.9246 0.1251 0.3597
vn 0.9978 0.0654 -0.0012
vn 0.9984 0.0568 -0.0020
vn 0.9336 0.0122 -0.3582
vn 0.9342 0.0315 -0.3554
vn 0.9343 0.0418 -0.3541
vn 0.9975 0.0701 -0.0006
vn 0.9313 0.0445 -0.3614
vn 0.9974 0.0710 -0.0084
vn 0.9309 0.0996 0.3513
vn 0.9339 0.0990 0.3434
vn 0.9305 0.0996 0.3524
vn 0.9997 0.0222 0.0015
vn 0.9996 0.0279 0.0009
vn 0.9348 0.0527 -0.3512
vn 0.9395 0.0402 -0.3403
vn 0.9995 0.0308 -0.0095
vn 0.9290 0.0576 -0.3655
vn 0.9431 0.0205 -0.3318
vn 0.9999 0.0129 0.0020
vn 0.9450 -0.0064 -0.3268
vn 1.0000 -0.0001 0.0026
vn 0.9419 0.0009 0.3359
vn 0.9391 -0.0021 0.3435
vn 0.9432 0.0045 0.3321
vn 0.9355 -0.0046 0.3533
vn 0.9377 -0.0044 0.3475
vn 0.9996 -0.0275 0.0009
vn 0.9999 -0.0144 0.0017
vn 0.9442 -0.0335 -0.3275
vn 0.9418 -0.0539 -0.3318
vn 0.9384 -0.0673 -0.3388
vn 0.9992 -0.0394 0.0000
vn 0.9349 -0.0734 -0.3472
vn 0.9987 -0.0499 -0.0009
vn 0.9406 -0.0070 0.3394
vn 0.9426 0.0019 0.3340
vn 0.9380 -0.0212 0.3460
vn 0.9436 0.0057 0.3311
vn 0.9984 -0.0553 -0.0016
vn 0.9984 -0.0561 -0.0013
vn 0.9322 -0.0715 -0.3549
vn 0.9308 -0.0614 -0.3604
vn 0.9312 -0.0438 -0.3619
vn 0.9988 -0.0479 -0.0018
vn 0.9321 -0.0538 0.3581
vn 0.9327 -0.0471 0.3574
vn 0.9350 -0.0361 0.3529
vn 0.0000 -0.4107 0.9118
vn 0.3054 -0.3986 0.8648
vn 0.3451 -0.1719 0.9227
vn 0.0000 -0.1862 0.9825
vn 0.3687 0.1052 0.9236
vn 0.0000 0.1126 0.9936
vn 0.6414 -0.3563 0.6794
vn 0.7034 -0.1310 0.6986
vn -0.3451 -0.1719 0.9227
vn -0.3054 -0.3986 0.8648
vn -0.7034 -0.1310 0.6986
vn -0.6414 -0.3563 0.6794
vn -0.3687 0.1052 0.9236
vn -0.7273 0.0784 0.6817
vn -0.2614 -0.6200 0.7398
vn 0.0000 -0.6304 0.7762
vn -0.2330 -0.8237 0.5168
vn 0.0000 -0.8474 0.5309
vn -0.5346 -0.5961 0.5991
vn -0.4172 -0.7707 0.4816
vn 0.2614 -0.6200 0.7398
vn 0.5346 -0.5961 0.5991
vn 0.2330 -0.8237 0.5168
vn 0.4172 -0.7707 0.4816
vn -0.9999 0.0086 0.0011
vn -0.9379 0.1602 0.3077
vn -0.9309 0.1678 0.3243
vn -1.0000 0.0073 -0.0005
vn -0.7019 0.3674 0.6101
vn -0.6808 0.3750 0.6292
vn -0.9363 -0.0991 -0.3369
vn -0.9439 -0.0849 -0.3189
vn -0.7025 -0.1700 -0.6911
vn -0.7240 -0.1437 -0.6746
vn -0.9490 -0.0698 -0.3073
vn -1.0000 0.0060 0.0041
vn -0.9501 -0.0548 -0.3071
vn -0.9999 -0.0011 0.0082
vn -0.7382 -0.1280 -0.6623
vn -0.7398 -0.1305 -0.6600
vn -0.9442 0.1168 0.3081
vn -0.7243 0.2673 0.6355
vn -0.9444 0.0392 0.3263
vn 0.0000 0.5647 0.8253
vn 0.3380 0.5191 0.7850
vn 0.3172 0.5204 0.7928
vn 0.0000 0.5619 0.8272
vn -0.3172 0.5204 0.7928
vn -0.3380 0.5191 0.7850
vn -0.3636 0.3791 0.8509
vn 0.0000 0.4140 0.9102
vn 0.3636 0.3791 0.8509
vn 0.0000 -0.1660 -0.9861
vn -0.3611 -0.1650 -0.9178
vn -0.3419 -0.1979 -0.9187
vn 0.0000 -0.2004 -0.9797
vn 0.3419 -0.1979 -0.9187
vn 0.3611 -0.1650 -0.9178
vn 0.3743 -0.1576 -0.9138
vn 0.0000 -0.1631 -0.9866
vn 0.3758 -0.1920 -0.9066
vn 0.0000 -0.2120 -0.9772
vn -0.3743 -0.1576 -0.9138
vn -0.3758 -0.1920 -0.9066
vn 0.0000 -0.9994 -0.0351
vn 0.0000 -0.9701 -0.2428
vn 0.1859 -0.9539 -0.2357
vn 0.2097 -0.9776 -0.0159
vn 0.4483 -0.8637 -0.2302
vn 0.5043 -0.8632 0.0229
vn 0.0000 -0.9021 -0.4314
vn 0.1872 -0.8878 -0.4204
vn 0.3601 -0.8478 -0.3892
vn 0.2235 -0.9449 0.2392
vn 0.0000 -0.9745 0.2245
vn 0.4827 -0.8271 0.2877
vn -0.2235 -0.9449 0.2392
vn -0.2097 -0.9776 -0.0159
vn -0.4827 -0.8271 0.2877
vn -0.5043 -0.8632 0.0229
vn -0.1859 -0.9539 -0.2357
vn -0.1872 -0.8878 -0.4204
vn -0.4483 -0.8637 -0.2302
vn -0.3601 -0.8478 -0.3892
vn 0.9622 -0.2698 0.0379
vn 0.9030 -0.3125 -0.2947
vn 0.9451 -0.1072 -0.3086
vn 0.9976 -0.0674 0.0173
vn 0.6714 -0.4203 -0.6103
vn 0.7272 -0.2074 -0.6543
vn 0.9337 -0.0832 0.3483
vn 0.8809 -0.2979 0.3677
vn 0.7367 -0.5804 0.3469
vn 0.8075 -0.5880 0.0466
vn 0.7413 -0.6201 -0.2568
vn 0.5274 -0.6847 -0.5031
vn -0.9622 -0.2698 0.0379
vn -0.8809 -0.2979 0.3677
vn -0.9337 -0.0832 0.3483
vn -0.9976 -0.0674 0.0173
vn -0.9451 -0.1072 -0.3086
vn -0.9030 -0.3125 -0.2947
vn -0.7272 -0.2074 -0.6543
vn -0.6714 -0.4203 -0.6103
vn -0.7413 -0.6201 -0.2568
vn -0.8075 -0.5880 0.0466
vn -0.5274 -0.6847 -0.5031
vn -0.7367 -0.5804 0.3469
vn 0.0000 -0.5447 -0.8386
vn -0.3245 -0.5131 -0.7946
vn -0.3636 -0.3027 -0.8809
vn 0.0000 -0.3374 -0.9413
vn 0.3636 -0.3027 -0.8809
vn 0.3245 -0.5131 -0.7946
vn 0.2458 -0.7443 -0.6209
vn 0.0000 -0.7632 -0.6461
vn -0.2458 -0.7443 -0.6209
vn 0.0000 0.0614 -0.9981
vn 0.0000 0.0761 -0.9971
vn 0.3399 0.0691 -0.9379
vn 0.3458 0.0546 -0.9367
vn 0.7015 0.0458 -0.7111
vn 0.7078 0.0324 -0.7056
vn 0.0000 0.1021 -0.9948
vn 0.3347 0.0960 -0.9374
vn 0.6955 0.0750 -0.7146
vn 0.3511 0.0442 -0.9353
vn 0.0000 0.0501 -0.9987
vn 0.3540 0.0351 -0.9345
vn 0.0000 0.0392 -0.9992
vn 0.7133 0.0250 -0.7004
vn 0.7162 0.0209 -0.6976
vn -0.3511 0.0442 -0.9353
vn -0.3458 0.0546 -0.9367
vn -0.7133 0.0250 -0.7004
vn -0.7078 0.0324 -0.7056
vn -0.3540 0.0351 -0.9345
vn -0.7162 0.0209 -0.6976
vn -0.3399 0.0691 -0.9379
vn -0.3347 0.0960 -0.9374
vn -0.7015 0.0458 -0.7111
vn -0.6955 0.0750 -0.7146
vn 0.0000 0.0172 -0.9998
vn 0.0000 0.0284 -0.9996
vn 0.3540 0.0260 -0.9348
vn 0.3513 0.0161 -0.9361
vn 0.7160 0.0173 -0.6978
vn 0.7129 0.0113 -0.7011
vn 0.3472 0.0024 -0.9377
vn 0.0001 0.0030 -1.0000
vn 0.3433 -0.0234 -0.9389
vn 0.0002 -0.0225 -0.9997
vn 0.7084 0.0002 -0.7058
vn 0.7038 -0.0245 -0.7100
vn -0.3471 0.0035 -0.9378
vn -0.3512 0.0165 -0.9361
vn -0.7083 0.0024 -0.7059
vn -0.7129 0.0121 -0.7011
vn -0.3430 -0.0207 -0.9391
vn -0.7036 -0.0191 -0.7103
vn -0.3540 0.0261 -0.9349
vn -0.7160 0.0175 -0.6978
vn -0.9999 -0.0079 -0.0014
vn -0.9999 -0.0108 -0.0018
vn -0.9392 -0.0251 0.3424
vn -0.9406 -0.0235 0.3386
vn -0.7086 -0.0449 0.7042
vn -0.7131 -0.0434 0.6997
vn -0.9997 -0.0245 -0.0024
vn -0.9376 -0.0363 0.3458
vn -0.7042 -0.0537 0.7079
vn -0.9415 -0.0264 0.3360
vn -0.9999 -0.0101 -0.0010
vn -0.9413 -0.0334 0.3359
vn -0.9998 -0.0164 -0.0007
vn -0.7161 -0.0456 0.6965
vn -0.7162 -0.0510 0.6960
vn -0.9412 0.0039 -0.3378
vn -0.9401 0.0033 -0.3409
vn -0.9414 0.0012 -0.3373
vn -0.9384 -0.0022 -0.3453
vn -0.9366 -0.0194 -0.3498
vn -0.9998 -0.0207 0.0007
vn -0.9998 -0.0217 0.0000
vn -0.9399 -0.0394 0.3391
vn -0.9379 -0.0388 0.3446
vn -0.7129 -0.0552 0.6991
vn -0.7073 -0.0533 0.7049
vn -0.9359 -0.0289 0.3511
vn -0.9999 -0.0108 0.0016
vn -0.9340 0.0027 0.3573
vn -0.9998 0.0198 0.0029
vn -0.7013 -0.0421 0.7116
vn -0.6961 -0.0093 0.7179
vn -0.9370 0.0141 -0.3490
vn -0.9389 0.0028 -0.3440
vn -0.9347 0.0443 -0.3525
vn -0.9405 -0.0006 -0.3396
vn 0.0000 -0.0623 0.9980
vn 0.0001 -0.0643 0.9979
vn 0.3465 -0.0605 0.9361
vn 0.3507 -0.0582 0.9347
vn 0.7086 -0.0470 0.7040
vn 0.7131 -0.0442 0.6996
vn 0.0002 -0.0714 0.9974
vn 0.3427 -0.0693 0.9369
vn 0.7043 -0.0591 0.7074
vn 0.3536 -0.0588 0.9335
vn 0.0000 -0.0625 0.9980
vn 0.3539 -0.0617 0.9332
vn 0.0000 -0.0644 0.9979
vn 0.7161 -0.0458 0.6964
vn 0.7162 -0.0510 0.6960
vn -0.3536 -0.0587 0.9335
vn -0.3507 -0.0578 0.9347
vn -0.3539 -0.0617 0.9332
vn -0.3464 -0.0595 0.9362
vn -0.3424 -0.0667 0.9372
vn 0.0000 -0.0605 0.9982
vn 0.0000 -0.0649 0.9979
vn 0.3511 -0.0633 0.9342
vn 0.3463 -0.0596 0.9362
vn 0.7129 -0.0552 0.6991
vn 0.7073 -0.0533 0.7049
vn 0.3409 -0.0475 0.9389
vn 0.0000 -0.0480 0.9988
vn 0.3364 -0.0150 0.9416
vn 0.0000 -0.0158 0.9998
vn 0.7013 -0.0421 0.7116
vn 0.6961 -0.0093 0.7179
vn -0.3409 -0.0475 0.9389
vn -0.3463 -0.0596 0.9362
vn -0.3364 -0.0150 0.9416
vn -0.3511 -0.0633 0.9342
vn 0.9999 -0.0091 -0.0014
vn 0.9999 -0.0139 -0.0018
vn 0.9384 -0.0051 -0.3453
vn 0.9401 0.0023 -0.3409
vn 0.9995 -0.0323 -0.0025
vn 0.9365 -0.0267 -0.3497
vn 0.9412 0.0037 -0.3378
vn 0.9999 -0.0104 -0.0010
vn 0.9414 0.0012 -0.3373
vn 0.9998 -0.0164 -0.0007
vn 0.9415 -0.0266 0.3359
vn 0.9406 -0.0245 0.3386
vn 0.9413 -0.0334 0.3359
vn 0.9391 -0.0280 0.3424
vn 0.9374 -0.0435 0.3455
vn 0.9998 -0.0207 0.0007
vn 0.9998 -0.0217 0.0000
vn 0.9405 -0.0006 -0.3396
vn 0.9389 0.0028 -0.3440
vn 0.9370 0.0141 -0.3490
vn 0.9999 -0.0108 0.0016
vn 0.9347 0.0443 -0.3525
vn 0.9998 0.0198 0.0029
vn 0.9359 -0.0289 0.3512
vn 0.9379 -0.0388 0.3446
vn 0.9340 0.0027 0.3573
vn 0.9399 -0.0394 0.3391
vn 0.0000 0.1700 0.9854
vn -0.3260 0.1738 0.9293
vn -0.3327 0.0524 0.9416
vn 0.0000 0.0504 0.9987
vn -0.6771 0.1839 0.7125
vn -0.6906 0.0598 0.7207
vn 0.3327 0.0524 0.9416
vn 0.3260 0.1738 0.9293
vn 0.6906 0.0598 0.7207
vn 0.6771 0.1839 0.7125
vn 0.3094 0.3424 0.8871
vn 0.0000 0.3367 0.9416
vn 0.2922 0.4355 0.8514
vn 0.0000 0.4285 0.9035
vn 0.6418 0.3552 0.6796
vn 0.6105 0.4511 0.6509
vn -0.3094 0.3424 0.8871
vn -0.6418 0.3552 0.6796
vn -0.2922 0.4355 0.8514
vn -0.6105 0.4511 0.6509
vn 0.0000 0.2395 -0.9709
vn 0.3229 0.2393 -0.9156
vn 0.3298 0.1475 -0.9324
vn 0.0000 0.1514 -0.9885
vn 0.6747 0.2342 -0.6999
vn 0.6885 0.1323 -0.7130
vn -0.3298 0.1475 -0.9324
vn -0.3229 0.2393 -0.9157
vn -0.6885 0.1323 -0.7130
vn -0.6747 0.2342 -0.6999
vn -0.3090 0.3682 -0.8769
vn 0.0000 0.3637 -0.9315
vn -0.2930 0.4401 -0.8488
vn 0.0000 0.4331 -0.9013
vn -0.6433 0.3757 -0.6670
vn -0.6135 0.4555 -0.6450
vn 0.3090 0.3682 -0.8769
vn 0.6433 0.3757 -0.6670
vn 0.2930 0.4401 -0.8488
vn 0.6135 0.4555 -0.6450
vn 0.9796 0.2007 0.0067
vn 0.9134 0.1914 0.3591
vn 0.9299 0.0701 0.3611
vn 0.9964 0.0845 0.0045
vn 0.9296 0.1061 -0.3529
vn 0.9128 0.2164 -0.3461
vn 0.8695 0.3693 -0.3280
vn 0.9322 0.3617 0.0089
vn 0.8332 0.4543 -0.3152
vn 0.8927 0.4505 0.0076
vn 0.8675 0.3590 0.3442
vn 0.8298 0.4517 0.3276
vn -0.9796 0.2007 0.0067
vn -0.9128 0.2164 -0.3461
vn -0.9296 0.1061 -0.3529
vn -0.9964 0.0845 0.0045
vn -0.9299 0.0701 0.3611
vn -0.9134 0.1914 0.3591
vn -0.8675 0.3590 0.3442
vn -0.9322 0.3617 0.0089
vn -0.8298 0.4517 0.3276
vn -0.8927 0.4505 0.0076
vn -0.8695 0.3693 -0.3280
vn -0.8332 0.4543 -0.3152
vn 0.0005 -0.1169 0.9931
vn 0.3379 -0.1251 0.9328
vn 0.3399 -0.0885 0.9363
vn 0.0003 -0.0870 0.9962
vn 0.6960 -0.1367 0.7048
vn 0.7005 -0.0860 0.7084
vn -0.3394 -0.0826 0.9370
vn -0.3373 -0.1129 0.9346
vn -0.7007 -0.0738 0.7096
vn -0.6973 -0.1119 0.7079
vn -0.3347 -0.1609 0.9285
vn 0.0007 -0.1640 0.9864
vn -0.3299 -0.1893 0.9248
vn -0.0043 -0.1918 0.9814
vn -0.6912 -0.1718 0.7019
vn -0.6782 -0.2070 0.7051
vn 0.3348 -0.1826 0.9244
vn 0.6861 -0.2157 0.6948
vn 0.3195 -0.2152 0.9228
vn 0.6629 -0.2601 0.7020
vn 0.0005 -0.1630 -0.9866
vn -0.3338 -0.1564 -0.9295
vn -0.3392 -0.0679 -0.9382
vn 0.0003 -0.0714 -0.9974
vn -0.6901 -0.1449 -0.7090
vn -0.6987 -0.0628 -0.7126
vn 0.3396 -0.0738 -0.9376
vn 0.3341 -0.1680 -0.9274
vn 0.6985 -0.0749 -0.7116
vn 0.6881 -0.1687 -0.7057
vn 0.3215 -0.3078 -0.8955
vn 0.0004 -0.2996 -0.9540
vn 0.3086 -0.3886 -0.8682
vn -0.0039 -0.3781 -0.9257
vn 0.6630 -0.3081 -0.6822
vn 0.6463 -0.3895 -0.6562
vn -0.3227 -0.2891 -0.9013
vn -0.6707 -0.2691 -0.6911
vn -0.3199 -0.3657 -0.8740
vn -0.6662 -0.3408 -0.6633
vn 0.9887 -0.1495 -0.0051
vn 0.9224 -0.1592 -0.3518
vn 0.9330 -0.0727 -0.3525
vn 0.9973 -0.0729 -0.0035
vn 0.9347 -0.0781 0.3466
vn 0.9279 -0.1433 0.3440
vn 0.9096 -0.2433 0.3367
vn 0.9640 -0.2658 -0.0062
vn 0.8890 -0.3005 0.3454
vn 0.9432 -0.3320 0.0070
vn 0.8939 -0.2890 -0.3427
vn 0.8743 -0.3633 -0.3219
vn -0.9934 -0.1144 -0.0049
vn -0.9317 -0.1102 0.3461
vn -0.9357 -0.0618 0.3474
vn -0.9984 -0.0555 -0.0034
vn -0.9339 -0.0565 -0.3530
vn -0.9267 -0.1268 -0.3538
vn -0.9075 -0.2349 -0.3482
vn -0.9785 -0.2059 -0.0060
vn -0.8978 -0.2960 -0.3261
vn -0.9661 -0.2581 0.0080
vn -0.9212 -0.1860 0.3417
vn -0.9082 -0.2299 0.3498
usemtl Axe-mat
s 1
f 1/1/1 5/2/2 6/3/2 2/4/1
f 2/4/1 6/3/2 3855/5/2 3854/6/1
f 5/2/2 3677/7/3 3678/8/3 6/3/2
f 6/3/2 3678/8/3 5503/9/3 3855/5/2
f 1/1/1 2/4/1 7/10/4 3/11/4
f 3/11/4 7/10/4 3717/12/5 3716/13/5
f 2/4/1 3854/6/1 3853/14/4 7/10/4
f 7/10/4 3853/14/4 5516/15/5 3717/12/5
f 1/1/1 3/11/4 8/16/4 4/17/1
f 4/17/1 8/16/4 3385/18/4 3386/19/1
f 3/11/4 3716/13/5 3715/20/5 8/16/4
f 8/16/4 3715/20/5 5626/21/5 3385/18/4
f 1/1/1 4/17/1 9/22/2 5/2/2
f 5/2/2 9/22/2 3676/23/3 3677/7/3
f 4/17/1 3386/19/1 3387/24/2 9/22/2
f 9/22/2 3387/24/2 5598/25/3 3676/23/3
f 10/26/6 14/27/7 15/28/8 11/29/9
f 11/29/9 15/28/8 3945/30/10 3944/31/11
f 14/27/7 3674/32/12 3673/33/13 15/28/8
f 15/28/8 3673/33/13 5541/34/14 3945/30/10
f 10/26/6 11/29/9 16/35/15 12/36/16
f 12/36/16 16/35/15 3268/37/17 3269/38/18
f 11/29/9 3944/31/11 3943/39/19 16/35/15
f 16/35/15 3943/39/19 5537/40/20 3268/37/17
f 10/26/6 12/36/16 17/41/21 13/42/22
f 13/42/22 17/41/21 3610/43/23 3611/44/24
f 12/36/16 3269/38/18 3270/45/25 17/41/21
f 17/41/21 3270/45/25 5456/46/26 3610/43/23
f 10/26/6 13/42/22 18/47/27 14/27/7
f 14/27/7 18/47/27 3675/48/28 3674/32/12
f 13/42/22 3611/44/24 3612/49/29 18/47/27
f 18/47/27 3612/49/29 5494/50/30 3675/48/28
f 19/51/31 23/52/32 24/53/33 20/54/34
f 20/54/34 24/53/33 3888/55/35 3887/56/36
f 23/52/32 3851/57/37 3850/58/38 24/53/33
f 24/53/33 3850/58/38 5536/59/39 3888/55/35
f 19/51/31 20/54/34 25/60/40 21/61/41
f 21/61/41 25/60/40 3286/62/42 3287/63/43
f 20/54/34 3887/56/36 3886/64/44 25/60/40
f 25/60/40 3886/64/44 5701/65/45 3286/62/42
f 19/51/31 21/61/41 26/66/46 22/67/47
f 22/67/47 26/66/46 3700/68/48 3701/69/49
f 21/61/41 3287/63/43 3288/70/50 26/66/46
f 26/66/46 3288/70/50 5610/71/51 3700/68/48
f 19/51/31 22/67/47 27/72/52 23/52/32
f 23/52/32 27/72/52 3852/73/53 3851/57/37
f 22/67/47 3701/69/49 3702/74/54 27/72/52
f 27/72/52 3702/74/54 5511/75/55 3852/73/53
f 28/76/56 32/77/57 33/78/58 29/79/59
f 29/79/59 33/78/58 3942/80/60 3941/81/61
f 32/77/57 3848/82/62 3847/83/63 33/78/58
f 33/78/58 3847/83/63 5543/84/64 3942/80/60
f 28/76/56 29/79/59 34/85/65 30/86/66
f 30/86/66 34/85/65 3283/87/67 3284/88/68
f 29/79/59 3941/81/61 3940/89/69 34/85/65
f 34/85/65 3940/89/69 5708/90/70 3283/87/67
f 28/76/56 30/86/66 35/91/71 31/92/72
f 31/92/72 35/91/71 3282/93/73 3281/94/74
f 30/86/66 3284/88/68 3285/95/75 35/91/71
f 35/91/71 3285/95/75 5600/96/76 3282/93/73
f 28/76/56 31/92/72 36/97/77 32/77/57
f 32/77/57 36/97/77 3849/98/78 3848/82/62
f 31/92/72 3281/94/74 3280/99/79 36/97/77
f 36/97/77 3280/99/79 5506/100/80 3849/98/78
f 37/101/81 41/102/82 42/103/83 38/104/84
f 38/104/84 42/103/83 3846/105/85 3845/106/86
f 41/102/82 3671/107/87 3670/108/88 42/103/83
f 42/103/83 3670/108/88 5532/109/89 3846/105/85
f 37/101/81 38/104/84 43/110/90 39/111/91
f 39/111/91 43/110/90 3280/112/79 3281/113/74
f 38/104/84 3845/106/86 3844/114/92 43/110/90
f 43/110/90 3844/114/92 5506/115/80 3280/112/79
f 37/101/81 39/111/91 44/116/93 40/117/94
f 40/117/94 44/116/93 3613/118/95 3614/119/96
f 39/111/91 3281/113/74 3282/120/73 44/116/93
f 44/116/93 3282/120/73 5600/121/76 3613/118/95
f 37/101/81 40/117/94 45/122/97 41/102/82
f 41/102/82 45/122/97 3672/123/98 3671/107/87
f 40/117/94 3614/119/96 3615/124/99 45/122/97
f 45/122/97 3615/124/99 5661/125/100 3672/123/98
f 46/126/101 50/127/101 51/128/102 47/129/102
f 47/129/102 51/128/102 3678/8/3 3677/7/3
f 50/127/101 3842/130/101 3841/131/102 51/128/102
f 51/128/102 3841/131/102 5503/9/3 3678/8/3
f 46/126/101 47/129/102 52/132/102 48/133/101
f 48/133/101 52/132/102 3304/134/102 3305/135/101
f 47/129/102 3677/7/3 3676/23/3 52/132/102
f 52/132/102 3676/23/3 5598/25/3 3304/134/102
f 46/126/101 48/133/101 53/136/103 49/137/103
f 49/137/103 53/136/103 3688/138/104 3689/139/104
f 48/133/101 3305/135/101 3306/140/103 53/136/103
f 53/136/103 3306/140/103 5605/141/104 3688/138/104
f 46/126/101 49/137/103 54/142/103 50/127/101
f 50/127/101 54/142/103 3843/143/103 3842/130/101
f 49/137/103 3689/139/104 3690/144/104 54/142/103
f 54/142/103 3690/144/104 5507/145/104 3843/143/103
f 55/146/105 59/147/106 60/148/107 56/149/108
f 56/149/108 60/148/107 3711/150/109 3710/151/109
f 59/147/106 3839/152/110 3838/153/111 60/148/107
f 60/148/107 3838/153/111 5514/154/109 3711/150/109
f 55/146/105 56/149/108 61/155/112 57/156/113
f 57/156/113 61/155/112 3307/157/108 3308/158/114
f 56/149/108 3710/151/109 3709/159/109 61/155/112
f 61/155/112 3709/159/109 5615/160/115 3307/157/108
f 55/146/105 57/156/113 62/161/116 58/162/117
f 58/162/117 62/161/116 3691/163/118 3692/164/119
f 57/156/113 3308/158/114 3309/165/120 62/161/116
f 62/161/116 3309/165/120 5606/166/121 3691/163/118
f 55/146/105 58/162/117 63/167/122 59/147/106
f 59/147/106 63/167/122 3840/168/123 3839/152/110
f 58/162/117 3692/164/119 3693/169/124 63/167/122
f 63/167/122 3693/169/124 5508/170/125 3840/168/123
f 64/171/126 68/172/127 69/173/128 65/174/129
f 65/174/129 69/173/128 3684/175/130 3683/176/131
f 68/172/127 3836/177/132 3835/178/133 69/173/128
f 69/173/128 3835/178/133 5505/179/134 3684/175/130
f 64/171/126 65/174/129 70/180/135 66/181/136
f 66/181/136 70/180/135 3267/182/137 3266/183/138
f 65/174/129 3683/176/131 3682/184/139 70/180/135
f 70/180/135 3682/184/139 5457/185/140 3267/182/137
f 64/171/126 66/181/136 71/186/141 67/187/142
f 67/187/142 71/186/141 3694/188/143 3695/189/144
f 66/181/136 3266/183/138 3265/190/145 71/186/141
f 71/186/141 3265/190/145 5460/191/146 3694/188/143
f 64/171/126 67/187/142 72/192/147 68/172/127
f 68/172/127 72/192/147 3837/193/148 3836/177/132
f 67/187/142 3695/189/144 3696/194/149 72/192/147
f 72/192/147 3696/194/149 5509/195/150 3837/193/148
f 73/196/151 77/197/152 78/198/153 74/199/154
f 74/199/154 78/198/153 3708/200/155 3707/201/156
f 77/197/152 3833/202/157 3832/203/158 78/198/153
f 78/198/153 3832/203/158 5513/204/159 3708/200/155
f 73/196/151 74/199/154 79/205/160 75/206/161
f 75/206/161 79/205/160 3357/207/162 3356/208/163
f 74/199/154 3707/201/156 3706/209/164 79/205/160
f 79/205/160 3706/209/164 5465/210/165 3357/207/162
f 73/196/151 75/206/161 80/211/166 76/212/167
f 76/212/167 80/211/166 3697/213/168 3698/214/169
f 75/206/161 3356/208/163 3355/215/170 80/211/166
f 80/211/166 3355/215/170 5459/216/171 3697/213/168
f 73/196/151 76/212/167 81/217/172 77/197/152
f 77/197/152 81/217/172 3834/218/173 3833/202/157
f 76/212/167 3698/214/169 3699/219/174 81/217/172
f 81/217/172 3699/219/174 5510/220/175 3834/218/173
f 82/221/176 86/222/177 87/223/178 83/224/179
f 83/224/179 87/223/178 3609/225/180 3608/226/181
f 86/222/177 3668/227/182 3667/228/183 87/223/178
f 87/223/178 3667/228/183 5493/229/184 3609/225/180
f 82/221/176 83/224/179 88/230/185 84/231/186
f 84/231/186 88/230/185 3298/232/187 3299/233/188
f 83/224/179 3608/226/181 3607/234/189 88/230/185
f 88/230/185 3607/234/189 5458/235/190 3298/232/187
f 82/221/176 84/231/186 89/236/191 85/237/192
f 85/237/192 89/236/191 3616/238/193 3617/239/194
f 84/231/186 3299/233/188 3300/240/195 89/236/191
f 89/236/191 3300/240/195 5461/241/196 3616/238/193
f 82/221/176 85/237/192 90/242/197 86/222/177
f 86/222/177 90/242/197 3669/243/198 3668/227/182
f 85/237/192 3617/239/194 3618/244/199 90/242/197
f 90/242/197 3618/244/199 5495/245/14 3669/243/198
f 91/246/200 95/247/201 96/248/202 92/249/203
f 92/249/203 96/248/202 3624/250/204 3623/251/205
f 95/247/201 3665/252/14 3664/253/14 96/248/202
f 96/248/202 3664/253/14 5497/254/14 3624/250/204
f 91/246/200 92/249/203 97/255/206 93/256/207
f 93/256/207 97/255/206 3301/257/208 3302/258/209
f 92/249/203 3623/251/205 3622/259/210 97/255/206
f 97/255/206 3622/259/210 5466/260/211 3301/257/208
f 91/246/200 93/256/207 98/261/212 94/262/213
f 94/262/213 98/261/212 3619/263/214 3620/264/215
f 93/256/207 3302/258/209 3303/265/216 98/261/212
f 98/261/212 3303/265/216 5462/266/217 3619/263/214
f 91/246/200 94/262/213 99/267/218 95/247/201
f 95/247/201 99/267/218 3666/268/14 3665/252/14
f 94/262/213 3620/264/215 3621/269/219 99/267/218
f 99/267/218 3621/269/219 5496/270/14 3666/268/14
f 100/271/220 104/272/221 105/273/222 101/274/223
f 101/274/223 105/273/222 3939/275/224 3938/276/225
f 104/272/221 3830/277/226 3829/278/227 105/273/222
f 105/273/222 3829/278/227 5542/279/228 3939/275/224
f 100/271/220 101/274/223 106/280/229 102/281/230
f 102/281/230 106/280/229 3903/282/231 3902/283/232
f 101/274/223 3938/276/225 3937/284/233 106/280/229
f 106/280/229 3937/284/233 5539/285/234 3903/282/231
f 100/271/220 102/281/230 107/286/235 103/287/236
f 103/287/236 107/286/235 3336/288/237 3335/289/238
f 102/281/230 3902/283/232 3901/290/239 107/286/235
f 107/286/235 3901/290/239 5463/291/240 3336/288/237
f 100/271/220 103/287/236 108/292/241 104/272/221
f 104/272/221 108/292/241 3831/293/242 3830/277/226
f 103/287/236 3335/289/238 3334/294/243 108/292/241
f 108/292/241 3334/294/243 5511/295/55 3831/293/242
f 109/296/244 113/297/245 114/298/246 110/299/247
f 110/299/247 114/298/246 3918/300/248 3917/301/249
f 113/297/245 3935/302/250 3934/303/251 114/298/246
f 114/298/246 3934/303/251 5544/304/252 3918/300/248
f 109/296/244 110/299/247 115/305/253 111/306/254
f 111/306/254 115/305/253 3861/307/255 3860/308/256
f 110/299/247 3917/301/249 3916/309/257 115/305/253
f 115/305/253 3916/309/257 5533/310/258 3861/307/255
f 109/296/244 111/306/254 116/311/259 112/312/260
f 112/312/260 116/311/259 3901/313/239 3902/314/232
f 111/306/254 3860/308/256 3859/315/261 116/311/259
f 116/311/259 3859/315/261 5463/316/240 3901/313/239
f 109/296/244 112/312/260 117/317/262 113/297/245
f 113/297/245 117/317/262 3936/318/263 3935/302/250
f 112/312/260 3902/314/232 3903/319/231 117/317/262
f 117/317/262 3903/319/231 5539/320/234 3936/318/263
f 118/321/264 122/322/265 123/323/266 119/324/267
f 119/324/267 123/323/266 3882/325/268 3881/326/269
f 122/322/265 3827/327/270 3826/328/271 123/323/266
f 123/323/266 3826/328/271 5535/329/272 3882/325/268
f 118/321/264 119/324/267 124/330/273 120/331/274
f 120/331/274 124/330/273 3864/332/275 3863/333/276
f 119/324/267 3881/326/269 3880/334/277 124/330/273
f 124/330/273 3880/334/277 5534/335/278 3864/332/275
f 118/321/264 120/331/274 125/336/279 121/337/280
f 121/337/280 125/336/279 3703/338/281 3704/339/282
f 120/331/274 3863/333/276 3862/340/283 125/336/279
f 125/336/279 3862/340/283 5464/341/284 3703/338/281
f 118/321/264 121/337/280 126/342/285 122/322/265
f 122/322/265 126/342/285 3828/343/286 3827/327/270
f 121/337/280 3704/339/282 3705/344/287 126/342/285
f 126/342/285 3705/344/287 5512/345/288 3828/343/286
f 127/346/289 131/347/290 132/348/291 128/349/292
f 128/349/292 132/348/291 3618/244/199 3617/239/194
f 131/347/290 3662/350/14 3661/351/14 132/348/291
f 132/348/291 3661/351/14 5495/245/14 3618/244/199
f 127/346/289 128/349/292 133/352/293 129/353/294
f 129/353/294 133/352/293 3358/354/295 3359/355/296
f 128/349/292 3617/239/194 3616/238/193 133/352/293
f 133/352/293 3616/238/193 5461/241/196 3358/354/295
f 127/346/289 129/353/294 134/356/297 130/357/298
f 130/357/298 134/356/297 3622/259/210 3623/251/205
f 129/353/294 3359/355/296 3360/358/299 134/356/297
f 134/356/297 3360/358/299 5466/260/211 3622/259/210
f 127/346/289 130/357/298 135/359/300 131/347/290
f 131/347/290 135/359/300 3663/360/14 3662/350/14
f 130/357/298 3623/251/205 3624/250/204 135/359/300
f 135/359/300 3624/250/204 5497/254/14 3663/360/14
f 136/361/301 140/362/302 141/363/303 137/364/304
f 137/364/304 141/363/303 3696/365/149 3695/366/144
f 140/362/302 3824/367/305 3823/368/306 141/363/303
f 141/363/303 3823/368/306 5509/369/150 3696/365/149
f 136/361/301 137/364/304 142/370/307 138/371/308
f 138/371/308 142/370/307 3297/372/309 3296/373/310
f 137/364/304 3695/366/144 3694/374/143 142/370/307
f 142/370/307 3694/374/143 5460/375/146 3297/372/309
f 136/361/301 138/371/308 143/376/311 139/377/312
f 139/377/312 143/376/311 3706/209/164 3707/201/156
f 138/371/308 3296/373/310 3295/378/313 143/376/311
f 143/376/311 3295/378/313 5465/210/165 3706/209/164
f 136/361/301 139/377/312 144/379/314 140/362/302
f 140/362/302 144/379/314 3825/380/315 3824/367/305
f 139/377/312 3707/201/156 3708/200/155 144/379/314
f 144/379/314 3708/200/155 5513/204/159 3825/380/315
f 145/381/316 149/382/316 150/383/317 146/384/317
f 146/384/317 150/383/317 3690/144/104 3689/139/104
f 149/382/316 3821/385/316 3820/386/317 150/383/317
f 150/383/317 3820/386/317 5507/145/104 3690/144/104
f 145/381/316 146/384/317 151/387/317 147/388/316
f 147/388/316 151/387/317 3361/389/317 3362/390/316
f 146/384/317 3689/139/104 3688/138/104 151/387/317
f 151/387/317 3688/138/104 5605/141/104 3361/389/317
f 145/381/316 147/388/316 152/391/318 148/392/318
f 148/392/318 152/391/318 3709/159/109 3710/151/109
f 147/388/316 3362/390/316 3363/393/318 152/391/318
f 152/391/318 3363/393/318 5615/160/115 3709/159/109
f 145/381/316 148/392/318 153/394/318 149/382/316
f 149/382/316 153/394/318 3822/395/318 3821/385/316
f 148/392/318 3710/151/109 3711/150/109 153/394/318
f 153/394/318 3711/150/109 5514/154/109 3822/395/318
f 154/396/319 158/397/320 159/398/321 155/399/322
f 155/399/322 159/398/321 3330/400/323 3329/401/324
f 158/397/320 3296/402/310 3297/403/309 159/398/321
f 159/398/321 3297/403/309 5460/404/146 3330/400/323
f 154/396/319 155/399/322 160/405/325 156/406/326
f 156/406/326 160/405/325 3397/407/327 3398/408/328
f 155/399/322 3329/401/324 3328/409/329 160/405/325
f 160/405/325 3328/409/329 5469/410/14 3397/407/327
f 154/396/319 156/406/326 161/411/330 157/412/331
f 157/412/331 161/411/330 3367/413/332 3368/414/333
f 156/406/326 3398/408/328 3399/415/334 161/411/330
f 161/411/330 3399/415/334 5471/416/335 3367/413/332
f 154/396/319 157/412/331 162/417/336 158/397/320
f 158/397/320 162/417/336 3295/418/313 3296/402/310
f 157/412/331 3368/414/333 3369/419/337 162/417/336
f 162/417/336 3369/419/337 5465/420/165 3295/418/313
f 163/421/338 167/422/339 168/423/340 164/424/341
f 164/424/341 168/423/340 3369/419/337 3368/414/333
f 167/422/339 3356/425/163 3357/426/162 168/423/340
f 168/423/340 3357/426/162 5465/420/165 3369/419/337
f 163/421/338 164/424/341 169/427/342 165/428/343
f 165/428/343 169/427/342 3400/429/344 3401/430/345
f 164/424/341 3368/414/333 3367/413/332 169/427/342
f 169/427/342 3367/413/332 5471/416/335 3400/429/344
f 163/421/338 165/428/343 170/431/346 166/432/347
f 166/432/347 170/431/346 3331/433/348 3332/434/349
f 165/428/343 3401/430/345 3402/435/350 170/431/346
f 170/431/346 3402/435/350 5470/436/351 3331/433/348
f 163/421/338 166/432/347 171/437/352 167/422/339
f 167/422/339 171/437/352 3355/438/170 3356/425/163
f 166/432/347 3332/434/349 3333/439/353 171/437/352
f 171/437/352 3333/439/353 5459/440/171 3355/438/170
f 172/441/354 176/442/355 177/443/356 173/444/357
f 173/444/357 177/443/356 3264/445/358 3263/446/359
f 176/442/355 3266/447/138 3267/448/137 177/443/356
f 177/443/356 3267/448/137 5457/449/140 3264/445/358
f 172/441/354 173/444/357 178/450/360 174/451/361
f 174/451/361 178/450/360 3403/452/362 3404/453/363
f 173/444/357 3263/446/359 3262/454/364 178/450/360
f 178/450/360 3262/454/364 5467/455/365 3403/452/362
f 172/441/354 174/451/361 179/456/366 175/457/367
f 175/457/367 179/456/366 3328/409/329 3329/401/324
f 174/451/361 3404/453/363 3405/458/368 179/456/366
f 179/456/366 3405/458/368 5469/410/14 3328/409/329
f 172/441/354 175/457/367 180/459/369 176/442/355
f 176/442/355 180/459/369 3265/460/145 3266/447/138
f 175/457/367 3329/401/324 3330/400/323 180/459/369
f 180/459/369 3330/400/323 5460/404/146 3265/460/145
f 181/461/370 185/462/371 186/463/372 182/464/373
f 182/464/373 186/463/372 3819/465/374 3818/466/375
f 185/462/371 3680/467/376 3681/468/377 186/463/372
f 186/463/372 3681/468/377 5504/469/378 3819/465/374
f 181/461/370 182/464/373 187/470/379 183/471/380
f 183/471/380 187/470/379 3406/472/381 3407/473/382
f 182/464/373 3818/466/375 3817/474/383 187/470/379
f 187/470/379 3817/474/383 5515/475/384 3406/472/381
f 181/461/370 183/471/380 188/476/385 184/477/386
f 184/477/386 188/476/385 3289/478/387 3290/479/388
f 183/471/380 3407/473/382 3408/480/389 188/476/385
f 188/476/385 3408/480/389 5619/481/390 3289/478/387
f 181/461/370 184/477/386 189/482/391 185/462/371
f 185/462/371 189/482/391 3679/483/392 3680/467/376
f 184/477/386 3290/479/388 3291/484/393 189/482/391
f 189/482/391 3291/484/393 5599/485/394 3679/483/392
f 190/486/395 194/487/396 195/488/397 191/489/398
f 191/489/398 195/488/397 3933/490/399 3932/491/400
f 194/487/396 3896/492/401 3897/493/402 195/488/397
f 195/488/397 3897/493/402 5538/494/403 3933/490/399
f 190/486/395 191/489/398 196/495/404 192/496/405
f 192/496/405 196/495/404 3409/497/406 3410/498/407
f 191/489/398 3932/491/400 3931/499/408 196/495/404
f 196/495/404 3931/499/408 5540/500/409 3409/497/406
f 190/486/395 192/496/405 197/501/410 193/502/411
f 193/502/411 197/501/410 3271/503/412 3272/504/413
f 192/496/405 3410/498/407 3411/505/414 197/501/410
f 197/501/410 3411/505/414 5468/506/415 3271/503/412
f 190/486/395 193/502/411 198/507/416 194/487/396
f 194/487/396 198/507/416 3895/508/417 3896/492/401
f 193/502/411 3272/504/413 3273/509/418 198/507/416
f 198/507/416 3273/509/418 5455/510/419 3895/508/417
f 199/511/420 203/512/421 204/513/422 200/514/423
f 200/514/423 204/513/422 3660/515/424 3659/516/425
f 203/512/421 3608/226/181 3609/225/180 204/513/422
f 204/513/422 3609/225/180 5493/229/184 3660/515/424
f 199/511/420 200/514/423 205/517/426 201/518/427
f 201/518/427 205/517/426 3627/519/428 3626/520/429
f 200/514/423 3659/516/425 3658/521/430 205/517/426
f 205/517/426 3658/521/430 5498/522/431 3627/519/428
f 199/511/420 201/518/427 206/523/432 202/524/433
f 202/524/433 206/523/432 3412/525/434 3413/526/435
f 201/518/427 3626/520/429 3625/527/436 206/523/432
f 206/523/432 3625/527/436 5473/528/437 3412/525/434
f 199/511/420 202/524/433 207/529/438 203/512/421
f 203/512/421 207/529/438 3607/234/189 3608/226/181
f 202/524/433 3413/526/435 3414/530/439 207/529/438
f 207/529/438 3414/530/439 5458/235/190 3607/234/189
f 208/531/440 212/532/441 213/533/442 209/534/443
f 209/534/443 213/533/442 4227/535/444 4226/536/445
f 212/532/441 4166/537/446 4167/538/447 213/533/442
f 213/533/442 4167/538/447 5580/539/448 4227/535/444
f 208/531/440 209/534/443 214/540/449 210/541/450
f 210/541/450 214/540/449 4072/542/451 4073/543/452
f 209/534/443 4226/536/445 4225/544/453 214/540/449
f 214/540/449 4225/544/453 5579/545/454 4072/542/451
f 208/531/440 210/541/450 215/546/455 211/547/456
f 211/547/456 215/546/455 4068/548/457 4067/549/458
f 210/541/450 4073/543/452 4074/550/459 215/546/455
f 215/546/455 4074/550/459 5561/551/460 4068/548/457
f 208/531/440 211/547/456 216/552/461 212/532/441
f 212/532/441 216/552/461 4165/553/462 4166/537/446
f 211/547/456 4067/549/458 4066/554/463 216/552/461
f 216/552/461 4066/554/463 5564/555/464 4165/553/462
f 217/556/465 221/557/466 222/558/467 218/559/468
f 218/559/468 222/558/467 3816/560/469 3815/561/470
f 221/557/466 3683/176/131 3684/175/130 222/558/467
f 222/558/467 3684/175/130 5505/179/134 3816/560/469
f 217/556/465 218/559/468 223/562/471 219/563/472
f 219/563/472 223/562/471 3720/564/473 3719/565/474
f 218/559/468 3815/561/470 3814/566/475 223/562/471
f 223/562/471 3814/566/475 5517/567/476 3720/564/473
f 217/556/465 219/563/472 224/568/477 220/569/478
f 220/569/478 224/568/477 3430/570/479 3431/571/480
f 219/563/472 3719/565/474 3718/572/481 224/568/477
f 224/568/477 3718/572/481 5472/573/482 3430/570/479
f 217/556/465 220/569/478 225/574/483 221/557/466
f 221/557/466 225/574/483 3682/184/139 3683/176/131
f 220/569/478 3431/571/480 3432/575/484 225/574/483
f 225/574/483 3432/575/484 5457/185/140 3682/184/139
f 226/576/485 230/577/485 231/578/486 227/579/486
f 227/579/486 231/578/486 3442/580/487 3443/581/487
f 230/577/485 3812/582/485 3811/583/486 231/578/486
f 231/578/486 3811/583/486 5519/584/487 3442/580/487
f 226/576/485 227/579/486 232/585/486 228/586/485
f 228/586/485 232/585/486 3490/587/486 3491/588/485
f 227/579/486 3443/581/487 3444/589/487 232/585/486
f 232/585/486 3444/589/487 5630/590/487 3490/587/486
f 226/576/485 228/586/485 233/591/488 229/592/488
f 229/592/488 233/591/488 3474/593/489 3473/594/489
f 228/586/485 3491/588/485 3492/595/488 233/591/488
f 233/591/488 3492/595/488 5635/596/489 3474/593/489
f 226/576/485 229/592/488 234/597/488 230/577/485
f 230/577/485 234/597/488 3813/598/488 3812/582/485
f 229/592/488 3473/594/489 3472/599/489 234/597/488
f 234/597/488 3472/599/489 5521/600/489 3813/598/488
f 235/601/14 239/602/14 240/603/14 236/604/14
f 236/604/14 240/603/14 3445/605/14 3446/606/14
f 239/602/14 3656/607/14 3655/608/14 240/603/14
f 240/603/14 3655/608/14 5499/609/14 3445/605/14
f 235/601/14 236/604/14 241/610/14 237/611/14
f 237/611/14 241/610/14 3448/612/14 3449/613/14
f 236/604/14 3446/606/14 3447/614/14 241/610/14
f 241/610/14 3447/614/14 5477/615/14 3448/612/14
f 235/601/14 237/611/14 242/616/14 238/617/14
f 238/617/14 242/616/14 3480/618/14 3479/619/14
f 237/611/14 3449/613/14 3450/620/14 242/616/14
f 242/616/14 3450/620/14 5480/621/14 3480/618/14
f 235/601/14 238/617/14 243/622/14 239/602/14
f 239/602/14 243/622/14 3657/623/14 3656/607/14
f 238/617/14 3479/619/14 3478/624/14 243/622/14
f 243/622/14 3478/624/14 5500/625/14 3657/623/14
f 244/626/490 248/627/491 249/628/492 245/629/493
f 245/629/493 249/628/492 3427/630/494 3428/631/495
f 248/627/491 3653/632/496 3652/633/497 249/628/492
f 249/628/492 3652/633/497 5498/522/431 3427/630/494
f 244/626/490 245/629/493 250/634/498 246/635/499
f 246/635/499 250/634/498 3451/636/500 3452/637/501
f 245/629/493 3428/631/495 3429/638/502 250/634/498
f 250/634/498 3429/638/502 5474/639/503 3451/636/500
f 244/626/490 246/635/499 251/640/504 247/641/505
f 247/641/505 251/640/504 3447/614/14 3446/606/14
f 246/635/499 3452/637/501 3453/642/506 251/640/504
f 251/640/504 3453/642/506 5477/615/14 3447/614/14
f 244/626/490 247/641/505 252/643/507 248/627/491
f 248/627/491 252/643/507 3654/644/508 3653/632/496
f 247/641/505 3446/606/14 3445/605/14 252/643/507
f 252/643/507 3445/605/14 5499/609/14 3654/644/508
f 253/645/509 257/646/509 258/647/510 254/648/510
f 254/648/510 258/647/510 3421/649/476 3422/650/476
f 257/646/509 3809/651/509 3808/652/510 258/647/510
f 258/647/510 3808/652/510 5517/567/476 3421/649/476
f 253/645/509 254/648/510 259/653/510 255/654/509
f 255/654/509 259/653/510 3457/655/510 3458/656/509
f 254/648/510 3422/650/476 3423/657/511 259/653/510
f 259/653/510 3423/657/511 5625/658/511 3457/655/510
f 253/645/509 255/654/509 260/659/512 256/660/512
f 256/660/512 260/659/512 3444/589/487 3443/581/487
f 255/654/509 3458/656/509 3459/661/512 260/659/512
f 260/659/512 3459/661/512 5630/590/487 3444/589/487
f 253/645/509 256/660/512 261/662/512 257/646/509
f 257/646/509 261/662/512 3810/663/512 3809/651/509
f 256/660/512 3443/581/487 3442/580/487 261/662/512
f 261/662/512 3442/580/487 5519/584/487 3810/663/512
f 262/664/513 266/665/514 267/666/515 263/667/516
f 263/667/516 267/666/515 3415/668/517 3416/669/518
f 266/665/514 3806/670/519 3805/671/520 267/666/515
f 267/666/515 3805/671/520 5516/15/5 3415/668/517
f 262/664/513 263/667/516 268/672/521 264/673/522
f 264/673/522 268/672/521 3456/674/523 3455/675/524
f 263/667/516 3416/669/518 3417/676/525 268/672/521
f 268/672/521 3417/676/525 5473/677/437 3456/674/523
f 262/664/513 264/673/522 269/678/526 265/679/527
f 265/679/527 269/678/526 3438/680/528 3437/681/529
f 264/673/522 3455/675/524 3454/682/530 269/678/526
f 269/678/526 3454/682/530 5476/683/531 3438/680/528
f 262/664/513 265/679/527 270/684/532 266/665/514
f 266/665/514 270/684/532 3807/685/533 3806/670/519
f 265/679/527 3437/681/529 3436/686/534 270/684/532
f 270/684/532 3436/686/534 5518/687/535 3807/685/533
f 271/688/536 275/689/537 276/690/538 272/691/539
f 272/691/539 276/690/538 3418/692/540 3419/693/541
f 275/689/537 3452/637/501 3451/636/500 276/690/538
f 276/690/538 3451/636/500 5474/639/503 3418/692/540
f 271/688/536 272/691/539 277/694/542 273/695/543
f 273/695/543 277/694/542 3462/696/544 3461/697/545
f 272/691/539 3419/693/541 3420/698/546 277/694/542
f 277/694/542 3420/698/546 5472/699/482 3462/696/544
f 271/688/536 273/695/543 278/700/547 274/701/548
f 274/701/548 278/700/547 3441/702/549 3440/703/550
f 273/695/543 3461/697/545 3460/704/551 278/700/547
f 278/700/547 3460/704/551 5475/705/552 3441/702/549
f 271/688/536 274/701/548 279/706/553 275/689/537
f 275/689/537 279/706/553 3453/642/506 3452/637/501
f 274/701/548 3440/703/550 3439/707/554 279/706/553
f 279/706/553 3439/707/554 5477/615/14 3453/642/506
f 280/708/555 284/709/556 285/710/557 281/711/558
f 281/711/558 285/710/557 3469/712/559 3470/713/560
f 284/709/556 3482/714/14 3483/715/14 285/710/557
f 285/710/557 3483/715/14 5480/621/14 3469/712/559
f 280/708/555 281/711/558 286/716/561 282/717/562
f 282/717/562 286/716/561 3475/718/563 3476/719/564
f 281/711/558 3470/713/560 3471/720/565 286/716/561
f 286/716/561 3471/720/565 5478/721/566 3475/718/563
f 280/708/555 282/717/562 287/722/567 283/723/568
f 283/723/568 287/722/567 3504/724/14 3503/725/14
f 282/717/562 3476/719/564 3477/726/569 287/722/567
f 287/722/567 3477/726/569 5482/727/14 3504/724/14
f 280/708/555 283/723/568 288/728/570 284/709/556
f 284/709/556 288/728/570 3481/729/14 3482/714/14
f 283/723/568 3503/725/14 3502/730/14 288/728/570
f 288/728/570 3502/730/14 5485/731/14 3481/729/14
f 289/732/571 293/733/572 294/734/573 290/735/574
f 290/735/574 294/734/573 3466/736/575 3467/737/576
f 293/733/572 3803/738/577 3802/739/578 294/734/573
f 294/734/573 3802/739/578 5520/740/579 3466/736/575
f 289/732/571 290/735/574 295/741/580 291/742/581
f 291/742/581 295/741/580 3484/743/582 3485/744/583
f 290/735/574 3467/737/576 3468/745/584 295/741/580
f 295/741/580 3468/745/584 5479/746/585 3484/743/582
f 289/732/571 291/742/581 296/747/586 292/748/587
f 292/748/587 296/747/586 3501/749/588 3500/750/589
f 291/742/581 3485/744/583 3486/751/590 296/747/586
f 296/747/586 3486/751/590 5483/752/591 3501/749/588
f 289/732/571 292/748/587 297/753/592 293/733/572
f 293/733/572 297/753/592 3804/754/593 3803/738/577
f 292/748/587 3500/750/589 3499/755/594 297/753/592
f 297/753/592 3499/755/594 5522/756/595 3804/754/593
f 298/757/596 302/758/597 303/759/598 299/760/599
f 299/760/599 303/759/598 3436/686/534 3437/681/529
f 302/758/597 3800/761/600 3799/762/601 303/759/598
f 303/759/598 3799/762/601 5518/687/535 3436/686/534
f 298/757/596 299/760/599 304/763/602 300/764/603
f 300/764/603 304/763/602 3489/765/604 3488/766/605
f 299/760/599 3437/681/529 3438/680/528 304/763/602
f 304/763/602 3438/680/528 5476/683/531 3489/765/604
f 298/757/596 300/764/603 305/767/606 301/768/607
f 301/768/607 305/767/606 3468/745/584 3467/737/576
f 300/764/603 3488/766/605 3487/769/608 305/767/606
f 305/767/606 3487/769/608 5479/746/585 3468/745/584
f 298/757/596 301/768/607 306/770/609 302/758/597
f 302/758/597 306/770/609 3801/771/610 3800/761/600
f 301/768/607 3467/737/576 3466/736/575 306/770/609
f 306/770/609 3466/736/575 5520/740/579 3801/771/610
f 307/772/611 311/773/612 312/774/613 308/775/614
f 308/775/614 312/774/613 3439/707/554 3440/703/550
f 311/773/612 3449/613/14 3448/612/14 312/774/613
f 312/774/613 3448/612/14 5477/615/14 3439/707/554
f 307/772/611 308/775/614 313/776/615 309/777/616
f 309/777/616 313/776/615 3495/778/617 3494/779/618
f 308/775/614 3440/703/550 3441/702/549 313/776/615
f 313/776/615 3441/702/549 5475/705/552 3495/778/617
f 307/772/611 309/777/616 314/780/619 310/781/620
f 310/781/620 314/780/619 3471/720/565 3470/713/560
f 309/777/616 3494/779/618 3493/782/621 314/780/619
f 314/780/619 3493/782/621 5478/721/566 3471/720/565
f 307/772/611 310/781/620 315/783/622 311/773/612
f 311/773/612 315/783/622 3450/620/14 3449/613/14
f 310/781/620 3470/713/560 3469/712/559 315/783/622
f 315/783/622 3469/712/559 5480/621/14 3450/620/14
f 316/784/623 320/785/624 321/786/625 317/787/626
f 317/787/626 321/786/625 4047/788/14 4046/789/14
f 320/785/624 3989/790/627 3990/791/628 321/786/625
f 321/786/625 3990/791/628 5551/792/14 4047/788/14
f 316/784/623 317/787/626 322/793/629 318/794/630
f 318/794/630 322/793/629 3508/795/631 3509/796/632
f 317/787/626 4046/789/14 4045/797/14 322/793/629
f 322/793/629 4045/797/14 5550/798/14 3508/795/631
f 316/784/623 318/794/630 323/799/633 319/800/634
f 319/800/634 323/799/633 3531/801/635 3530/802/636
f 318/794/630 3509/796/632 3510/803/637 323/799/633
f 323/799/633 3510/803/637 5481/804/638 3531/801/635
f 316/784/623 319/800/634 324/805/639 320/785/624
f 320/785/624 324/805/639 3988/806/640 3989/790/627
f 319/800/634 3530/802/636 3529/807/641 324/805/639
f 324/805/639 3529/807/641 5487/808/642 3988/806/640
f 325/809/643 329/810/644 330/811/645 326/812/646
f 326/812/646 330/811/645 4044/813/647 4043/814/648
f 329/810/644 3797/815/649 3796/816/650 330/811/645
f 330/811/645 3796/816/650 5557/817/651 4044/813/647
f 325/809/643 326/812/646 331/818/652 327/819/653
f 327/819/653 331/818/652 3517/820/654 3518/821/655
f 326/812/646 4043/814/648 4042/822/656 331/818/652
f 331/818/652 4042/822/656 5552/823/657 3517/820/654
f 325/809/643 327/819/653 332/824/658 328/825/659
f 328/825/659 332/824/658 3528/826/660 3527/827/661
f 327/819/653 3518/821/655 3519/828/662 332/824/658
f 332/824/658 3519/828/662 5486/829/663 3528/826/660
f 325/809/643 328/825/659 333/830/664 329/810/644
f 329/810/644 333/830/664 3798/831/665 3797/815/649
f 328/825/659 3527/827/661 3526/832/666 333/830/664
f 333/830/664 3526/832/666 5523/833/667 3798/831/665
f 334/834/14 338/835/14 339/836/14 335/837/14
f 335/837/14 339/836/14 3478/624/14 3479/619/14
f 338/835/14 3650/838/14 3649/839/14 339/836/14
f 339/836/14 3649/839/14 5500/625/14 3478/624/14
f 334/834/14 335/837/14 340/840/14 336/841/14
f 336/841/14 340/840/14 3483/715/14 3482/714/14
f 335/837/14 3479/619/14 3480/618/14 340/840/14
f 340/840/14 3480/618/14 5480/621/14 3483/715/14
f 334/834/14 336/841/14 341/842/14 337/843/14
f 337/843/14 341/842/14 3513/844/14 3512/845/14
f 336/841/14 3482/714/14 3481/729/14 341/842/14
f 341/842/14 3481/729/14 5485/731/14 3513/844/14
f 334/834/14 337/843/14 342/846/14 338/835/14
f 338/835/14 342/846/14 3651/847/14 3650/838/14
f 337/843/14 3512/845/14 3511/848/14 342/846/14
f 342/846/14 3511/848/14 5501/849/14 3651/847/14
f 343/850/14 347/851/14 348/852/14 344/853/14
f 344/853/14 348/852/14 3987/854/14 3986/855/14
f 347/851/14 4040/856/14 4039/857/14 348/852/14
f 348/852/14 4039/857/14 5550/798/14 3987/854/14
f 343/850/14 344/853/14 349/858/14 345/859/14
f 345/859/14 349/858/14 3573/860/14 3572/861/14
f 344/853/14 3986/855/14 3985/862/14 349/858/14
f 349/858/14 3985/862/14 5482/727/14 3573/860/14
f 343/850/14 345/859/14 350/863/14 346/864/14
f 346/864/14 350/863/14 3997/865/14 3998/866/14
f 345/859/14 3572/861/14 3571/867/14 350/863/14
f 350/863/14 3571/867/14 5490/868/14 3997/865/14
f 343/850/14 346/864/14 351/869/14 347/851/14
f 347/851/14 351/869/14 4041/870/14 4040/856/14
f 346/864/14 3998/866/14 3999/871/14 351/869/14
f 351/869/14 3999/871/14 5553/872/14 4041/870/14
f 352/873/668 356/874/669 357/875/670 353/876/671
f 353/876/671 357/875/670 3795/877/672 3794/878/673
f 356/874/669 3647/879/674 3646/880/675 357/875/670
f 357/875/670 3646/880/675 5531/881/676 3795/877/672
f 352/873/668 353/876/671 358/882/677 354/883/678
f 354/883/678 358/882/677 3526/884/666 3527/885/661
f 353/876/671 3794/878/673 3793/886/679 358/882/677
f 358/882/677 3793/886/679 5523/887/667 3526/884/666
f 352/873/668 354/883/678 359/888/680 355/889/681
f 355/889/681 359/888/680 3637/890/682 3638/891/683
f 354/883/678 3527/885/661 3528/892/660 359/888/680
f 359/888/680 3528/892/660 5486/893/663 3637/890/682
f 352/873/668 355/889/681 360/894/684 356/874/669
f 356/874/669 360/894/684 3648/895/685 3647/879/674
f 355/889/681 3638/891/683 3639/896/686 360/894/684
f 360/894/684 3639/896/686 5502/897/687 3648/895/685
f 361/898/688 365/899/689 366/900/690 362/901/691
f 362/901/691 366/900/690 3792/902/692 3791/903/693
f 365/899/689 3740/904/694 3741/905/695 366/900/690
f 366/900/690 3741/905/695 5524/906/696 3792/902/692
f 361/898/688 362/901/691 367/907/697 363/908/698
f 363/908/698 367/907/697 3544/909/699 3545/910/700
f 362/901/691 3791/903/693 3790/911/701 367/907/697
f 367/907/697 3790/911/701 5525/912/702 3544/909/699
f 361/898/688 363/908/698 368/913/703 364/914/704
f 364/914/704 368/913/703 3529/915/641 3530/916/636
f 363/908/698 3545/910/700 3546/917/705 368/913/703
f 368/913/703 3546/917/705 5487/918/642 3529/915/641
f 361/898/688 364/914/704 369/919/706 365/899/689
f 365/899/689 369/919/706 3739/920/707 3740/904/694
f 364/914/704 3530/916/636 3531/921/635 369/919/706
f 369/919/706 3531/921/635 5481/922/638 3739/920/707
f 370/923/708 374/924/709 375/925/710 371/926/711
f 371/926/711 375/925/710 4038/927/14 4037/928/14
f 374/924/709 3644/929/712 3643/930/713 375/925/710
f 375/925/710 3643/930/713 5555/931/14 4038/927/14
f 370/923/708 371/926/711 376/932/714 372/933/715
f 372/933/715 376/932/714 3990/791/628 3989/790/627
f 371/926/711 4037/928/14 4036/934/14 376/932/714
f 376/932/714 4036/934/14 5551/792/14 3990/791/628
f 370/923/708 372/933/715 377/935/716 373/936/717
f 373/936/717 377/935/716 3540/937/718 3539/938/719
f 372/933/715 3989/790/627 3988/806/640 377/935/716
f 377/935/716 3988/806/640 5487/808/642 3540/937/718
f 370/923/708 373/936/717 378/939/720 374/924/709
f 374/924/709 378/939/720 3645/940/721 3644/929/712
f 373/936/717 3539/938/719 3538/941/722 378/939/720
f 378/939/720 3538/941/722 5502/897/687 3645/940/721
f 379/942/723 383/943/724 384/944/725 380/945/726
f 380/945/726 384/944/725 3477/726/569 3476/719/564
f 383/943/724 3572/861/14 3573/860/14 384/944/725
f 384/944/725 3573/860/14 5482/727/14 3477/726/569
f 379/942/723 380/945/726 385/946/727 381/947/728
f 381/947/728 385/946/727 3505/948/729 3506/949/730
f 380/945/726 3476/719/564 3475/718/563 385/946/727
f 385/946/727 3475/718/563 5478/721/566 3505/948/729
f 379/942/723 381/947/728 386/950/731 382/951/732
f 382/951/732 386/950/731 3556/952/733 3557/953/734
f 381/947/728 3506/949/730 3507/954/735 386/950/731
f 386/950/731 3507/954/735 5488/955/736 3556/952/733
f 379/942/723 382/951/732 387/956/737 383/943/724
f 383/943/724 387/956/737 3571/867/14 3572/861/14
f 382/951/732 3557/953/734 3558/957/738 387/956/737
f 387/956/737 3558/957/738 5490/868/14 3571/867/14
f 388/958/739 392/959/740 393/960/741 389/961/742
f 389/961/742 393/960/741 4017/962/14 4016/963/14
f 392/959/740 4034/964/743 4033/965/744 393/960/741
f 393/960/741 4033/965/744 5558/966/14 4017/962/14
f 388/958/739 389/961/742 394/967/745 390/968/746
f 390/968/746 394/967/745 3601/969/747 3602/970/748
f 389/961/742 4016/963/14 4015/971/14 394/967/745
f 394/967/745 4015/971/14 5546/972/14 3601/969/747
f 388/958/739 390/968/746 395/973/749 391/974/750
f 391/974/750 395/973/749 4000/975/751 4001/976/752
f 390/968/746 3602/970/748 3603/977/753 395/973/749
f 395/973/749 3603/977/753 5492/978/754 4000/975/751
f 388/958/739 391/974/750 396/979/755 392/959/740
f 392/959/740 396/979/755 4035/980/756 4034/964/743
f 391/974/750 4001/976/752 4002/981/757 396/979/755
f 396/979/755 4002/981/757 5554/982/758 4035/980/756
f 397/983/759 401/984/760 402/985/761 398/986/762
f 398/986/762 402/985/761 3981/987/763 3980/988/764
f 401/984/760 3788/989/765 3787/990/766 402/985/761
f 402/985/761 3787/990/766 5549/991/767 3981/987/763
f 397/983/759 398/986/762 403/992/768 399/993/769
f 399/993/769 403/992/768 3559/994/770 3560/995/771
f 398/986/762 3980/988/764 3979/996/772 403/992/768
f 403/992/768 3979/996/772 5545/997/773 3559/994/770
f 397/983/759 399/993/769 404/998/774 400/999/775
f 400/999/775 404/998/774 3757/1000/776 3758/1001/777
f 399/993/769 3560/995/771 3561/1002/778 404/998/774
f 404/998/774 3561/1002/778 5491/1003/779 3757/1000/776
f 397/983/759 400/999/775 405/1004/780 401/984/760
f 401/984/760 405/1004/780 3789/1005/781 3788/989/765
f 400/999/775 3758/1001/777 3759/1006/782 405/1004/780
f 405/1004/780 3759/1006/782 5530/1007/783 3789/1005/781
f 406/1008/784 410/1009/784 411/1010/785 407/1011/785
f 407/1011/785 411/1010/785 3472/1012/489 3473/1013/489
f 410/1009/784 3785/1014/784 3784/1015/785 411/1010/785
f 411/1010/785 3784/1015/785 5521/1016/489 3472/1012/489
f 406/1008/784 407/1011/785 412/1017/785 408/1018/784
f 408/1018/784 412/1017/785 3550/1019/785 3551/1020/784
f 407/1011/785 3473/1013/489 3474/1021/489 412/1017/785
f 412/1017/785 3474/1021/489 5635/1022/489 3550/1019/785
f 406/1008/784 408/1018/784 413/1023/786 409/1024/786
f 409/1024/786 413/1023/786 3555/1025/787 3554/1026/787
f 408/1018/784 3551/1020/784 3552/1027/786 413/1023/786
f 413/1023/786 3552/1027/786 5650/1028/787 3555/1025/787
f 406/1008/784 409/1024/786 414/1029/786 410/1009/784
f 410/1009/784 414/1029/786 3786/1030/786 3785/1014/784
f 409/1024/786 3554/1026/787 3553/1031/787 414/1029/786
f 414/1029/786 3553/1031/787 5526/1032/787 3786/1030/786
f 415/1033/788 419/1034/789 420/1035/790 416/1036/791
f 416/1036/791 420/1035/790 3741/905/695 3740/904/694
f 419/1034/789 3782/1037/792 3781/1038/793 420/1035/790
f 420/1035/790 3781/1038/793 5524/906/696 3741/905/695
f 415/1033/788 416/1036/791 421/1039/794 417/1040/795
f 417/1040/795 421/1039/794 3576/1041/796 3575/1042/797
f 416/1036/791 3740/904/694 3739/920/707 421/1039/794
f 421/1039/794 3739/920/707 5481/922/638 3576/1041/796
f 415/1033/788 417/1040/795 422/1043/798 418/1044/799
f 418/1044/799 422/1043/798 3748/1045/800 3749/1046/801
f 417/1040/795 3575/1042/797 3574/1047/802 422/1043/798
f 422/1043/798 3574/1047/802 5489/1048/803 3748/1045/800
f 415/1033/788 418/1044/799 423/1049/804 419/1034/789
f 419/1034/789 423/1049/804 3783/1050/805 3782/1037/792
f 418/1044/799 3749/1046/801 3750/1051/806 423/1049/804
f 423/1049/804 3750/1051/806 5527/1052/807 3783/1050/805
f 424/1053/808 428/1054/809 429/1055/810 425/1056/811
f 425/1056/811 429/1055/810 3577/1057/812 3578/1058/812
f 428/1054/809 3779/1059/813 3778/1060/814 429/1055/810
f 429/1055/810 3778/1060/814 5528/1061/812 3577/1057/812
f 424/1053/808 425/1056/811 430/1062/815 426/1063/816
f 426/1063/816 430/1062/815 3589/1064/815 3590/1065/817
f 425/1056/811 3578/1058/812 3579/1066/812 430/1062/815
f 430/1062/815 3579/1066/812 5654/1067/812 3589/1064/815
f 424/1053/808 426/1063/816 431/1068/818 427/1069/819
f 427/1069/819 431/1068/818 3585/1070/820 3584/1071/821
f 426/1063/816 3590/1065/817 3591/1072/822 431/1068/818
f 431/1068/818 3591/1072/822 5657/1073/823 3585/1070/820
f 424/1053/808 427/1069/819 432/1074/824 428/1054/809
f 428/1054/809 432/1074/824 3780/1075/825 3779/1059/813
f 427/1069/819 3584/1071/821 3583/1076/826 432/1074/824
f 432/1074/824 3583/1076/826 5529/1077/827 3780/1075/825
f 433/1078/828 437/1079/829 438/1080/830 434/1081/831
f 434/1081/831 438/1080/830 4032/1082/832 4031/1083/833
f 437/1079/829 3776/1084/834 3775/1085/835 438/1080/830
f 438/1080/830 3775/1085/835 5556/1086/836 4032/1082/832
f 433/1078/828 434/1081/831 439/1087/837 435/1088/838
f 435/1088/838 439/1087/837 3595/1089/839 3596/1090/840
f 434/1081/831 4031/1083/833 4030/1091/841 439/1087/837
f 439/1087/837 4030/1091/841 5730/1092/842 3595/1089/839
f 433/1078/828 435/1088/838 440/1093/843 436/1094/844
f 436/1094/844 440/1093/843 3594/1095/845 3593/1096/846
f 435/1088/838 3596/1090/840 3597/1097/847 440/1093/843
f 440/1093/843 3597/1097/847 5658/1098/848 3594/1095/845
f 433/1078/828 436/1094/844 441/1099/849 437/1079/829
f 437/1079/829 441/1099/849 3777/1100/850 3776/1084/834
f 436/1094/844 3593/1096/846 3592/1101/851 441/1099/849
f 441/1099/849 3592/1101/851 5530/1102/783 3777/1100/850
f 442/1103/852 446/1104/853 447/1105/854 443/1106/855
f 443/1106/855 447/1105/854 3978/1107/856 3977/1108/857
f 446/1104/853 3602/970/748 3601/969/747 447/1105/854
f 447/1105/854 3601/969/747 5546/972/14 3978/1107/856
f 442/1103/852 443/1106/855 448/1109/858 444/1110/859
f 444/1110/859 448/1109/858 3604/1111/860 3605/1112/861
f 443/1106/855 3977/1108/857 3976/1113/862 448/1109/858
f 448/1109/858 3976/1113/862 5547/1114/863 3604/1111/860
f 442/1103/852 444/1110/859 449/1115/864 445/1116/865
f 445/1116/865 449/1115/864 3580/1117/866 3581/1118/867
f 444/1110/859 3605/1112/861 3606/1119/868 449/1115/864
f 449/1115/864 3606/1119/868 5484/1120/869 3580/1117/866
f 442/1103/852 445/1116/865 450/1121/870 446/1104/853
f 446/1104/853 450/1121/870 3603/977/753 3602/970/748
f 445/1116/865 3581/1118/867 3582/1122/871 450/1121/870
f 450/1121/870 3582/1122/871 5492/978/754 3603/977/753
f 451/1123/872 455/1124/872 456/1125/873 452/1126/873
f 452/1126/873 456/1125/873 3975/1127/874 3974/1128/874
f 455/1124/872 3773/1129/872 3772/1130/873 456/1125/873
f 456/1125/873 3772/1130/873 5548/1131/874 3975/1127/874
f 451/1123/872 452/1126/873 457/1132/873 453/1133/872
f 453/1133/872 457/1132/873 3565/1134/873 3566/1135/872
f 452/1126/873 3974/1128/874 3973/1136/874 457/1132/873
f 457/1132/873 3973/1136/874 5718/1137/874 3565/1134/873
f 451/1123/872 453/1133/872 458/1138/875 454/1139/875
f 454/1139/875 458/1138/875 3579/1140/812 3578/1141/812
f 453/1133/872 3566/1135/872 3567/1142/875 458/1138/875
f 458/1138/875 3567/1142/875 5654/1143/812 3579/1140/812
f 451/1123/872 454/1139/875 459/1144/875 455/1124/872
f 455/1124/872 459/1144/875 3774/1145/875 3773/1129/872
f 454/1139/875 3578/1141/812 3577/1146/812 459/1144/875
f 459/1144/875 3577/1146/812 5528/1147/812 3774/1145/875
f 460/1148/876 464/1149/877 465/1150/878 461/1151/879
f 461/1151/879 465/1150/878 4029/1152/880 4028/1153/881
f 464/1149/877 3518/1154/655 3517/1155/654 465/1150/878
f 465/1150/878 3517/1155/654 5552/1156/657 4029/1152/880
f 460/1148/876 461/1151/879 466/1157/882 462/1158/883
f 462/1158/883 466/1157/882 3643/930/713 3644/929/712
f 461/1151/879 4028/1153/881 4027/1159/884 466/1157/882
f 466/1157/882 4027/1159/884 5555/931/14 3643/930/713
f 460/1148/876 462/1158/883 467/1160/885 463/1161/886
f 463/1161/886 467/1160/885 3639/896/686 3638/891/683
f 462/1158/883 3644/929/712 3645/940/721 467/1160/885
f 467/1160/885 3645/940/721 5502/897/687 3639/896/686
f 460/1148/876 463/1161/886 468/1162/887 464/1149/877
f 464/1149/877 468/1162/887 3519/1163/662 3518/1154/655
f 463/1161/886 3638/891/683 3637/890/682 468/1162/887
f 468/1162/887 3637/890/682 5486/893/663 3519/1163/662
f 469/1164/888 473/1165/889 474/1166/890 470/1167/891
f 470/1167/891 474/1166/890 3771/1168/892 3770/1169/893
f 473/1165/889 3545/1170/700 3544/1171/699 474/1166/890
f 474/1166/890 3544/1171/699 5525/1172/702 3771/1168/892
f 469/1164/888 470/1167/891 475/1173/894 471/1174/895
f 471/1174/895 475/1173/894 3646/880/675 3647/879/674
f 470/1167/891 3770/1169/893 3769/1175/896 475/1173/894
f 475/1173/894 3769/1175/896 5531/881/676 3646/880/675
f 469/1164/888 471/1174/895 476/1176/897 472/1177/898
f 472/1177/898 476/1176/897 3538/941/722 3539/938/719
f 471/1174/895 3647/879/674 3648/895/685 476/1176/897
f 476/1176/897 3648/895/685 5502/897/687 3538/941/722
f 469/1164/888 472/1177/898 477/1178/899 473/1165/889
f 473/1165/889 477/1178/899 3546/1179/705 3545/1170/700
f 472/1177/898 3539/938/719 3540/937/718 477/1178/899
f 477/1178/899 3540/937/718 5487/808/642 3546/1179/705
f 478/1180/900 482/1181/901 483/1182/902 479/1183/903
f 479/1183/903 483/1182/902 3631/1184/904 3632/1185/905
f 482/1181/901 3485/1186/583 3484/1187/582 483/1182/902
f 483/1182/902 3484/1187/582 5479/1188/585 3631/1184/904
f 478/1180/900 479/1183/903 484/1189/906 480/1190/907
f 480/1190/907 484/1189/906 3649/839/14 3650/838/14
f 479/1183/903 3632/1185/905 3633/1191/908 484/1189/906
f 484/1189/906 3633/1191/908 5500/625/14 3649/839/14
f 478/1180/900 480/1190/907 485/1192/909 481/1193/910
f 481/1193/910 485/1192/909 3636/1194/911 3635/1195/912
f 480/1190/907 3650/838/14 3651/847/14 485/1192/909
f 485/1192/909 3651/847/14 5501/849/14 3636/1194/911
f 478/1180/900 481/1193/910 486/1196/913 482/1181/901
f 482/1181/901 486/1196/913 3486/1197/590 3485/1186/583
f 481/1193/910 3635/1195/912 3634/1198/914 486/1196/913
f 486/1196/913 3634/1198/914 5483/1199/591 3486/1197/590
f 487/1200/915 491/1201/916 492/1202/917 488/1203/918
f 488/1203/918 492/1202/917 3625/527/436 3626/520/429
f 491/1201/916 3455/1204/524 3456/1205/523 492/1202/917
f 492/1202/917 3456/1205/523 5473/528/437 3625/527/436
f 487/1200/915 488/1203/918 493/1206/919 489/1207/920
f 489/1207/920 493/1206/919 3652/633/497 3653/632/496
f 488/1203/918 3626/520/429 3627/519/428 493/1206/919
f 493/1206/919 3627/519/428 5498/522/431 3652/633/497
f 487/1200/915 489/1207/920 494/1208/921 490/1209/922
f 490/1209/922 494/1208/921 3630/1210/923 3629/1211/924
f 489/1207/920 3653/632/496 3654/644/508 494/1208/921
f 494/1208/921 3654/644/508 5499/609/14 3630/1210/923
f 487/1200/915 490/1209/922 495/1212/925 491/1201/916
f 491/1201/916 495/1212/925 3454/1213/530 3455/1204/524
f 490/1209/922 3629/1211/924 3628/1214/926 495/1212/925
f 495/1212/925 3628/1214/926 5476/1215/531 3454/1213/530
f 496/1216/927 500/1217/928 501/1218/929 497/1219/930
f 497/1219/930 501/1218/929 3628/1214/926 3629/1211/924
f 500/1217/928 3488/1220/605 3489/1221/604 501/1218/929
f 501/1218/929 3489/1221/604 5476/1215/531 3628/1214/926
f 496/1216/927 497/1219/930 502/1222/931 498/1223/932
f 498/1223/932 502/1222/931 3655/608/14 3656/607/14
f 497/1219/930 3629/1211/924 3630/1210/923 502/1222/931
f 502/1222/931 3630/1210/923 5499/609/14 3655/608/14
f 496/1216/927 498/1223/932 503/1224/933 499/1225/934
f 499/1225/934 503/1224/933 3633/1191/908 3632/1185/905
f 498/1223/932 3656/607/14 3657/623/14 503/1224/933
f 503/1224/933 3657/623/14 5500/625/14 3633/1191/908
f 496/1216/927 499/1225/934 504/1226/935 500/1217/928
f 500/1217/928 504/1226/935 3487/1227/608 3488/1220/605
f 499/1225/934 3632/1185/905 3631/1184/904 504/1226/935
f 504/1226/935 3631/1184/904 5479/1188/585 3487/1227/608
f 505/1228/936 509/1229/937 510/1230/938 506/1231/939
f 506/1231/939 510/1230/938 4224/1232/940 4223/1233/941
f 509/1229/937 4160/1234/942 4161/1235/943 510/1230/938
f 510/1230/938 4161/1235/943 5578/1236/944 4224/1232/940
f 505/1228/936 506/1231/939 511/1237/945 507/1238/946
f 507/1238/946 511/1237/945 3424/1239/947 3425/1240/948
f 506/1231/939 4223/1233/941 4222/1241/949 511/1237/945
f 511/1237/945 4222/1241/949 5577/1242/950 3424/1239/947
f 505/1228/936 507/1238/946 512/1243/951 508/1244/952
f 508/1244/952 512/1243/951 4054/1245/953 4055/1246/954
f 507/1238/946 3425/1240/948 3426/1247/955 512/1243/951
f 512/1243/951 3426/1247/955 5562/1248/956 4054/1245/953
f 505/1228/936 508/1244/952 513/1249/957 509/1229/937
f 509/1229/937 513/1249/957 4159/1250/958 4160/1234/942
f 508/1244/952 4055/1246/954 4056/1251/959 513/1249/957
f 513/1249/957 4056/1251/959 5563/1252/960 4159/1250/958
f 514/1253/961 518/1254/962 519/1255/570 515/1256/963
f 515/1256/963 519/1255/570 3390/1257/14 3389/1258/14
f 518/1254/962 3398/408/328 3397/407/327 519/1255/570
f 519/1255/570 3397/407/327 5469/410/14 3390/1257/14
f 514/1253/961 515/1256/963 520/1259/14 516/1260/964
f 516/1260/964 520/1259/14 3661/351/14 3662/350/14
f 515/1256/963 3389/1258/14 3388/1261/14 520/1259/14
f 520/1259/14 3388/1261/14 5495/245/14 3661/351/14
f 514/1253/961 516/1260/964 521/1262/965 517/1263/966
f 517/1263/966 521/1262/965 3394/1264/967 3395/1265/968
f 516/1260/964 3662/350/14 3663/360/14 521/1262/965
f 521/1262/965 3663/360/14 5497/254/14 3394/1264/967
f 514/1253/961 517/1263/966 522/1266/969 518/1254/962
f 518/1254/962 522/1266/969 3399/415/334 3398/408/328
f 517/1263/966 3395/1265/968 3396/1267/970 522/1266/969
f 522/1266/969 3396/1267/970 5471/416/335 3399/415/334
f 523/1268/971 527/1269/972 528/1270/973 524/1271/974
f 524/1271/974 528/1270/973 3396/1267/970 3395/1265/968
f 527/1269/972 3401/430/345 3400/429/344 528/1270/973
f 528/1270/973 3400/429/344 5471/416/335 3396/1267/970
f 523/1268/971 524/1271/974 529/1272/975 525/1273/976
f 525/1273/976 529/1272/975 3664/253/14 3665/252/14
f 524/1271/974 3395/1265/968 3394/1264/967 529/1272/975
f 529/1272/975 3394/1264/967 5497/254/14 3664/253/14
f 523/1268/971 525/1273/976 530/1274/977 526/1275/978
f 526/1275/978 530/1274/977 3391/1276/979 3392/1277/980
f 525/1273/976 3665/252/14 3666/268/14 530/1274/977
f 530/1274/977 3666/268/14 5496/270/14 3391/1276/979
f 523/1268/971 526/1275/978 531/1278/981 527/1269/972
f 527/1269/972 531/1278/981 3402/435/350 3401/430/345
f 526/1275/978 3392/1277/980 3393/1279/982 531/1278/981
f 531/1278/981 3393/1279/982 5470/436/351 3402/435/350
f 532/1280/983 536/1281/984 537/1282/985 533/1283/986
f 533/1283/986 537/1282/985 3378/1284/987 3377/1285/988
f 536/1281/984 3404/453/363 3403/452/362 537/1282/985
f 537/1282/985 3403/452/362 5467/455/365 3378/1284/987
f 532/1280/983 533/1283/986 538/1286/989 534/1287/990
f 534/1287/990 538/1286/989 3667/228/183 3668/227/182
f 533/1283/986 3377/1285/988 3376/1288/991 538/1286/989
f 538/1286/989 3376/1288/991 5493/229/184 3667/228/183
f 532/1280/983 534/1287/990 539/1289/992 535/1290/993
f 535/1290/993 539/1289/992 3388/1261/14 3389/1258/14
f 534/1287/990 3668/227/182 3669/243/198 539/1289/992
f 539/1289/992 3669/243/198 5495/245/14 3388/1261/14
f 532/1280/983 535/1290/993 540/1291/994 536/1281/984
f 536/1281/984 540/1291/994 3405/458/368 3404/453/363
f 535/1290/993 3389/1258/14 3390/1257/14 540/1291/994
f 540/1291/994 3390/1257/14 5469/410/14 3405/458/368
f 541/1292/995 545/1293/996 546/1294/997 542/1295/998
f 542/1295/998 546/1294/997 3768/1296/999 3767/1297/1000
f 545/1293/996 3407/473/382 3406/472/381 546/1294/997
f 546/1294/997 3406/472/381 5515/475/384 3768/1296/999
f 541/1292/995 542/1295/998 547/1298/1001 543/1299/1002
f 543/1299/1002 547/1298/1001 3670/108/88 3671/107/87
f 542/1295/998 3767/1297/1000 3766/1300/1003 547/1298/1001
f 547/1298/1001 3766/1300/1003 5532/109/89 3670/108/88
f 541/1292/995 543/1299/1002 548/1301/1004 544/1302/1005
f 544/1302/1005 548/1301/1004 3382/1303/1006 3383/1304/1007
f 543/1299/1002 3671/107/87 3672/123/98 548/1301/1004
f 548/1301/1004 3672/123/98 5661/125/100 3382/1303/1006
f 541/1292/995 544/1302/1005 549/1305/1008 545/1293/996
f 545/1293/996 549/1305/1008 3408/480/389 3407/473/382
f 544/1302/1005 3383/1304/1007 3384/1306/1009 549/1305/1008
f 549/1305/1008 3384/1306/1009 5619/481/390 3408/480/389
f 550/1307/1010 554/1308/1011 555/1309/1012 551/1310/1013
f 551/1310/1013 555/1309/1012 3930/1311/1014 3929/1312/1015
f 554/1308/1011 3410/498/407 3409/497/406 555/1309/1012
f 555/1309/1012 3409/497/406 5540/500/409 3930/1311/1014
f 550/1307/1010 551/1310/1013 556/1313/1016 552/1314/1017
f 552/1314/1017 556/1313/1016 3673/33/13 3674/32/12
f 551/1310/1013 3929/1312/1015 3928/1315/1018 556/1313/1016
f 556/1313/1016 3928/1315/1018 5541/34/14 3673/33/13
f 550/1307/1010 552/1314/1017 557/1316/1019 553/1317/1020
f 553/1317/1020 557/1316/1019 3379/1318/1021 3380/1319/1022
f 552/1314/1017 3674/32/12 3675/48/28 557/1316/1019
f 557/1316/1019 3675/48/28 5494/50/30 3379/1318/1021
f 550/1307/1010 553/1317/1020 558/1320/1023 554/1308/1011
f 554/1308/1011 558/1320/1023 3411/505/414 3410/498/407
f 553/1317/1020 3380/1319/1022 3381/1321/1024 558/1320/1023
f 558/1320/1023 3381/1321/1024 5468/506/415 3411/505/414
f 559/1322/1025 563/1323/1026 564/1324/1027 560/1325/1028
f 560/1325/1028 564/1324/1027 3381/1321/1024 3380/1319/1022
f 563/1323/1026 3713/1326/1029 3712/1327/1030 564/1324/1027
f 564/1324/1027 3712/1327/1030 5468/506/415 3381/1321/1024
f 559/1322/1025 560/1325/1028 565/1328/1031 561/1329/1032
f 561/1329/1032 565/1328/1031 3763/1330/1033 3764/1331/1034
f 560/1325/1028 3380/1319/1022 3379/1318/1021 565/1328/1031
f 565/1328/1031 3379/1318/1021 5494/50/30 3763/1330/1033
f 559/1322/1025 561/1329/1032 566/1332/1035 562/1333/1036
f 562/1333/1036 566/1332/1035 3766/1300/1003 3767/1297/1000
f 561/1329/1032 3764/1331/1034 3765/1334/1037 566/1332/1035
f 566/1332/1035 3765/1334/1037 5532/109/89 3766/1300/1003
f 559/1322/1025 562/1333/1036 567/1335/1038 563/1323/1026
f 563/1323/1026 567/1335/1038 3714/1336/1039 3713/1326/1029
f 562/1333/1036 3767/1297/1000 3768/1296/999 567/1335/1038
f 567/1335/1038 3768/1296/999 5515/475/384 3714/1336/1039
f 568/1337/1040 572/1338/1041 573/1339/1042 569/1340/1043
f 569/1340/1043 573/1339/1042 3543/1341/1044 3542/1342/1045
f 572/1338/1041 3743/1343/1046 3742/1344/1047 573/1339/1042
f 573/1339/1042 3742/1344/1047 5648/1345/1048 3543/1341/1044
f 568/1337/1040 569/1340/1043 574/1346/1049 570/1347/1050
f 570/1347/1050 574/1346/1049 3760/1348/1051 3761/1349/1052
f 569/1340/1043 3542/1342/1045 3541/1350/1053 574/1346/1049
f 574/1346/1049 3541/1350/1053 5670/1351/1054 3760/1348/1051
f 568/1337/1040 570/1347/1050 575/1352/1055 571/1353/1056
f 571/1353/1056 575/1352/1055 3769/1354/896 3770/1355/893
f 570/1347/1050 3761/1349/1052 3762/1356/1057 575/1352/1055
f 575/1352/1055 3762/1356/1057 5531/1357/676 3769/1354/896
f 568/1337/1040 571/1353/1056 576/1358/1058 572/1338/1041
f 572/1338/1041 576/1358/1058 3744/1359/1059 3743/1343/1046
f 571/1353/1056 3770/1355/893 3771/1360/892 576/1358/1058
f 576/1358/1058 3771/1360/892 5525/912/702 3744/1359/1059
f 577/1361/1060 581/1362/1061 582/1363/1062 578/1364/1063
f 578/1364/1063 582/1363/1062 3972/1365/1064 3971/1366/1065
f 581/1362/1061 3605/1367/861 3604/1368/860 582/1363/1062
f 582/1363/1062 3604/1368/860 5547/1369/863 3972/1365/1064
f 577/1361/1060 578/1364/1063 583/1370/1066 579/1371/1067
f 579/1371/1067 583/1370/1066 3772/1130/873 3773/1129/872
f 578/1364/1063 3971/1366/1065 3970/1372/1068 583/1370/1066
f 583/1370/1066 3970/1372/1068 5548/1131/874 3772/1130/873
f 577/1361/1060 579/1371/1067 584/1373/1069 580/1374/1070
f 580/1374/1070 584/1373/1069 3753/1375/1071 3752/1376/1072
f 579/1371/1067 3773/1129/872 3774/1145/875 584/1373/1069
f 584/1373/1069 3774/1145/875 5528/1147/812 3753/1375/1071
f 577/1361/1060 580/1374/1070 585/1377/1073 581/1362/1061
f 581/1362/1061 585/1377/1073 3606/1378/868 3605/1367/861
f 580/1374/1070 3752/1376/1072 3751/1379/1074 585/1377/1073
f 585/1377/1073 3751/1379/1074 5484/1380/869 3606/1378/868
f 586/1381/1075 590/1382/1076 591/1383/1077 587/1384/1078
f 587/1384/1078 591/1383/1077 4026/1385/1079 4025/1386/1080
f 590/1382/1076 3587/1387/1081 3586/1388/1082 591/1383/1077
f 591/1383/1077 3586/1388/1082 5554/1389/758 4026/1385/1079
f 586/1381/1075 587/1384/1078 592/1390/1083 588/1391/1084
f 588/1391/1084 592/1390/1083 3775/1085/835 3776/1084/834
f 587/1384/1078 4025/1386/1080 4024/1392/1085 592/1390/1083
f 592/1390/1083 4024/1392/1085 5556/1086/836 3775/1085/835
f 586/1381/1075 588/1391/1084 593/1393/1086 589/1394/1087
f 589/1394/1087 593/1393/1086 3759/1395/782 3758/1396/777
f 588/1391/1084 3776/1084/834 3777/1100/850 593/1393/1086
f 593/1393/1086 3777/1100/850 5530/1102/783 3759/1395/782
f 586/1381/1075 589/1394/1087 594/1397/1088 590/1382/1076
f 590/1382/1076 594/1397/1088 3588/1398/1089 3587/1387/1081
f 589/1394/1087 3758/1396/777 3757/1399/776 594/1397/1088
f 594/1397/1088 3757/1399/776 5491/1400/779 3588/1398/1089
f 595/1401/1090 599/1402/1091 600/1403/1092 596/1404/1093
f 596/1404/1093 600/1403/1092 3751/1405/1074 3752/1406/1072
f 599/1402/1091 3581/1407/867 3580/1408/866 600/1403/1092
f 600/1403/1092 3580/1408/866 5484/1409/869 3751/1405/1074
f 595/1401/1090 596/1404/1093 601/1410/1094 597/1411/1095
f 597/1411/1095 601/1410/1094 3778/1060/814 3779/1059/813
f 596/1404/1093 3752/1406/1072 3753/1412/1071 601/1410/1094
f 601/1410/1094 3753/1412/1071 5528/1061/812 3778/1060/814
f 595/1401/1090 597/1411/1095 602/1413/1096 598/1414/1097
f 598/1414/1097 602/1413/1096 3756/1415/1098 3755/1416/1099
f 597/1411/1095 3779/1059/813 3780/1075/825 602/1413/1096
f 602/1413/1096 3780/1075/825 5529/1077/827 3756/1415/1098
f 595/1401/1090 598/1414/1097 603/1417/1100 599/1402/1091
f 599/1402/1091 603/1417/1100 3582/1418/871 3581/1407/867
f 598/1414/1097 3755/1416/1099 3754/1419/1101 603/1417/1100
f 603/1417/1100 3754/1419/1101 5492/1420/754 3582/1418/871
f 604/1421/1102 608/1422/1103 609/1423/1104 605/1424/1105
f 605/1424/1105 609/1423/1104 3534/1425/1106 3533/1426/1107
f 608/1422/1103 3524/1427/1108 3525/1428/1109 609/1423/1104
f 609/1423/1104 3525/1428/1109 5645/1429/1110 3534/1425/1106
f 604/1421/1102 605/1424/1105 610/1430/1111 606/1431/1112
f 606/1431/1112 610/1430/1111 3781/1038/793 3782/1037/792
f 605/1424/1105 3533/1426/1107 3532/1432/1113 610/1430/1111
f 610/1430/1111 3532/1432/1113 5524/906/696 3781/1038/793
f 604/1421/1102 606/1431/1112 611/1433/1114 607/1434/1115
f 607/1434/1115 611/1433/1114 3568/1435/1116 3569/1436/1117
f 606/1431/1112 3782/1037/792 3783/1050/805 611/1433/1114
f 611/1433/1114 3783/1050/805 5527/1052/807 3568/1435/1116
f 604/1421/1102 607/1434/1115 612/1437/1118 608/1422/1103
f 608/1422/1103 612/1437/1118 3523/1438/1119 3524/1427/1108
f 607/1434/1115 3569/1436/1117 3570/1439/1120 612/1437/1118
f 612/1437/1118 3570/1439/1120 5653/1440/1121 3523/1438/1119
f 613/1441/1122 617/1442/1123 618/1443/1124 614/1444/1125
f 614/1444/1125 618/1443/1124 3730/1445/1126 3731/1446/1127
f 617/1442/1123 3506/1447/730 3505/1448/729 618/1443/1124
f 618/1443/1124 3505/1448/729 5478/1449/566 3730/1445/1126
f 613/1441/1122 614/1444/1125 619/1450/1128 615/1451/1129
f 615/1451/1129 619/1450/1128 3784/1015/785 3785/1014/784
f 614/1444/1125 3731/1446/1127 3732/1452/1130 619/1450/1128
f 619/1450/1128 3732/1452/1130 5521/1016/489 3784/1015/785
f 613/1441/1122 615/1451/1129 620/1453/1131 616/1454/1132
f 616/1454/1132 620/1453/1131 3747/1455/1133 3746/1456/1134
f 615/1451/1129 3785/1014/784 3786/1030/786 620/1453/1131
f 620/1453/1131 3786/1030/786 5526/1032/787 3747/1455/1133
f 613/1441/1122 616/1454/1132 621/1457/1135 617/1442/1123
f 617/1442/1123 621/1457/1135 3507/1458/735 3506/1447/730
f 616/1454/1132 3746/1456/1134 3745/1459/1136 621/1457/1135
f 621/1457/1135 3745/1459/1136 5488/1460/736 3507/1458/735
f 622/1461/1137 626/1462/1138 627/1463/1139 623/1464/1140
f 623/1464/1140 627/1463/1139 3969/1465/1141 3968/1466/1142
f 626/1462/1138 3953/1467/1143 3954/1468/1144 627/1463/1139
f 627/1463/1139 3954/1468/1144 5719/1469/1145 3969/1465/1141
f 622/1461/1137 623/1464/1140 628/1470/1146 624/1471/1147
f 624/1471/1147 628/1470/1146 3787/990/766 3788/989/765
f 623/1464/1140 3968/1466/1142 3967/1472/1148 628/1470/1146
f 628/1470/1146 3967/1472/1148 5549/991/767 3787/990/766
f 622/1461/1137 624/1471/1147 629/1473/1149 625/1474/1150
f 625/1474/1150 629/1473/1149 3592/1475/851 3593/1476/846
f 624/1471/1147 3788/989/765 3789/1005/781 629/1473/1149
f 629/1473/1149 3789/1005/781 5530/1007/783 3592/1475/851
f 622/1461/1137 625/1474/1150 630/1477/1151 626/1462/1138
f 626/1462/1138 630/1477/1151 3952/1478/1152 3953/1467/1143
f 625/1474/1150 3593/1476/846 3594/1479/845 630/1477/1151
f 630/1477/1151 3594/1479/845 5658/1480/848 3952/1478/1152
f 631/1481/1153 635/1482/1154 636/1483/1155 632/1484/1156
f 632/1484/1156 636/1483/1155 3537/1485/1157 3536/1486/1158
f 635/1482/1154 3533/1426/1107 3534/1425/1106 636/1483/1155
f 636/1483/1155 3534/1425/1106 5645/1429/1110 3537/1485/1157
f 631/1481/1153 632/1484/1156 637/1487/1159 633/1488/1160
f 633/1488/1160 637/1487/1159 3742/1344/1047 3743/1343/1046
f 632/1484/1156 3536/1486/1158 3535/1489/1161 637/1487/1159
f 637/1487/1159 3535/1489/1161 5648/1345/1048 3742/1344/1047
f 631/1481/1153 633/1488/1160 638/1490/1162 634/1491/1163
f 634/1491/1163 638/1490/1162 3790/911/701 3791/903/693
f 633/1488/1160 3743/1343/1046 3744/1359/1059 638/1490/1162
f 638/1490/1162 3744/1359/1059 5525/912/702 3790/911/701
f 631/1481/1153 634/1491/1163 639/1492/1164 635/1482/1154
f 635/1482/1154 639/1492/1164 3532/1432/1113 3533/1426/1107
f 634/1491/1163 3791/903/693 3792/902/692 639/1492/1164
f 639/1492/1164 3792/902/692 5524/906/696 3532/1432/1113
f 640/1493/1165 644/1494/1166 645/1495/1167 641/1496/1168
f 641/1496/1168 645/1495/1167 3642/1497/1169 3641/1498/1170
f 644/1494/1166 3761/1349/1052 3760/1348/1051 645/1495/1167
f 645/1495/1167 3760/1348/1051 5670/1351/1054 3642/1497/1169
f 640/1493/1165 641/1496/1168 646/1499/1171 642/1500/1172
f 642/1500/1172 646/1499/1171 3736/1501/1173 3737/1502/1174
f 641/1496/1168 3641/1498/1170 3640/1503/1175 646/1499/1171
f 646/1499/1171 3640/1503/1175 5646/1504/1176 3736/1501/1173
f 640/1493/1165 642/1500/1172 647/1505/1177 643/1506/1178
f 643/1506/1178 647/1505/1177 3793/1507/679 3794/1508/673
f 642/1500/1172 3737/1502/1174 3738/1509/1179 647/1505/1177
f 647/1505/1177 3738/1509/1179 5523/1510/667 3793/1507/679
f 640/1493/1165 643/1506/1178 648/1511/1180 644/1494/1166
f 644/1494/1166 648/1511/1180 3762/1356/1057 3761/1349/1052
f 643/1506/1178 3794/1508/673 3795/1512/672 648/1511/1180
f 648/1511/1180 3795/1512/672 5531/1357/676 3762/1356/1057
f 649/1513/1181 653/1514/1182 654/1515/1183 650/1516/1184
f 650/1516/1184 654/1515/1183 4023/1517/1185 4022/1518/1186
f 653/1514/1182 3995/1519/1187 3996/1520/1188 654/1515/1183
f 654/1515/1183 3996/1520/1188 5727/1521/1189 4023/1517/1185
f 649/1513/1181 650/1516/1184 655/1522/1190 651/1523/1191
f 651/1523/1191 655/1522/1190 3796/816/650 3797/815/649
f 650/1516/1184 4022/1518/1186 4021/1524/1192 655/1522/1190
f 655/1522/1190 4021/1524/1192 5557/817/651 3796/816/650
f 649/1513/1181 651/1523/1191 656/1525/1193 652/1526/1194
f 652/1526/1194 656/1525/1193 3738/1527/1179 3737/1528/1174
f 651/1523/1191 3797/815/649 3798/831/665 656/1525/1193
f 656/1525/1193 3798/831/665 5523/833/667 3738/1527/1179
f 649/1513/1181 652/1526/1194 657/1529/1195 653/1514/1182
f 653/1514/1182 657/1529/1195 3994/1530/1196 3995/1519/1187
f 652/1526/1194 3737/1528/1174 3736/1531/1173 657/1529/1195
f 657/1529/1195 3736/1531/1173 5646/1532/1176 3994/1530/1196
f 658/1533/1197 662/1534/1198 663/1535/1199 659/1536/1200
f 659/1536/1200 663/1535/1199 3721/1537/535 3722/1538/535
f 662/1534/1198 3497/1539/1201 3498/1540/1202 663/1535/1199
f 663/1535/1199 3498/1540/1202 5631/1541/535 3721/1537/535
f 658/1533/1197 659/1536/1200 664/1542/1203 660/1543/1204
f 660/1543/1204 664/1542/1203 3799/762/601 3800/761/600
f 659/1536/1200 3722/1538/535 3723/1544/535 664/1542/1203
f 664/1542/1203 3723/1544/535 5518/687/535 3799/762/601
f 658/1533/1197 660/1543/1204 665/1545/1205 661/1546/1206
f 661/1546/1206 665/1545/1205 3729/1547/1207 3728/1548/1208
f 660/1543/1204 3800/761/600 3801/771/610 665/1545/1205
f 665/1545/1205 3801/771/610 5520/740/579 3729/1547/1207
f 658/1533/1197 661/1546/1206 666/1549/1209 662/1534/1198
f 662/1534/1198 666/1549/1209 3496/1550/1210 3497/1539/1201
f 661/1546/1206 3728/1548/1208 3727/1551/1211 666/1549/1209
f 666/1549/1209 3727/1551/1211 5636/1552/1212 3496/1550/1210
f 667/1553/1213 671/1554/1214 672/1555/1215 668/1556/1216
f 668/1556/1216 672/1555/1215 3727/1551/1211 3728/1548/1208
f 671/1554/1214 3521/1557/1217 3522/1558/1218 672/1555/1215
f 672/1555/1215 3522/1558/1218 5636/1552/1212 3727/1551/1211
f 667/1553/1213 668/1556/1216 673/1559/1219 669/1560/1220
f 669/1560/1220 673/1559/1219 3802/739/578 3803/738/577
f 668/1556/1216 3728/1548/1208 3729/1547/1207 673/1559/1219
f 673/1559/1219 3729/1547/1207 5520/740/579 3802/739/578
f 667/1553/1213 669/1560/1220 674/1561/1221 670/1562/1222
f 670/1562/1222 674/1561/1221 3735/1563/1223 3734/1564/1224
f 669/1560/1220 3803/738/577 3804/754/593 674/1561/1221
f 674/1561/1221 3804/754/593 5522/756/595 3735/1563/1223
f 667/1553/1213 670/1562/1222 675/1565/1225 671/1554/1214
f 671/1554/1214 675/1565/1225 3520/1566/1226 3521/1557/1217
f 670/1562/1222 3734/1564/1224 3733/1567/1227 675/1565/1225
f 675/1565/1225 3733/1567/1227 5642/1568/1228 3520/1566/1226
f 676/1569/519 680/1570/519 681/1571/520 677/1572/520
f 677/1572/520 681/1571/520 3715/20/5 3716/13/5
f 680/1570/519 3464/1573/519 3465/1574/520 681/1571/520
f 681/1571/520 3465/1574/520 5626/21/5 3715/20/5
f 676/1569/519 677/1572/520 682/1575/520 678/1576/519
f 678/1576/519 682/1575/520 3805/671/520 3806/670/519
f 677/1572/520 3716/13/5 3717/12/5 682/1575/520
f 682/1575/520 3717/12/5 5516/15/5 3805/671/520
f 676/1569/519 678/1576/519 683/1577/533 679/1578/533
f 679/1578/533 683/1577/533 3723/1544/535 3722/1538/535
f 678/1576/519 3806/670/519 3807/685/533 683/1577/533
f 683/1577/533 3807/685/533 5518/687/535 3723/1544/535
f 676/1569/519 679/1578/533 684/1579/533 680/1570/519
f 680/1570/519 684/1579/533 3463/1580/533 3464/1573/519
f 679/1578/533 3722/1538/535 3721/1537/535 684/1579/533
f 684/1579/533 3721/1537/535 5631/1541/535 3463/1580/533
f 685/1581/1229 689/1582/1230 690/1583/1231 686/1584/1232
f 686/1584/1232 690/1583/1231 3718/572/481 3719/565/474
f 689/1582/1230 3461/1585/545 3462/1586/544 690/1583/1231
f 690/1583/1231 3462/1586/544 5472/573/482 3718/572/481
f 685/1581/1229 686/1584/1232 691/1587/1233 687/1588/1234
f 687/1588/1234 691/1587/1233 3808/652/510 3809/651/509
f 686/1584/1232 3719/565/474 3720/564/473 691/1587/1233
f 691/1587/1233 3720/564/473 5517/567/476 3808/652/510
f 685/1581/1229 687/1588/1234 692/1589/1235 688/1590/1236
f 688/1590/1236 692/1589/1235 3726/1591/1237 3725/1592/1238
f 687/1588/1234 3809/651/509 3810/663/512 692/1589/1235
f 692/1589/1235 3810/663/512 5519/584/487 3726/1591/1237
f 685/1581/1229 688/1590/1236 693/1593/1239 689/1582/1230
f 689/1582/1230 693/1593/1239 3460/1594/551 3461/1585/545
f 688/1590/1236 3725/1592/1238 3724/1595/1240 693/1593/1239
f 693/1593/1239 3724/1595/1240 5475/1596/552 3460/1594/551
f 694/1597/1241 698/1598/1242 699/1599/1243 695/1600/1244
f 695/1600/1244 699/1599/1243 3724/1595/1240 3725/1592/1238
f 698/1598/1242 3494/1601/618 3495/1602/617 699/1599/1243
f 699/1599/1243 3495/1602/617 5475/1596/552 3724/1595/1240
f 694/1597/1241 695/1600/1244 700/1603/1245 696/1604/1246
f 696/1604/1246 700/1603/1245 3811/583/486 3812/582/485
f 695/1600/1244 3725/1592/1238 3726/1591/1237 700/1603/1245
f 700/1603/1245 3726/1591/1237 5519/584/487 3811/583/486
f 694/1597/1241 696/1604/1246 701/1605/1247 697/1606/1248
f 697/1606/1248 701/1605/1247 3732/1607/1130 3731/1608/1127
f 696/1604/1246 3812/582/485 3813/598/488 701/1605/1247
f 701/1605/1247 3813/598/488 5521/600/489 3732/1607/1130
f 694/1597/1241 697/1606/1248 702/1609/1249 698/1598/1242
f 698/1598/1242 702/1609/1249 3493/1610/621 3494/1601/618
f 697/1606/1248 3731/1608/1127 3730/1611/1126 702/1609/1249
f 702/1609/1249 3730/1611/1126 5478/1612/566 3493/1610/621
f 703/1613/470 707/1614/469 708/1615/469 704/1616/470
f 704/1616/470 708/1615/469 3433/1617/469 3434/1618/470
f 707/1614/469 3278/1619/134 3279/1620/134 708/1615/469
f 708/1615/469 3279/1620/134 5597/1621/134 3433/1617/469
f 703/1613/470 704/1616/470 709/1622/475 705/1623/475
f 705/1623/475 709/1622/475 3423/657/511 3422/650/476
f 704/1616/470 3434/1618/470 3435/1624/475 709/1622/475
f 709/1622/475 3435/1624/475 5625/658/511 3423/657/511
f 703/1613/470 705/1623/475 710/1625/475 706/1626/470
f 706/1626/470 710/1625/475 3814/566/475 3815/561/470
f 705/1623/475 3422/650/476 3421/649/476 710/1625/475
f 710/1625/475 3421/649/476 5517/567/476 3814/566/475
f 703/1613/470 706/1626/470 711/1627/469 707/1614/469
f 707/1614/469 711/1627/469 3277/1628/134 3278/1619/134
f 706/1626/470 3815/561/470 3816/560/469 711/1627/469
f 711/1627/469 3816/560/469 5505/179/134 3277/1628/134
f 712/1629/1250 716/1630/1251 717/1631/1252 713/1632/1253
f 713/1632/1253 717/1631/1252 3273/509/418 3272/504/413
f 716/1630/1251 3275/1633/1254 3276/1634/1255 717/1631/1252
f 717/1631/1252 3276/1634/1255 5455/510/419 3273/509/418
f 712/1629/1250 713/1632/1253 718/1635/1256 714/1636/1257
f 714/1636/1257 718/1635/1256 3712/1327/1030 3713/1326/1029
f 713/1632/1253 3272/504/413 3271/503/412 718/1635/1256
f 718/1635/1256 3271/503/412 5468/506/415 3712/1327/1030
f 712/1629/1250 714/1636/1257 719/1637/1258 715/1638/1259
f 715/1638/1259 719/1637/1258 3817/474/383 3818/466/375
f 714/1636/1257 3713/1326/1029 3714/1336/1039 719/1637/1258
f 719/1637/1258 3714/1336/1039 5515/475/384 3817/474/383
f 712/1629/1250 715/1638/1259 720/1639/1260 716/1630/1251
f 716/1630/1251 720/1639/1260 3274/1640/1261 3275/1633/1254
f 715/1638/1259 3818/466/375 3819/465/374 720/1639/1260
f 720/1639/1260 3819/465/374 5504/469/378 3274/1640/1261
f 721/1641/1262 725/1642/1263 726/1643/1264 722/1644/1265
f 722/1644/1265 726/1643/1264 3318/1645/1266 3317/1646/1267
f 725/1642/1263 3359/1647/296 3358/1648/295 726/1643/1264
f 726/1643/1264 3358/1648/295 5461/1649/196 3318/1645/1266
f 721/1641/1262 722/1644/1265 727/1650/1268 723/1651/1269
f 723/1651/1269 727/1650/1268 3820/386/317 3821/385/316
f 722/1644/1265 3317/1646/1267 3316/1652/1270 727/1650/1268
f 727/1650/1268 3316/1652/1270 5507/145/104 3820/386/317
f 721/1641/1262 723/1651/1269 728/1653/1271 724/1654/1272
f 724/1654/1272 728/1653/1271 3373/1655/1273 3374/1656/1274
f 723/1651/1269 3821/385/316 3822/395/318 728/1653/1271
f 728/1653/1271 3822/395/318 5514/154/109 3373/1655/1273
f 721/1641/1262 724/1654/1272 729/1657/1275 725/1642/1263
f 725/1642/1263 729/1657/1275 3360/1658/299 3359/1647/296
f 724/1654/1272 3374/1656/1274 3375/1659/1276 729/1657/1275
f 729/1657/1275 3375/1659/1276 5466/1660/211 3360/1658/299
f 730/1661/1277 734/1662/1278 735/1663/1279 731/1664/306
f 731/1664/306 735/1663/1279 3324/1665/1280 3323/1666/1280
f 734/1662/1278 3365/1667/1281 3364/1668/1282 735/1663/1279
f 735/1663/1279 3364/1668/1282 5607/1669/1283 3324/1665/1280
f 730/1661/1277 731/1664/306 736/1670/306 732/1671/1284
f 732/1671/1284 736/1670/306 3823/368/306 3824/367/305
f 731/1664/306 3323/1666/1280 3322/1672/150 736/1670/306
f 736/1670/306 3322/1672/150 5509/369/150 3823/368/306
f 730/1661/1277 732/1671/1284 737/1673/1285 733/1674/1286
f 733/1674/1286 737/1673/1285 3370/1675/1287 3371/1676/159
f 732/1671/1284 3824/367/305 3825/380/315 737/1673/1285
f 737/1673/1285 3825/380/315 5513/204/159 3370/1675/1287
f 730/1661/1277 733/1674/1286 738/1677/1288 734/1662/1278
f 734/1662/1278 738/1677/1288 3366/1678/1289 3365/1667/1281
f 733/1674/1286 3371/1676/159 3372/1679/1290 738/1677/1288
f 738/1677/1288 3372/1679/1290 5616/1680/1291 3366/1678/1289
f 739/1681/1292 743/1682/1293 744/1683/1294 740/1684/1295
f 740/1684/1295 744/1683/1294 3879/1685/272 3878/1686/272
f 743/1682/1293 3866/1687/1296 3867/1688/1297 744/1683/1294
f 744/1683/1294 3867/1688/1297 5704/1689/272 3879/1685/272
f 739/1681/1292 740/1684/1295 745/1690/1298 741/1691/1299
f 741/1691/1299 745/1690/1298 3826/328/271 3827/327/270
f 740/1684/1295 3878/1686/272 3877/1692/272 745/1690/1298
f 745/1690/1298 3877/1692/272 5535/329/272 3826/328/271
f 739/1681/1292 741/1691/1299 746/1693/1300 742/1694/1301
f 742/1694/1301 746/1693/1300 3343/1695/1302 3344/1696/1303
f 741/1691/1299 3827/327/270 3828/343/286 746/1693/1300
f 746/1693/1300 3828/343/286 5512/345/288 3343/1695/1302
f 739/1681/1292 742/1694/1301 747/1697/1304 743/1682/1293
f 743/1682/1293 747/1697/1304 3865/1698/1305 3866/1687/1296
f 742/1694/1301 3344/1696/1303 3345/1699/1306 747/1697/1304
f 747/1697/1304 3345/1699/1306 5612/1700/1307 3865/1698/1305
f 748/1701/1308 752/1702/1309 753/1703/1310 749/1704/1311
f 749/1704/1311 753/1703/1310 3927/1705/1312 3926/1706/1313
f 752/1702/1309 3338/1707/1314 3337/1708/1315 753/1703/1310
f 753/1703/1310 3337/1708/1315 5710/1709/1316 3927/1705/1312
f 748/1701/1308 749/1704/1311 754/1710/1317 750/1711/1318
f 750/1711/1318 754/1710/1317 3829/278/227 3830/277/226
f 749/1704/1311 3926/1706/1313 3925/1712/1319 754/1710/1317
f 754/1710/1317 3925/1712/1319 5542/279/228 3829/278/227
f 748/1701/1308 750/1711/1318 755/1713/1320 751/1714/1321
f 751/1714/1321 755/1713/1320 3702/1715/54 3701/1716/49
f 750/1711/1318 3830/277/226 3831/293/242 755/1713/1320
f 755/1713/1320 3831/293/242 5511/295/55 3702/1715/54
f 748/1701/1308 751/1714/1321 756/1717/1322 752/1702/1309
f 752/1702/1309 756/1717/1322 3339/1718/1323 3338/1707/1314
f 751/1714/1321 3701/1716/49 3700/1719/48 756/1717/1322
f 756/1717/1322 3700/1719/48 5610/1720/51 3339/1718/1323
f 757/1721/1324 761/1722/1325 762/1723/1326 758/1724/1327
f 758/1724/1327 762/1723/1326 3372/1679/1290 3371/1676/159
f 761/1722/1325 3314/1725/1328 3313/1726/1329 762/1723/1326
f 762/1723/1326 3313/1726/1329 5616/1680/1291 3372/1679/1290
f 757/1721/1324 758/1724/1327 763/1727/1330 759/1728/1331
f 759/1728/1331 763/1727/1330 3832/203/158 3833/202/157
f 758/1724/1327 3371/1676/159 3370/1675/1287 763/1727/1330
f 763/1727/1330 3370/1675/1287 5513/204/159 3832/203/158
f 757/1721/1324 759/1728/1331 764/1729/1332 760/1730/1333
f 760/1730/1333 764/1729/1332 3325/1731/1334 3326/1732/1335
f 759/1728/1331 3833/202/157 3834/218/173 764/1729/1332
f 764/1729/1332 3834/218/173 5510/220/175 3325/1731/1334
f 757/1721/1324 760/1730/1333 765/1733/1336 761/1722/1325
f 761/1722/1325 765/1733/1336 3315/1734/1337 3314/1725/1328
f 760/1730/1333 3326/1732/1335 3327/1735/1338 765/1733/1336
f 765/1733/1336 3327/1735/1338 5608/1736/1339 3315/1734/1337
f 766/1737/132 770/1738/132 771/1739/133 767/1740/133
f 767/1740/133 771/1739/133 3279/1620/134 3278/1619/134
f 770/1738/132 3311/1741/132 3310/1742/133 771/1739/133
f 771/1739/133 3310/1742/133 5597/1621/134 3279/1620/134
f 766/1737/132 767/1740/133 772/1743/133 768/1744/132
f 768/1744/132 772/1743/133 3835/178/133 3836/177/132
f 767/1740/133 3278/1619/134 3277/1628/134 772/1743/133
f 772/1743/133 3277/1628/134 5505/179/134 3835/178/133
f 766/1737/132 768/1744/132 773/1745/148 769/1746/148
f 769/1746/148 773/1745/148 3322/1747/150 3323/1748/1280
f 768/1744/132 3836/177/132 3837/193/148 773/1745/148
f 773/1745/148 3837/193/148 5509/195/150 3322/1747/150
f 766/1737/132 769/1746/148 774/1749/1340 770/1738/132
f 770/1738/132 774/1749/1340 3312/1750/1340 3311/1741/132
f 769/1746/148 3323/1748/1280 3324/1751/1280 774/1749/1340
f 774/1749/1340 3324/1751/1280 5607/1752/1283 3312/1750/1340
f 775/1753/1341 779/1754/1342 780/1755/1343 776/1756/1344
f 776/1756/1344 780/1755/1343 3375/1659/1276 3374/1656/1274
f 779/1754/1342 3302/1757/209 3301/1758/208 780/1755/1343
f 780/1755/1343 3301/1758/208 5466/1660/211 3375/1659/1276
f 775/1753/1341 776/1756/1344 781/1759/1345 777/1760/1346
f 777/1760/1346 781/1759/1345 3838/153/111 3839/152/110
f 776/1756/1344 3374/1656/1274 3373/1655/1273 781/1759/1345
f 781/1759/1345 3373/1655/1273 5514/154/109 3838/153/111
f 775/1753/1341 777/1760/1346 782/1761/1347 778/1762/1348
f 778/1762/1348 782/1761/1347 3319/1763/1349 3320/1764/1350
f 777/1760/1346 3839/152/110 3840/168/123 782/1761/1347
f 782/1761/1347 3840/168/123 5508/170/125 3319/1763/1349
f 775/1753/1341 778/1762/1348 783/1765/1351 779/1754/1342
f 779/1754/1342 783/1765/1351 3303/1766/216 3302/1757/209
f 778/1762/1348 3320/1764/1350 3321/1767/1352 783/1765/1351
f 783/1765/1351 3321/1767/1352 5462/1768/217 3303/1766/216
f 784/1769/1353 788/1770/1354 789/1771/1355 785/1772/1356
f 785/1772/1356 789/1771/1355 3261/1773/1357 3260/1774/1358
f 788/1770/1354 3299/1775/188 3298/1776/187 789/1771/1355
f 789/1771/1355 3298/1776/187 5458/1777/190 3261/1773/1357
f 784/1769/1353 785/1772/1356 790/1778/1359 786/1779/1360
f 786/1779/1360 790/1778/1359 3841/131/102 3842/130/101
f 785/1772/1356 3260/1774/1358 3259/1780/1361 790/1778/1359
f 790/1778/1359 3259/1780/1361 5503/9/3 3841/131/102
f 784/1769/1353 786/1779/1360 791/1781/1362 787/1782/1363
f 787/1782/1363 791/1781/1362 3316/1652/1270 3317/1646/1267
f 786/1779/1360 3842/130/101 3843/143/103 791/1781/1362
f 791/1781/1362 3843/143/103 5507/145/104 3316/1652/1270
f 784/1769/1353 787/1782/1363 792/1783/1364 788/1770/1354
f 788/1770/1354 792/1783/1364 3300/1784/195 3299/1775/188
f 787/1782/1363 3317/1646/1267 3318/1645/1266 792/1783/1364
f 792/1783/1364 3318/1645/1266 5461/1649/196 3300/1784/195
f 793/1785/1365 797/1786/1366 798/1787/1367 794/1788/1368
f 794/1788/1368 798/1787/1367 3612/49/29 3611/44/24
f 797/1786/1366 3764/1331/1034 3763/1330/1033 798/1787/1367
f 798/1787/1367 3763/1330/1033 5494/50/30 3612/49/29
f 793/1785/1365 794/1788/1368 799/1789/1369 795/1790/1370
f 795/1790/1370 799/1789/1369 3685/1791/1371 3686/1792/1372
f 794/1788/1368 3611/44/24 3610/43/23 799/1789/1369
f 799/1789/1369 3610/43/23 5456/46/26 3685/1791/1371
f 793/1785/1365 795/1790/1370 800/1793/1373 796/1794/1374
f 796/1794/1374 800/1793/1373 3844/114/92 3845/106/86
f 795/1790/1370 3686/1792/1372 3687/1795/1375 800/1793/1373
f 800/1793/1373 3687/1795/1375 5506/115/80 3844/114/92
f 793/1785/1365 796/1794/1374 801/1796/1376 797/1786/1366
f 797/1786/1366 801/1796/1376 3765/1334/1037 3764/1331/1034
f 796/1794/1374 3845/106/86 3846/105/85 801/1796/1376
f 801/1796/1376 3846/105/85 5532/109/89 3765/1334/1037
f 802/1797/1377 806/1798/1378 807/1799/1379 803/1800/1380
f 803/1800/1380 807/1799/1379 3924/1801/1381 3923/1802/1382
f 806/1798/1378 3269/1803/18 3268/1804/17 807/1799/1379
f 807/1799/1379 3268/1804/17 5537/1805/20 3924/1801/1381
f 802/1797/1377 803/1800/1380 808/1806/1383 804/1807/1384
f 804/1807/1384 808/1806/1383 3847/83/63 3848/82/62
f 803/1800/1380 3923/1802/1382 3922/1808/1385 808/1806/1383
f 808/1806/1383 3922/1808/1385 5543/84/64 3847/83/63
f 802/1797/1377 804/1807/1384 809/1809/1386 805/1810/1387
f 805/1810/1387 809/1809/1386 3687/1811/1375 3686/1812/1372
f 804/1807/1384 3848/82/62 3849/98/78 809/1809/1386
f 809/1809/1386 3849/98/78 5506/100/80 3687/1811/1375
f 802/1797/1377 805/1810/1387 810/1813/1388 806/1798/1378
f 806/1798/1378 810/1813/1388 3270/1814/25 3269/1803/18
f 805/1810/1387 3686/1812/1372 3685/1815/1371 810/1813/1388
f 810/1813/1388 3685/1815/1371 5456/1816/26 3270/1814/25
f 811/1817/1389 815/1818/1390 816/1819/1391 812/1820/1392
f 812/1820/1392 816/1819/1391 3876/1821/1393 3875/1822/1394
f 815/1818/1390 3860/308/256 3861/307/255 816/1819/1391
f 816/1819/1391 3861/307/255 5533/310/258 3876/1821/1393
f 811/1817/1389 812/1820/1392 817/1823/1395 813/1824/1396
f 813/1824/1396 817/1823/1395 3850/58/38 3851/57/37
f 812/1820/1392 3875/1822/1394 3874/1825/1397 817/1823/1395
f 817/1823/1395 3874/1825/1397 5536/59/39 3850/58/38
f 811/1817/1389 813/1824/1396 818/1826/1398 814/1827/1399
f 814/1827/1399 818/1826/1398 3334/1828/243 3335/1829/238
f 813/1824/1396 3851/57/37 3852/73/53 818/1826/1398
f 818/1826/1398 3852/73/53 5511/75/55 3334/1828/243
f 811/1817/1389 814/1827/1399 819/1830/1400 815/1818/1390
f 815/1818/1390 819/1830/1400 3859/315/261 3860/308/256
f 814/1827/1399 3335/1829/238 3336/1831/237 819/1830/1400
f 819/1830/1400 3336/1831/237 5463/316/240 3859/315/261
f 820/1832/1401 824/1833/1402 825/1834/1403 821/1835/1404
f 821/1835/1404 825/1834/1403 3414/1836/439 3413/1837/435
f 824/1833/1402 3260/1774/1358 3261/1773/1357 825/1834/1403
f 825/1834/1403 3261/1773/1357 5458/1777/190 3414/1836/439
f 820/1832/1401 821/1835/1404 826/1838/1405 822/1839/1406
f 822/1839/1406 826/1838/1405 3417/676/525 3416/669/518
f 821/1835/1404 3413/1837/435 3412/1840/434 826/1838/1405
f 826/1838/1405 3412/1840/434 5473/677/437 3417/676/525
f 820/1832/1401 822/1839/1406 827/1841/1407 823/1842/1408
f 823/1842/1408 827/1841/1407 3853/14/4 3854/6/1
f 822/1839/1406 3416/669/518 3415/668/517 827/1841/1407
f 827/1841/1407 3415/668/517 5516/15/5 3853/14/4
f 820/1832/1401 823/1842/1408 828/1843/1409 824/1833/1402
f 824/1833/1402 828/1843/1409 3259/1780/1361 3260/1774/1358
f 823/1842/1408 3854/6/1 3855/5/2 828/1843/1409
f 828/1843/1409 3855/5/2 5503/9/3 3259/1780/1361
f 829/1844/1410 833/1845/1411 834/1846/1412 830/1847/1413
f 830/1847/1413 834/1846/1412 3276/1634/1255 3275/1633/1254
f 833/1845/1411 3347/1848/1414 3348/1849/1415 834/1846/1412
f 834/1846/1412 3348/1849/1415 5455/510/419 3276/1634/1255
f 829/1844/1410 830/1847/1413 835/1850/1416 831/1851/1417
f 831/1851/1417 835/1850/1416 3871/1852/1418 3872/1853/1419
f 830/1847/1413 3275/1633/1254 3274/1640/1261 835/1850/1416
f 835/1850/1416 3274/1640/1261 5504/469/378 3871/1852/1418
f 829/1844/1410 831/1851/1417 836/1854/1420 832/1855/1421
f 832/1855/1421 836/1854/1420 3874/1825/1397 3875/1822/1394
f 831/1851/1417 3872/1853/1419 3873/1856/1422 836/1854/1420
f 836/1854/1420 3873/1856/1422 5536/59/39 3874/1825/1397
f 829/1844/1410 832/1855/1421 837/1857/1423 833/1845/1411
f 833/1845/1411 837/1857/1423 3346/1858/1424 3347/1848/1414
f 832/1855/1421 3875/1822/1394 3876/1821/1393 837/1857/1423
f 837/1857/1423 3876/1821/1393 5533/310/258 3346/1858/1424
f 838/1859/1425 842/1860/1426 843/1861/1427 839/1862/1428
f 839/1862/1428 843/1861/1427 3327/1735/1338 3326/1732/1335
f 842/1860/1426 3353/1863/1426 3354/1864/1429 843/1861/1427
f 843/1861/1427 3354/1864/1429 5608/1736/1339 3327/1735/1338
f 838/1859/1425 839/1862/1428 844/1865/1430 840/1866/1425
f 840/1866/1425 844/1865/1430 3868/1867/1430 3869/1868/1425
f 839/1862/1428 3326/1732/1335 3325/1731/1334 844/1865/1430
f 844/1865/1430 3325/1731/1334 5510/220/175 3868/1867/1430
f 838/1859/1425 840/1866/1425 845/1869/1431 841/1870/1431
f 841/1870/1431 845/1869/1431 3877/1692/272 3878/1686/272
f 840/1866/1425 3869/1868/1425 3870/1871/1431 845/1869/1431
f 845/1869/1431 3870/1871/1431 5535/329/272 3877/1692/272
f 838/1859/1425 841/1870/1431 846/1872/1431 842/1860/1426
f 842/1860/1426 846/1872/1431 3352/1873/1431 3353/1863/1426
f 841/1870/1431 3878/1686/272 3879/1685/272 846/1872/1431
f 846/1872/1431 3879/1685/272 5704/1689/272 3352/1873/1431
f 847/1874/1432 851/1875/1433 852/1876/1434 848/1877/1435
f 848/1877/1435 852/1876/1434 3699/219/174 3698/214/169
f 851/1875/1433 3869/1868/1425 3868/1867/1430 852/1876/1434
f 852/1876/1434 3868/1867/1430 5510/220/175 3699/219/174
f 847/1874/1432 848/1877/1435 853/1878/1436 849/1879/1437
f 849/1879/1437 853/1878/1436 3351/1880/1438 3350/1881/1439
f 848/1877/1435 3698/214/169 3697/213/168 853/1878/1436
f 853/1878/1436 3697/213/168 5459/216/171 3351/1880/1438
f 847/1874/1432 849/1879/1437 854/1882/1440 850/1883/1441
f 850/1883/1441 854/1882/1440 3880/334/277 3881/326/269
f 849/1879/1437 3350/1881/1439 3349/1884/1442 854/1882/1440
f 854/1882/1440 3349/1884/1442 5534/335/278 3880/334/277
f 847/1874/1432 850/1883/1441 855/1885/1443 851/1875/1433
f 851/1875/1433 855/1885/1443 3870/1871/1431 3869/1868/1425
f 850/1883/1441 3881/326/269 3882/325/268 855/1885/1443
f 855/1885/1443 3882/325/268 5535/329/272 3870/1871/1431
f 856/1886/1444 860/1887/1445 861/1888/1446 857/1889/1447
f 857/1889/1447 861/1888/1446 3897/493/402 3896/492/401
f 860/1887/1445 3920/1890/1448 3919/1891/1449 861/1888/1446
f 861/1888/1446 3919/1891/1449 5538/494/403 3897/493/402
f 856/1886/1444 857/1889/1447 862/1892/1450 858/1893/1451
f 858/1893/1451 862/1892/1450 3348/1849/1415 3347/1848/1414
f 857/1889/1447 3896/492/401 3895/508/417 862/1892/1450
f 862/1892/1450 3895/508/417 5455/510/419 3348/1849/1415
f 856/1886/1444 858/1893/1451 863/1894/1452 859/1895/1453
f 859/1895/1453 863/1894/1452 3916/309/257 3917/301/249
f 858/1893/1451 3347/1848/1414 3346/1858/1424 863/1894/1452
f 863/1894/1452 3346/1858/1424 5533/310/258 3916/309/257
f 856/1886/1444 859/1895/1453 864/1896/1454 860/1887/1445
f 860/1887/1445 864/1896/1454 3921/1897/1455 3920/1890/1448
f 859/1895/1453 3917/301/249 3918/300/248 864/1896/1454
f 864/1896/1454 3918/300/248 5544/304/252 3921/1897/1455
f 865/1898/1456 869/1899/1457 870/1900/1458 866/1901/1459
f 866/1901/1459 870/1900/1458 3681/468/377 3680/467/376
f 869/1899/1457 3872/1853/1419 3871/1852/1418 870/1900/1458
f 870/1900/1458 3871/1852/1418 5504/469/378 3681/468/377
f 865/1898/1456 866/1901/1459 871/1902/1460 867/1903/1461
f 867/1903/1461 871/1902/1460 3856/1904/1462 3857/1905/1463
f 866/1901/1459 3680/467/376 3679/483/392 871/1902/1460
f 871/1902/1460 3679/483/392 5599/485/394 3856/1904/1462
f 865/1898/1456 867/1903/1461 872/1906/1464 868/1907/1465
f 868/1907/1465 872/1906/1464 3886/64/44 3887/56/36
f 867/1903/1461 3857/1905/1463 3858/1908/1466 872/1906/1464
f 872/1906/1464 3858/1908/1466 5701/65/45 3886/64/44
f 865/1898/1456 868/1907/1465 873/1909/1467 869/1899/1457
f 869/1899/1457 873/1909/1467 3873/1856/1422 3872/1853/1419
f 868/1907/1465 3887/56/36 3888/55/35 873/1909/1467
f 873/1909/1467 3888/55/35 5536/59/39 3873/1856/1422
f 874/1910/1468 878/1911/1469 879/1912/1470 875/1913/1471
f 875/1913/1471 879/1912/1470 3294/1914/1472 3293/1915/1473
f 878/1911/1469 3350/1916/1439 3351/1917/1438 879/1912/1470
f 879/1912/1470 3351/1917/1438 5459/440/171 3294/1914/1472
f 874/1910/1468 875/1913/1471 880/1918/1474 876/1919/1475
f 876/1919/1475 880/1918/1474 3919/1891/1449 3920/1890/1448
f 875/1913/1471 3293/1915/1473 3292/1920/1476 880/1918/1474
f 880/1918/1474 3292/1920/1476 5538/494/403 3919/1891/1449
f 874/1910/1468 876/1919/1475 881/1921/1477 877/1922/1478
f 877/1922/1478 881/1921/1477 3883/1923/1479 3884/1924/1480
f 876/1919/1475 3920/1890/1448 3921/1897/1455 881/1921/1477
f 881/1921/1477 3921/1897/1455 5544/304/252 3883/1923/1479
f 874/1910/1468 877/1922/1478 882/1925/1481 878/1911/1469
f 878/1911/1469 882/1925/1481 3349/1926/1442 3350/1916/1439
f 877/1922/1478 3884/1924/1480 3885/1927/1482 882/1925/1481
f 882/1925/1481 3885/1927/1482 5534/1928/278 3349/1926/1442
f 883/1929/1483 887/1930/1484 888/1931/1485 884/1932/1486
f 884/1932/1486 888/1931/1485 3321/1767/1352 3320/1764/1350
f 887/1930/1484 3890/1933/1487 3889/1934/1488 888/1931/1485
f 888/1931/1485 3889/1934/1488 5462/1768/217 3321/1767/1352
f 883/1929/1483 884/1932/1486 889/1935/1489 885/1936/1490
f 885/1936/1490 889/1935/1489 3913/1937/1491 3914/1938/1492
f 884/1932/1486 3320/1764/1350 3319/1763/1349 889/1935/1489
f 889/1935/1489 3319/1763/1349 5508/170/125 3913/1937/1491
f 883/1929/1483 885/1936/1490 890/1939/1493 886/1940/1494
f 886/1940/1494 890/1939/1493 3922/1808/1385 3923/1802/1382
f 885/1936/1490 3914/1938/1492 3915/1941/1495 890/1939/1493
f 890/1939/1493 3915/1941/1495 5543/84/64 3922/1808/1385
f 883/1929/1483 886/1940/1494 891/1942/1496 887/1930/1484
f 887/1930/1484 891/1942/1496 3891/1943/1497 3890/1933/1487
f 886/1940/1494 3923/1802/1382 3924/1801/1381 891/1942/1496
f 891/1942/1496 3924/1801/1381 5537/1805/20 3891/1943/1497
f 892/1944/1498 896/1945/1499 897/1946/1500 893/1947/1501
f 893/1947/1501 897/1946/1500 3345/1699/1306 3344/1696/1303
f 896/1945/1499 3899/1948/1502 3898/1949/1503 897/1946/1500
f 897/1946/1500 3898/1949/1503 5612/1700/1307 3345/1699/1306
f 892/1944/1498 893/1947/1501 898/1950/1504 894/1951/1505
f 894/1951/1505 898/1950/1504 3910/1952/1506 3911/1953/1507
f 893/1947/1501 3344/1696/1303 3343/1695/1302 898/1950/1504
f 898/1950/1504 3343/1695/1302 5512/345/288 3910/1952/1506
f 892/1944/1498 894/1951/1505 899/1954/1508 895/1955/1509
f 895/1955/1509 899/1954/1508 3925/1712/1319 3926/1706/1313
f 894/1951/1505 3911/1953/1507 3912/1956/1510 899/1954/1508
f 899/1954/1508 3912/1956/1510 5542/279/228 3925/1712/1319
f 892/1944/1498 895/1955/1509 900/1957/1511 896/1945/1499
f 896/1945/1499 900/1957/1511 3900/1958/1512 3899/1948/1502
f 895/1955/1509 3926/1706/1313 3927/1705/1312 900/1957/1511
f 900/1957/1511 3927/1705/1312 5710/1709/1316 3900/1958/1512
f 901/1959/1513 905/1960/1514 906/1961/1515 902/1962/1516
f 902/1962/1516 906/1961/1515 3393/1279/982 3392/1277/980
f 905/1960/1514 3905/1963/1517 3904/1964/1518 906/1961/1515
f 906/1961/1515 3904/1964/1518 5470/436/351 3393/1279/982
f 901/1959/1513 902/1962/1516 907/1965/1519 903/1966/1520
f 903/1966/1520 907/1965/1519 3907/1967/14 3908/1968/14
f 902/1962/1516 3392/1277/980 3391/1276/979 907/1965/1519
f 907/1965/1519 3391/1276/979 5496/270/14 3907/1967/14
f 901/1959/1513 903/1966/1520 908/1969/1521 904/1970/1522
f 904/1970/1522 908/1969/1521 3928/1315/1018 3929/1312/1015
f 903/1966/1520 3908/1968/14 3909/1971/14 908/1969/1521
f 908/1969/1521 3909/1971/14 5541/34/14 3928/1315/1018
f 901/1959/1513 904/1970/1522 909/1972/1523 905/1960/1514
f 905/1960/1514 909/1972/1523 3906/1973/1524 3905/1963/1517
f 904/1970/1522 3929/1312/1015 3930/1311/1014 909/1972/1523
f 909/1972/1523 3930/1311/1014 5540/500/409 3906/1973/1524
f 910/1974/1525 914/1975/1526 915/1976/1527 911/1977/1528
f 911/1977/1528 915/1976/1527 3333/439/353 3332/434/349
f 914/1975/1526 3293/1915/1473 3294/1914/1472 915/1976/1527
f 915/1976/1527 3294/1914/1472 5459/440/171 3333/439/353
f 910/1974/1525 911/1977/1528 916/1978/1529 912/1979/1530
f 912/1979/1530 916/1978/1529 3904/1964/1518 3905/1963/1517
f 911/1977/1528 3332/434/349 3331/433/348 916/1978/1529
f 916/1978/1529 3331/433/348 5470/436/351 3904/1964/1518
f 910/1974/1525 912/1979/1530 917/1980/1531 913/1981/1532
f 913/1981/1532 917/1980/1531 3931/499/408 3932/491/400
f 912/1979/1530 3905/1963/1517 3906/1973/1524 917/1980/1531
f 917/1980/1531 3906/1973/1524 5540/500/409 3931/499/408
f 910/1974/1525 913/1981/1532 918/1982/1533 914/1975/1526
f 914/1975/1526 918/1982/1533 3292/1920/1476 3293/1915/1473
f 913/1981/1532 3932/491/400 3933/490/399 918/1982/1533
f 918/1982/1533 3933/490/399 5538/494/403 3292/1920/1476
f 919/1983/1534 923/1984/1535 924/1985/1536 920/1986/1537
f 920/1986/1537 924/1985/1536 3885/1927/1482 3884/1924/1480
f 923/1984/1535 3863/1987/276 3864/1988/275 924/1985/1536
f 924/1985/1536 3864/1988/275 5534/1928/278 3885/1927/1482
f 919/1983/1534 920/1986/1537 925/1989/1538 921/1990/1539
f 921/1990/1539 925/1989/1538 3934/303/251 3935/302/250
f 920/1986/1537 3884/1924/1480 3883/1923/1479 925/1989/1538
f 925/1989/1538 3883/1923/1479 5544/304/252 3934/303/251
f 919/1983/1534 921/1990/1539 926/1991/1540 922/1992/1541
f 922/1992/1541 926/1991/1540 3340/1993/1542 3341/1994/1543
f 921/1990/1539 3935/302/250 3936/318/263 926/1991/1540
f 926/1991/1540 3936/318/263 5539/320/234 3340/1993/1542
f 919/1983/1534 922/1992/1541 927/1995/1544 923/1984/1535
f 923/1984/1535 927/1995/1544 3862/1996/283 3863/1987/276
f 922/1992/1541 3341/1994/1543 3342/1997/1545 927/1995/1544
f 927/1995/1544 3342/1997/1545 5464/1998/284 3862/1996/283
f 928/1999/1546 932/2000/1547 933/2001/1548 929/2002/1549
f 929/2002/1549 933/2001/1548 3705/344/287 3704/339/282
f 932/2000/1547 3911/1953/1507 3910/1952/1506 933/2001/1548
f 933/2001/1548 3910/1952/1506 5512/345/288 3705/344/287
f 928/1999/1546 929/2002/1549 934/2003/1550 930/2004/1551
f 930/2004/1551 934/2003/1550 3342/2005/1545 3341/2006/1543
f 929/2002/1549 3704/339/282 3703/338/281 934/2003/1550
f 934/2003/1550 3703/338/281 5464/341/284 3342/2005/1545
f 928/1999/1546 930/2004/1551 935/2007/1552 931/2008/1553
f 931/2008/1553 935/2007/1552 3937/284/233 3938/276/225
f 930/2004/1551 3341/2006/1543 3340/2009/1542 935/2007/1552
f 935/2007/1552 3340/2009/1542 5539/285/234 3937/284/233
f 928/1999/1546 931/2008/1553 936/2010/1554 932/2000/1547
f 932/2000/1547 936/2010/1554 3912/1956/1510 3911/1953/1507
f 931/2008/1553 3938/276/225 3939/275/224 936/2010/1554
f 936/2010/1554 3939/275/224 5542/279/228 3912/1956/1510
f 937/2011/1555 941/2012/1556 942/2013/1557 938/2014/1558
f 938/2014/1558 942/2013/1557 3693/169/124 3692/164/119
f 941/2012/1556 3914/1938/1492 3913/1937/1491 942/2013/1557
f 942/2013/1557 3913/1937/1491 5508/170/125 3693/169/124
f 937/2011/1555 938/2014/1558 943/2015/1559 939/2016/1560
f 939/2016/1560 943/2015/1559 3892/2017/1561 3893/2018/1562
f 938/2014/1558 3692/164/119 3691/163/118 943/2015/1559
f 943/2015/1559 3691/163/118 5606/166/121 3892/2017/1561
f 937/2011/1555 939/2016/1560 944/2019/1563 940/2020/1564
f 940/2020/1564 944/2019/1563 3940/89/69 3941/81/61
f 939/2016/1560 3893/2018/1562 3894/2021/1565 944/2019/1563
f 944/2019/1563 3894/2021/1565 5708/90/70 3940/89/69
f 937/2011/1555 940/2020/1564 945/2022/1566 941/2012/1556
f 941/2012/1556 945/2022/1566 3915/1941/1495 3914/1938/1492
f 940/2020/1564 3941/81/61 3942/80/60 945/2022/1566
f 945/2022/1566 3942/80/60 5543/84/64 3915/1941/1495
f 946/2023/1567 950/2024/1568 951/2025/1569 947/2026/1570
f 947/2026/1570 951/2025/1569 3621/269/219 3620/264/215
f 950/2024/1568 3908/1968/14 3907/1967/14 951/2025/1569
f 951/2025/1569 3907/1967/14 5496/270/14 3621/269/219
f 946/2023/1567 947/2026/1570 952/2027/1571 948/2028/1572
f 948/2028/1572 952/2027/1571 3889/2029/1488 3890/2030/1487
f 947/2026/1570 3620/264/215 3619/263/214 952/2027/1571
f 952/2027/1571 3619/263/214 5462/266/217 3889/2029/1488
f 946/2023/1567 948/2028/1572 953/2031/1573 949/2032/1574
f 949/2032/1574 953/2031/1573 3943/39/19 3944/31/11
f 948/2028/1572 3890/2030/1487 3891/2033/1497 953/2031/1573
f 953/2031/1573 3891/2033/1497 5537/40/20 3943/39/19
f 946/2023/1567 949/2032/1574 954/2034/1575 950/2024/1568
f 950/2024/1568 954/2034/1575 3909/1971/14 3908/1968/14
f 949/2032/1574 3944/31/11 3945/30/10 954/2034/1575
f 954/2034/1575 3945/30/10 5541/34/14 3909/1971/14
f 955/2035/1576 959/2036/1577 960/2037/1578 956/2038/1579
f 956/2038/1579 960/2037/1578 3570/1439/1120 3569/1436/1117
f 959/2036/1577 3599/2039/1580 3600/2040/1581 960/2037/1578
f 960/2037/1578 3600/2040/1581 5653/1440/1121 3570/1439/1120
f 955/2035/1576 956/2038/1579 961/2041/1582 957/2042/1583
f 957/2042/1583 961/2041/1582 3964/2043/1584 3965/2044/1585
f 956/2038/1579 3569/1436/1117 3568/1435/1116 961/2041/1582
f 961/2041/1582 3568/1435/1116 5527/1052/807 3964/2043/1584
f 955/2035/1576 957/2042/1583 962/2045/1586 958/2046/1587
f 958/2046/1587 962/2045/1586 3967/1472/1148 3968/1466/1142
f 957/2042/1583 3965/2044/1585 3966/2047/1588 962/2045/1586
f 962/2045/1586 3966/2047/1588 5549/991/767 3967/1472/1148
f 955/2035/1576 958/2046/1587 963/2048/1589 959/2036/1577
f 959/2036/1577 963/2048/1589 3598/2049/1590 3599/2039/1580
f 958/2046/1587 3968/1466/1142 3969/1465/1141 963/2048/1589
f 963/2048/1589 3969/1465/1141 5719/1469/1145 3598/2049/1590
f 964/2050/1591 968/2051/1592 969/2052/1593 965/2053/1594
f 965/2053/1594 969/2052/1593 3745/1459/1136 3746/1456/1134
f 968/2051/1592 3959/2054/1595 3958/2055/1596 969/2052/1593
f 969/2052/1593 3958/2055/1596 5488/1460/736 3745/1459/1136
f 964/2050/1591 965/2053/1594 970/2056/1597 966/2057/1598
f 966/2057/1598 970/2056/1597 3961/2058/1599 3962/2059/1600
f 965/2053/1594 3746/1456/1134 3747/1455/1133 970/2056/1597
f 970/2056/1597 3747/1455/1133 5526/1032/787 3961/2058/1599
f 964/2050/1591 966/2057/1598 971/2060/1601 967/2061/1602
f 967/2061/1602 971/2060/1601 3970/1372/1068 3971/1366/1065
f 966/2057/1598 3962/2059/1600 3963/2062/1603 971/2060/1601
f 971/2060/1601 3963/2062/1603 5548/1131/874 3970/1372/1068
f 964/2050/1591 967/2061/1602 972/2063/1604 968/2051/1592
f 968/2051/1592 972/2063/1604 3960/2064/1605 3959/2054/1595
f 967/2061/1602 3971/1366/1065 3972/1365/1064 972/2063/1604
f 972/2063/1604 3972/1365/1064 5547/1369/863 3960/2064/1605
f 973/2065/1600 977/2066/1600 978/2067/1599 974/2068/1599
f 974/2068/1599 978/2067/1599 3553/1031/787 3554/1026/787
f 977/2066/1600 3962/2059/1600 3961/2058/1599 978/2067/1599
f 978/2067/1599 3961/2058/1599 5526/1032/787 3553/1031/787
f 973/2065/1600 974/2068/1599 979/2069/1599 975/2070/1600
f 975/2070/1600 979/2069/1599 3949/2071/1599 3950/2072/1600
f 974/2068/1599 3554/1026/787 3555/1025/787 979/2069/1599
f 979/2069/1599 3555/1025/787 5650/1028/787 3949/2071/1599
f 973/2065/1600 975/2070/1600 980/2073/1603 976/2074/1603
f 976/2074/1603 980/2073/1603 3973/1136/874 3974/1128/874
f 975/2070/1600 3950/2072/1600 3951/2075/1603 980/2073/1603
f 980/2073/1603 3951/2075/1603 5718/1137/874 3973/1136/874
f 973/2065/1600 976/2074/1603 981/2076/1603 977/2066/1600
f 977/2066/1600 981/2076/1603 3963/2062/1603 3962/2059/1600
f 976/2074/1603 3974/1128/874 3975/1127/874 981/2076/1603
f 981/2076/1603 3975/1127/874 5548/1131/874 3963/2062/1603
f 982/2077/1606 986/2078/1607 987/2079/1608 983/2080/1609
f 983/2080/1609 987/2079/1608 3558/957/738 3557/953/734
f 986/2078/1607 3956/2081/14 3955/2082/14 987/2079/1608
f 987/2079/1608 3955/2082/14 5490/868/14 3558/957/738
f 982/2077/1606 983/2080/1609 988/2083/1610 984/2084/1611
f 984/2084/1611 988/2083/1610 3958/2085/1596 3959/2086/1595
f 983/2080/1609 3557/953/734 3556/952/733 988/2083/1610
f 988/2083/1610 3556/952/733 5488/955/736 3958/2085/1596
f 982/2077/1606 984/2084/1611 989/2087/1612 985/2088/1613
f 985/2088/1613 989/2087/1612 3976/1113/862 3977/1108/857
f 984/2084/1611 3959/2086/1595 3960/2089/1605 989/2087/1612
f 989/2087/1612 3960/2089/1605 5547/1114/863 3976/1113/862
f 982/2077/1606 985/2088/1613 990/2090/1614 986/2078/1607
f 986/2078/1607 990/2090/1614 3957/2091/14 3956/2081/14
f 985/2088/1613 3977/1108/857 3978/1107/856 990/2090/1614
f 990/2090/1614 3978/1107/856 5546/972/14 3957/2091/14
f 991/2092/1615 995/2093/1616 996/2094/1617 992/2095/1618
f 992/2095/1618 996/2094/1617 3750/1051/806 3749/1046/801
f 995/2093/1616 3965/2044/1585 3964/2043/1584 996/2094/1617
f 996/2094/1617 3964/2043/1584 5527/1052/807 3750/1051/806
f 991/2092/1615 992/2095/1618 997/2096/1619 993/2097/1620
f 993/2097/1620 997/2096/1619 3946/2098/1621 3947/2099/1622
f 992/2095/1618 3749/1046/801 3748/1045/800 997/2096/1619
f 997/2096/1619 3748/1045/800 5489/1048/803 3946/2098/1621
f 991/2092/1615 993/2097/1620 998/2100/1623 994/2101/1624
f 994/2101/1624 998/2100/1623 3979/996/772 3980/988/764
f 993/2097/1620 3947/2099/1622 3948/2102/1625 998/2100/1623
f 998/2100/1623 3948/2102/1625 5545/997/773 3979/996/772
f 991/2092/1615 994/2101/1624 999/2103/1626 995/2093/1616
f 995/2093/1616 999/2103/1626 3966/2047/1588 3965/2044/1585
f 994/2101/1624 3980/988/764 3981/987/763 999/2103/1626
f 999/2103/1626 3981/987/763 5549/991/767 3966/2047/1588
f 1000/2104/14 1004/2105/14 1005/2106/14 1001/2107/14
f 1001/2107/14 1005/2106/14 3999/871/14 3998/866/14
f 1004/2105/14 4019/2108/14 4018/2109/14 1005/2106/14
f 1005/2106/14 4018/2109/14 5553/872/14 3999/871/14
f 1000/2104/14 1001/2107/14 1006/2110/14 1002/2111/14
f 1002/2111/14 1006/2110/14 3955/2082/14 3956/2081/14
f 1001/2107/14 3998/866/14 3997/865/14 1006/2110/14
f 1006/2110/14 3997/865/14 5490/868/14 3955/2082/14
f 1000/2104/14 1002/2111/14 1007/2112/14 1003/2113/14
f 1003/2113/14 1007/2112/14 4015/971/14 4016/963/14
f 1002/2111/14 3956/2081/14 3957/2091/14 1007/2112/14
f 1007/2112/14 3957/2091/14 5546/972/14 4015/971/14
f 1000/2104/14 1003/2113/14 1008/2114/14 1004/2105/14
f 1004/2105/14 1008/2114/14 4020/2115/14 4019/2108/14
f 1003/2113/14 4016/963/14 4017/962/14 1008/2114/14
f 1008/2114/14 4017/962/14 5558/966/14 4020/2115/14
f 1009/2116/1627 1013/2117/1628 1014/2118/1629 1010/2119/1630
f 1010/2119/1630 1014/2118/1629 3564/2120/1631 3563/2121/1632
f 1013/2117/1628 3947/2122/1622 3946/2123/1621 1014/2118/1629
f 1014/2118/1629 3946/2123/1621 5489/2124/803 3564/2120/1631
f 1009/2116/1627 1010/2119/1630 1015/2125/1633 1011/2126/1634
f 1011/2126/1634 1015/2125/1633 4018/2109/14 4019/2108/14
f 1010/2119/1630 3563/2121/1632 3562/2127/1635 1015/2125/1633
f 1015/2125/1633 3562/2127/1635 5553/872/14 4018/2109/14
f 1009/2116/1627 1011/2126/1634 1016/2128/1636 1012/2129/1637
f 1012/2129/1637 1016/2128/1636 3982/2130/1638 3983/2131/1639
f 1011/2126/1634 4019/2108/14 4020/2115/14 1016/2128/1636
f 1016/2128/1636 4020/2115/14 5558/966/14 3982/2130/1638
f 1009/2116/1627 1012/2129/1637 1017/2132/1640 1013/2117/1628
f 1013/2117/1628 1017/2132/1640 3948/2133/1625 3947/2122/1622
f 1012/2129/1637 3983/2131/1639 3984/2134/1641 1017/2132/1640
f 1017/2132/1640 3984/2134/1641 5545/2135/773 3948/2133/1625
f 1018/2136/1642 1022/2137/1643 1023/2138/1644 1019/2139/1645
f 1019/2139/1645 1023/2138/1644 3733/1567/1227 3734/1564/1224
f 1022/2137/1643 3548/2140/1646 3549/2141/1647 1023/2138/1644
f 1023/2138/1644 3549/2141/1647 5642/1568/1228 3733/1567/1227
f 1018/2136/1642 1019/2139/1645 1024/2142/1648 1020/2143/1649
f 1020/2143/1649 1024/2142/1648 4012/2144/1650 4013/2145/1651
f 1019/2139/1645 3734/1564/1224 3735/1563/1223 1024/2142/1648
f 1024/2142/1648 3735/1563/1223 5522/756/595 4012/2144/1650
f 1018/2136/1642 1020/2143/1649 1025/2146/1652 1021/2147/1653
f 1021/2147/1653 1025/2146/1652 4021/1524/1192 4022/1518/1186
f 1020/2143/1649 4013/2145/1651 4014/2148/1654 1025/2146/1652
f 1025/2146/1652 4014/2148/1654 5557/817/651 4021/1524/1192
f 1018/2136/1642 1021/2147/1653 1026/2149/1655 1022/2137/1643
f 1022/2137/1643 1026/2149/1655 3547/2150/1656 3548/2140/1646
f 1021/2147/1653 4022/1518/1186 4023/1517/1185 1026/2149/1655
f 1026/2149/1655 4023/1517/1185 5727/1521/1189 3547/2150/1656
f 1027/2151/1657 1031/2152/1658 1032/2153/1659 1028/2154/1660
f 1028/2154/1660 1032/2153/1659 3754/1419/1101 3755/1416/1099
f 1031/2152/1658 4001/2155/752 4000/2156/751 1032/2153/1659
f 1032/2153/1659 4000/2156/751 5492/1420/754 3754/1419/1101
f 1027/2151/1657 1028/2154/1660 1033/2157/1661 1029/2158/1662
f 1029/2158/1662 1033/2157/1661 4009/2159/1663 4010/2160/1664
f 1028/2154/1660 3755/1416/1099 3756/1415/1098 1033/2157/1661
f 1033/2157/1661 3756/1415/1098 5529/1077/827 4009/2159/1663
f 1027/2151/1657 1029/2158/1662 1034/2161/1665 1030/2162/1666
f 1030/2162/1666 1034/2161/1665 4024/1392/1085 4025/1386/1080
f 1029/2158/1662 4010/2160/1664 4011/2163/1667 1034/2161/1665
f 1034/2161/1665 4011/2163/1667 5556/1086/836 4024/1392/1085
f 1027/2151/1657 1030/2162/1666 1035/2164/1668 1031/2152/1658
f 1031/2152/1658 1035/2164/1668 4002/2165/757 4001/2155/752
f 1030/2162/1666 4025/1386/1080 4026/1385/1079 1035/2164/1668
f 1035/2164/1668 4026/1385/1079 5554/1389/758 4002/2165/757
f 1036/2166/1669 1040/2167/1670 1041/2168/1671 1037/2169/1672
f 1037/2169/1672 1041/2168/1671 3634/1198/914 3635/1195/912
f 1040/2167/1670 3992/2170/1673 3991/2171/1674 1041/2168/1671
f 1041/2168/1671 3991/2171/1674 5483/1199/591 3634/1198/914
f 1036/2166/1669 1037/2169/1672 1042/2172/1675 1038/2173/1676
f 1038/2173/1676 1042/2172/1675 4006/2174/14 4007/2175/14
f 1037/2169/1672 3635/1195/912 3636/1194/911 1042/2172/1675
f 1042/2172/1675 3636/1194/911 5501/849/14 4006/2174/14
f 1036/2166/1669 1038/2173/1676 1043/2176/1677 1039/2177/1678
f 1039/2177/1678 1043/2176/1677 4027/1159/884 4028/1153/881
f 1038/2173/1676 4007/2175/14 4008/2178/14 1043/2176/1677
f 1043/2176/1677 4008/2178/14 5555/931/14 4027/1159/884
f 1036/2166/1669 1039/2177/1678 1044/2179/1679 1040/2167/1670
f 1040/2167/1670 1044/2179/1679 3993/2180/1680 3992/2170/1673
f 1039/2177/1678 4028/1153/881 4029/1152/880 1044/2179/1679
f 1044/2179/1679 4029/1152/880 5552/1156/657 3993/2180/1680
f 1045/2181/1681 1049/2182/1682 1050/2183/1683 1046/2184/1684
f 1046/2184/1684 1050/2183/1683 3583/1076/826 3584/1071/821
f 1049/2182/1682 4010/2160/1664 4009/2159/1663 1050/2183/1683
f 1050/2183/1683 4009/2159/1663 5529/1077/827 3583/1076/826
f 1045/2181/1681 1046/2184/1684 1051/2185/1685 1047/2186/1686
f 1047/2186/1686 1051/2185/1685 4003/2187/1687 4004/2188/1688
f 1046/2184/1684 3584/1071/821 3585/1070/820 1051/2185/1685
f 1051/2185/1685 3585/1070/820 5657/1073/823 4003/2187/1687
f 1045/2181/1681 1047/2186/1686 1052/2189/1689 1048/2190/1690
f 1048/2190/1690 1052/2189/1689 4030/1091/841 4031/1083/833
f 1047/2186/1686 4004/2188/1688 4005/2191/1691 1052/2189/1689
f 1052/2189/1689 4005/2191/1691 5730/1092/842 4030/1091/841
f 1045/2181/1681 1048/2190/1690 1053/2192/1692 1049/2182/1682
f 1049/2182/1682 1053/2192/1692 4011/2163/1667 4010/2160/1664
f 1048/2190/1690 4031/1083/833 4032/1082/832 1053/2192/1692
f 1053/2192/1692 4032/1082/832 5556/1086/836 4011/2163/1667
f 1054/2193/1693 1058/2194/1694 1059/2195/1695 1055/2196/1696
f 1055/2196/1696 1059/2195/1695 3984/2134/1641 3983/2131/1639
f 1058/2194/1694 3560/2197/771 3559/2198/770 1059/2195/1695
f 1059/2195/1695 3559/2198/770 5545/2135/773 3984/2134/1641
f 1054/2193/1693 1055/2196/1696 1060/2199/1697 1056/2200/1698
f 1056/2200/1698 1060/2199/1697 4033/965/744 4034/964/743
f 1055/2196/1696 3983/2131/1639 3982/2130/1638 1060/2199/1697
f 1060/2199/1697 3982/2130/1638 5558/966/14 4033/965/744
f 1054/2193/1693 1056/2200/1698 1061/2201/1699 1057/2202/1700
f 1057/2202/1700 1061/2201/1699 3586/2203/1082 3587/2204/1081
f 1056/2200/1698 4034/964/743 4035/980/756 1061/2201/1699
f 1061/2201/1699 4035/980/756 5554/982/758 3586/2203/1082
f 1054/2193/1693 1057/2202/1700 1062/2205/1701 1058/2194/1694
f 1058/2194/1694 1062/2205/1701 3561/2206/778 3560/2197/771
f 1057/2202/1700 3587/2204/1081 3588/2207/1089 1062/2205/1701
f 1062/2205/1701 3588/2207/1089 5491/2208/779 3561/2206/778
f 1063/2209/14 1067/2210/14 1068/2211/14 1064/2212/14
f 1064/2212/14 1068/2211/14 3511/848/14 3512/845/14
f 1067/2210/14 4007/2175/14 4006/2174/14 1068/2211/14
f 1068/2211/14 4006/2174/14 5501/849/14 3511/848/14
f 1063/2209/14 1064/2212/14 1069/2213/14 1065/2214/14
f 1065/2214/14 1069/2213/14 3516/2215/14 3515/2216/14
f 1064/2212/14 3512/845/14 3513/844/14 1069/2213/14
f 1069/2213/14 3513/844/14 5485/731/14 3516/2215/14
f 1063/2209/14 1065/2214/14 1070/2217/14 1066/2218/14
f 1066/2218/14 1070/2217/14 4036/934/14 4037/928/14
f 1065/2214/14 3515/2216/14 3514/2219/14 1070/2217/14
f 1070/2217/14 3514/2219/14 5551/792/14 4036/934/14
f 1063/2209/14 1066/2218/14 1071/2220/14 1067/2210/14
f 1067/2210/14 1071/2220/14 4008/2178/14 4007/2175/14
f 1066/2218/14 4037/928/14 4038/927/14 1071/2220/14
f 1071/2220/14 4038/927/14 5555/931/14 4008/2178/14
f 1072/2221/1702 1076/2222/1703 1077/2223/1704 1073/2224/1705
f 1073/2224/1705 1077/2223/1704 3510/803/637 3509/796/632
f 1076/2222/1703 3575/2225/797 3576/2226/796 1077/2223/1704
f 1077/2223/1704 3576/2226/796 5481/804/638 3510/803/637
f 1072/2221/1702 1073/2224/1705 1078/2227/1706 1074/2228/1707
f 1074/2228/1707 1078/2227/1706 4039/857/14 4040/856/14
f 1073/2224/1705 3509/796/632 3508/795/631 1078/2227/1706
f 1078/2227/1706 3508/795/631 5550/798/14 4039/857/14
f 1072/2221/1702 1074/2228/1707 1079/2229/1708 1075/2230/1709
f 1075/2230/1709 1079/2229/1708 3562/2127/1635 3563/2121/1632
f 1074/2228/1707 4040/856/14 4041/870/14 1079/2229/1708
f 1079/2229/1708 4041/870/14 5553/872/14 3562/2127/1635
f 1072/2221/1702 1075/2230/1709 1080/2231/1710 1076/2222/1703
f 1076/2222/1703 1080/2231/1710 3574/2232/802 3575/2225/797
f 1075/2230/1709 3563/2121/1632 3564/2120/1631 1080/2231/1710
f 1080/2231/1710 3564/2120/1631 5489/2124/803 3574/2232/802
f 1081/2233/1711 1085/2234/1712 1086/2235/1713 1082/2236/1714
f 1082/2236/1714 1086/2235/1713 3499/755/594 3500/750/589
f 1085/2234/1712 4013/2145/1651 4012/2144/1650 1086/2235/1713
f 1086/2235/1713 4012/2144/1650 5522/756/595 3499/755/594
f 1081/2233/1711 1082/2236/1714 1087/2237/1715 1083/2238/1716
f 1083/2238/1716 1087/2237/1715 3991/2239/1674 3992/2240/1673
f 1082/2236/1714 3500/750/589 3501/749/588 1087/2237/1715
f 1087/2237/1715 3501/749/588 5483/752/591 3991/2239/1674
f 1081/2233/1711 1083/2238/1716 1088/2241/1717 1084/2242/1718
f 1084/2242/1718 1088/2241/1717 4042/822/656 4043/814/648
f 1083/2238/1716 3992/2240/1673 3993/2243/1680 1088/2241/1717
f 1088/2241/1717 3993/2243/1680 5552/823/657 4042/822/656
f 1081/2233/1711 1084/2242/1718 1089/2244/1719 1085/2234/1712
f 1085/2234/1712 1089/2244/1719 4014/2148/1654 4013/2145/1651
f 1084/2242/1718 4043/814/648 4044/813/647 1089/2244/1719
f 1089/2244/1719 4044/813/647 5557/817/651 4014/2148/1654
f 1090/2245/14 1094/2246/14 1095/2247/14 1091/2248/14
f 1091/2248/14 1095/2247/14 3502/730/14 3503/725/14
f 1094/2246/14 3515/2216/14 3516/2215/14 1095/2247/14
f 1095/2247/14 3516/2215/14 5485/731/14 3502/730/14
f 1090/2245/14 1091/2248/14 1096/2249/14 1092/2250/14
f 1092/2250/14 1096/2249/14 3985/862/14 3986/855/14
f 1091/2248/14 3503/725/14 3504/724/14 1096/2249/14
f 1096/2249/14 3504/724/14 5482/727/14 3985/862/14
f 1090/2245/14 1092/2250/14 1097/2251/14 1093/2252/14
f 1093/2252/14 1097/2251/14 4045/797/14 4046/789/14
f 1092/2250/14 3986/855/14 3987/854/14 1097/2251/14
f 1097/2251/14 3987/854/14 5550/798/14 4045/797/14
f 1090/2245/14 1093/2252/14 1098/2253/14 1094/2246/14
f 1094/2246/14 1098/2253/14 3514/2219/14 3515/2216/14
f 1093/2252/14 4046/789/14 4047/788/14 1098/2253/14
f 1098/2253/14 4047/788/14 5551/792/14 3514/2219/14
f 1099/2254/1720 1103/2255/1721 1104/2256/1722 1100/2257/1723
f 1100/2257/1723 1104/2256/1722 4065/2258/1724 4064/2259/1723
f 1103/2255/1721 4049/2260/1725 4050/2261/1726 1104/2256/1722
f 1104/2256/1722 4050/2261/1726 5560/2262/1727 4065/2258/1724
f 1099/2254/1720 1100/2257/1723 1105/2263/1728 1101/2264/1729
f 1101/2264/1729 1105/2263/1728 4056/2265/959 4055/2266/954
f 1100/2257/1723 4064/2259/1723 4063/2267/1730 1105/2263/1728
f 1105/2263/1728 4063/2267/1730 5563/2268/960 4056/2265/959
f 1099/2254/1720 1101/2264/1729 1106/2269/1731 1102/2270/963
f 1102/2270/963 1106/2269/1731 4057/2271/1732 4058/2272/1733
f 1101/2264/1729 4055/2266/954 4054/2273/953 1106/2269/1731
f 1106/2269/1731 4054/2273/953 5562/2274/956 4057/2271/1732
f 1099/2254/1720 1102/2270/963 1107/2275/1734 1103/2255/1721
f 1103/2255/1721 1107/2275/1734 4048/2276/1735 4049/2260/1725
f 1102/2270/963 4058/2272/1733 4059/2277/1736 1107/2275/1734
f 1107/2275/1734 4059/2277/1736 5559/2278/1737 4048/2276/1735
f 1108/2279/1738 1112/2280/1739 1113/2281/1740 1109/2282/1741
f 1109/2282/1741 1113/2281/1740 4059/2277/1736 4058/2272/1733
f 1112/2280/1739 4052/2283/1742 4053/2284/1743 1113/2281/1740
f 1113/2281/1740 4053/2284/1743 5559/2278/1737 4059/2277/1736
f 1108/2279/1738 1109/2282/1741 1114/2285/1744 1110/2286/1745
f 1110/2286/1745 1114/2285/1744 4062/2287/1746 4061/2288/1747
f 1109/2282/1741 4058/2272/1733 4057/2271/1732 1114/2285/1744
f 1114/2285/1744 4057/2271/1732 5562/2274/956 4062/2287/1746
f 1108/2279/1738 1110/2286/1745 1115/2289/1748 1111/2290/1749
f 1111/2290/1749 1115/2289/1748 4066/2291/463 4067/2292/458
f 1110/2286/1745 4061/2288/1747 4060/2293/1750 1115/2289/1748
f 1115/2289/1748 4060/2293/1750 5564/2294/464 4066/2291/463
f 1108/2279/1738 1111/2290/1749 1116/2295/1751 1112/2280/1739
f 1112/2280/1739 1116/2295/1751 4051/2296/1752 4052/2283/1742
f 1111/2290/1749 4067/2292/458 4068/2297/457 1116/2295/1751
f 1116/2295/1751 4068/2297/457 5561/2298/460 4051/2296/1752
f 1117/2299/1753 1121/2300/1754 1122/2301/1755 1118/2302/1756
f 1118/2302/1756 1122/2301/1755 4221/2303/1757 4220/2304/1758
f 1121/2300/1754 4172/2305/1759 4173/2306/1760 1122/2301/1755
f 1122/2301/1755 4173/2306/1760 5582/2307/1761 4221/2303/1757
f 1117/2299/1753 1118/2302/1756 1123/2308/1762 1119/2309/1763
f 1119/2309/1763 1123/2308/1762 4078/2310/1764 4079/2311/1765
f 1118/2302/1756 4220/2304/1758 4219/2312/1766 1123/2308/1762
f 1123/2308/1762 4219/2312/1766 5581/2313/1767 4078/2310/1764
f 1117/2299/1753 1119/2309/1763 1124/2314/1768 1120/2315/1769
f 1120/2315/1769 1124/2314/1768 4050/2316/1726 4049/2317/1725
f 1119/2309/1763 4079/2311/1765 4080/2318/1770 1124/2314/1768
f 1124/2314/1768 4080/2318/1770 5560/2319/1727 4050/2316/1726
f 1117/2299/1753 1120/2315/1769 1125/2320/1771 1121/2300/1754
f 1121/2300/1754 1125/2320/1771 4171/2321/1772 4172/2305/1759
f 1120/2315/1769 4049/2317/1725 4048/2322/1735 1125/2320/1771
f 1125/2320/1771 4048/2322/1735 5559/2323/1737 4171/2321/1772
f 1126/2324/1773 1130/2325/1774 1131/2326/1775 1127/2327/1776
f 1127/2327/1776 1131/2326/1775 4218/2328/1777 4217/2329/1778
f 1130/2325/1774 3425/1240/948 3424/1239/947 1131/2326/1775
f 1131/2326/1775 3424/1239/947 5577/1242/950 4218/2328/1777
f 1126/2324/1773 1127/2327/1776 1132/2330/1779 1128/2331/1780
f 1128/2331/1780 1132/2330/1779 4167/2332/447 4166/2333/446
f 1127/2327/1776 4217/2329/1778 4216/2334/1781 1132/2330/1779
f 1132/2330/1779 4216/2334/1781 5580/2335/448 4167/2332/447
f 1126/2324/1773 1128/2331/1780 1133/2336/1782 1129/2337/1783
f 1129/2337/1783 1133/2336/1782 4060/2338/1750 4061/2339/1747
f 1128/2331/1780 4166/2333/446 4165/2340/462 1133/2336/1782
f 1133/2336/1782 4165/2340/462 5564/2341/464 4060/2338/1750
f 1126/2324/1773 1129/2337/1783 1134/2342/1784 1130/2325/1774
f 1130/2325/1774 1134/2342/1784 3426/1247/955 3425/1240/948
f 1129/2337/1783 4061/2339/1747 4062/2343/1746 1134/2342/1784
f 1134/2342/1784 4062/2343/1746 5562/1248/956 3426/1247/955
f 1135/2344/1785 1139/2345/1786 1140/2346/1787 1136/2347/1788
f 1136/2347/1788 1140/2346/1787 4215/2348/1789 4214/2349/1790
f 1139/2345/1786 4073/2350/452 4072/2351/451 1140/2346/1787
f 1140/2346/1787 4072/2351/451 5579/2352/454 4215/2348/1789
f 1135/2344/1785 1136/2347/1788 1141/2353/1791 1137/2354/1792
f 1137/2354/1792 1141/2353/1791 4173/2306/1760 4172/2305/1759
f 1136/2347/1788 4214/2349/1790 4213/2355/1793 1141/2353/1791
f 1141/2353/1791 4213/2355/1793 5582/2307/1761 4173/2306/1760
f 1135/2344/1785 1137/2354/1792 1142/2356/1794 1138/2357/1795
f 1138/2357/1795 1142/2356/1794 4053/2358/1743 4052/2359/1742
f 1137/2354/1792 4172/2305/1759 4171/2321/1772 1142/2356/1794
f 1142/2356/1794 4171/2321/1772 5559/2323/1737 4053/2358/1743
f 1135/2344/1785 1138/2357/1795 1143/2360/1796 1139/2345/1786
f 1139/2345/1786 1143/2360/1796 4074/2361/459 4073/2350/452
f 1138/2357/1795 4052/2359/1742 4051/2362/1752 1143/2360/1796
f 1143/2360/1796 4051/2362/1752 5561/2363/460 4074/2361/459
f 1144/2364/1797 1148/2365/1798 1149/2366/1799 1145/2367/1800
f 1145/2367/1800 1149/2366/1799 4170/2368/1801 4169/2369/1802
f 1148/2365/1798 4211/2370/1803 4210/2371/1804 1149/2366/1799
f 1149/2366/1799 4210/2371/1804 5581/2313/1767 4170/2368/1801
f 1144/2364/1797 1145/2367/1800 1150/2372/1805 1146/2373/1806
f 1146/2373/1806 1150/2372/1805 4096/2374/1807 4097/2375/1808
f 1145/2367/1800 4169/2369/1802 4168/2376/1809 1150/2372/1805
f 1150/2372/1805 4168/2376/1809 5457/2377/140 4096/2374/1807
f 1144/2364/1797 1146/2373/1806 1151/2378/1810 1147/2379/1811
f 1147/2379/1811 1151/2378/1810 4177/2380/1812 4178/2381/1813
f 1146/2373/1806 4097/2375/1808 4098/2382/1814 1151/2378/1810
f 1151/2378/1810 4098/2382/1814 5566/2383/1815 4177/2380/1812
f 1144/2364/1797 1147/2379/1811 1152/2384/1816 1148/2365/1798
f 1148/2365/1798 1152/2384/1816 4212/2385/1817 4211/2370/1803
f 1147/2379/1811 4178/2381/1813 4179/2386/1818 1152/2384/1816
f 1152/2384/1816 4179/2386/1818 5584/2387/1819 4212/2385/1817
f 1153/2388/1820 1157/2389/1821 1158/2390/1822 1154/2391/1823
f 1154/2391/1823 1158/2390/1822 4086/2392/1824 4085/2393/1825
f 1157/2389/1821 4124/2394/1826 4125/2395/1827 1158/2390/1822
f 1158/2390/1822 4125/2395/1827 5566/2396/1815 4086/2392/1824
f 1153/2388/1820 1154/2391/1823 1159/2397/1828 1155/2398/1829
f 1155/2398/1829 1159/2397/1828 4120/2399/1830 4121/2400/1831
f 1154/2391/1823 4085/2393/1825 4084/2401/1832 1159/2397/1828
f 1159/2397/1828 4084/2401/1832 5565/2402/1833 4120/2399/1830
f 1153/2388/1820 1155/2398/1829 1160/2403/1834 1156/2404/1835
f 1156/2404/1835 1160/2403/1834 4108/2405/1836 4109/2406/1837
f 1155/2398/1829 4121/2400/1831 4122/2407/1838 1160/2403/1834
f 1160/2403/1834 4122/2407/1838 5569/2408/1839 4108/2405/1836
f 1153/2388/1820 1156/2404/1835 1161/2409/1840 1157/2389/1821
f 1157/2389/1821 1161/2409/1840 4123/2410/1841 4124/2394/1826
f 1156/2404/1835 4109/2406/1837 4110/2411/1842 1161/2409/1840
f 1161/2409/1840 4110/2411/1842 5570/2412/1843 4123/2410/1841
f 1162/2413/1844 1166/2414/1845 1167/2415/1846 1163/2416/1847
f 1163/2416/1847 1167/2415/1846 4161/1235/943 4160/1234/942
f 1166/2414/1845 4208/2417/1848 4207/2418/1849 1167/2415/1846
f 1167/2415/1846 4207/2418/1849 5578/1236/944 4161/1235/943
f 1162/2413/1844 1163/2416/1847 1168/2419/1850 1164/2420/1851
f 1164/2420/1851 1168/2419/1850 4102/2421/1852 4103/2422/1853
f 1163/2416/1847 4160/1234/942 4159/1250/958 1168/2419/1850
f 1168/2419/1850 4159/1250/958 5563/1252/960 4102/2421/1852
f 1162/2413/1844 1164/2420/1851 1169/2423/1854 1165/2424/1855
f 1165/2424/1855 1169/2423/1854 4174/2425/1856 4175/2426/1857
f 1164/2420/1851 4103/2422/1853 4104/2427/1858 1169/2423/1854
f 1169/2423/1854 4104/2427/1858 5567/2428/1859 4174/2425/1856
f 1162/2413/1844 1165/2424/1855 1170/2429/1860 1166/2414/1845
f 1166/2414/1845 1170/2429/1860 4209/2430/1861 4208/2417/1848
f 1165/2424/1855 4175/2426/1857 4176/2431/1862 1170/2429/1860
f 1170/2429/1860 4176/2431/1862 5583/2432/1863 4209/2430/1861
f 1171/2433/977 1175/2434/1864 1176/2435/1865 1172/2436/1866
f 1172/2436/1866 1176/2435/1865 4063/2267/1730 4064/2259/1723
f 1175/2434/1864 4103/2437/1853 4102/2438/1852 1176/2435/1865
f 1176/2435/1865 4102/2438/1852 5563/2268/960 4063/2267/1730
f 1171/2433/977 1172/2436/1866 1177/2439/1867 1173/2440/1868
f 1173/2440/1868 1177/2439/1867 4101/2441/1869 4100/2442/1870
f 1172/2436/1866 4064/2259/1723 4065/2258/1724 1177/2439/1867
f 1177/2439/1867 4065/2258/1724 5560/2262/1727 4101/2441/1869
f 1171/2433/977 1173/2440/1868 1178/2443/1871 1174/2444/1872
f 1174/2444/1872 1178/2443/1871 4089/2445/1873 4088/2446/1874
f 1173/2440/1868 4100/2442/1870 4099/2447/1875 1178/2443/1871
f 1178/2443/1871 4099/2447/1875 5568/2448/1876 4089/2445/1873
f 1171/2433/977 1174/2444/1872 1179/2449/1877 1175/2434/1864
f 1175/2434/1864 1179/2449/1877 4104/2450/1858 4103/2437/1853
f 1174/2444/1872 4088/2446/1874 4087/2451/1878 1179/2449/1877
f 1179/2449/1877 4087/2451/1878 5567/2452/1859 4104/2450/1858
f 1180/2453/1879 1184/2454/1880 1185/2455/1881 1181/2456/1882
f 1181/2456/1882 1185/2455/1881 3432/2457/484 3431/2458/480
f 1184/2454/1880 4097/2459/1808 4096/2460/1807 1185/2455/1881
f 1185/2455/1881 4096/2460/1807 5457/2461/140 3432/2457/484
f 1180/2453/1879 1181/2456/1882 1186/2462/1883 1182/2463/1884
f 1182/2463/1884 1186/2462/1883 4107/2464/1885 4106/2465/1886
f 1181/2456/1882 3431/2458/480 3430/2466/479 1186/2462/1883
f 1186/2462/1883 3430/2466/479 5472/2467/482 4107/2464/1885
f 1180/2453/1879 1182/2463/1884 1187/2468/1887 1183/2469/1888
f 1183/2469/1888 1187/2468/1887 4084/2401/1832 4085/2393/1825
f 1182/2463/1884 4106/2465/1886 4105/2470/1889 1187/2468/1887
f 1187/2468/1887 4105/2470/1889 5565/2402/1833 4084/2401/1832
f 1180/2453/1879 1183/2469/1888 1188/2471/1890 1184/2454/1880
f 1184/2454/1880 1188/2471/1890 4098/2472/1814 4097/2459/1808
f 1183/2469/1888 4085/2393/1825 4086/2392/1824 1188/2471/1890
f 1188/2471/1890 4086/2392/1824 5566/2396/1815 4098/2472/1814
f 1189/2473/1891 1193/2474/1892 1194/2475/1893 1190/2476/1894
f 1190/2476/1894 1194/2475/1893 4185/2477/1895 4184/2478/1896
f 1193/2474/1892 4205/2479/1897 4204/2480/1898 1194/2475/1893
f 1194/2475/1893 4204/2480/1898 5586/2481/1899 4185/2477/1895
f 1189/2473/1891 1190/2476/1894 1195/2482/1900 1191/2483/1901
f 1191/2483/1901 1195/2482/1900 4144/2484/1902 4145/2485/1903
f 1190/2476/1894 4184/2478/1896 4183/2486/1904 1195/2482/1900
f 1195/2482/1900 4183/2486/1904 5570/2487/1843 4144/2484/1902
f 1189/2473/1891 1191/2483/1901 1196/2488/1905 1192/2489/1906
f 1192/2489/1906 1196/2488/1905 4189/2490/1907 4190/2491/1908
f 1191/2483/1901 4145/2485/1903 4146/2492/1909 1196/2488/1905
f 1196/2488/1905 4146/2492/1909 5574/2493/1910 4189/2490/1907
f 1189/2473/1891 1192/2489/1906 1197/2494/1911 1193/2474/1892
f 1193/2474/1892 1197/2494/1911 4206/2495/1912 4205/2479/1897
f 1192/2489/1906 4190/2491/1908 4191/2496/1913 1197/2494/1911
f 1197/2494/1911 4191/2496/1913 5588/2497/1914 4206/2495/1912
f 1198/2498/1915 1202/2499/1916 1203/2500/1917 1199/2501/1918
f 1199/2501/1918 1203/2500/1917 4179/2386/1818 4178/2381/1813
f 1202/2499/1916 4202/2502/1919 4201/2503/1920 1203/2500/1917
f 1203/2500/1917 4201/2503/1920 5584/2387/1819 4179/2386/1818
f 1198/2498/1915 1199/2501/1918 1204/2504/1921 1200/2505/1922
f 1200/2505/1922 1204/2504/1921 4125/2506/1827 4124/2507/1826
f 1199/2501/1918 4178/2381/1813 4177/2380/1812 1204/2504/1921
f 1204/2504/1921 4177/2380/1812 5566/2383/1815 4125/2506/1827
f 1198/2498/1915 1200/2505/1922 1205/2508/1923 1201/2509/1924
f 1201/2509/1924 1205/2508/1923 4183/2486/1904 4184/2478/1896
f 1200/2505/1922 4124/2507/1826 4123/2510/1841 1205/2508/1923
f 1205/2508/1923 4123/2510/1841 5570/2487/1843 4183/2486/1904
f 1198/2498/1915 1201/2509/1924 1206/2511/1925 1202/2499/1916
f 1202/2499/1916 1206/2511/1925 4203/2512/1926 4202/2502/1919
f 1201/2509/1924 4184/2478/1896 4185/2477/1895 1206/2511/1925
f 1206/2511/1925 4185/2477/1895 5586/2481/1899 4203/2512/1926
f 1207/2513/1927 1211/2514/1928 1212/2515/1929 1208/2516/1930
f 1208/2516/1930 1212/2515/1929 4087/2451/1878 4088/2446/1874
f 1211/2514/1928 4130/2517/1931 4131/2518/1932 1212/2515/1929
f 1212/2515/1929 4131/2518/1932 5567/2452/1859 4087/2451/1878
f 1207/2513/1927 1208/2516/1930 1213/2519/1933 1209/2520/1934
f 1209/2520/1934 1213/2519/1933 4128/2521/1935 4127/2522/1936
f 1208/2516/1930 4088/2446/1874 4089/2445/1873 1213/2519/1933
f 1213/2519/1933 4089/2445/1873 5568/2448/1876 4128/2521/1935
f 1207/2513/1927 1209/2520/1934 1214/2523/1937 1210/2524/1938
f 1210/2524/1938 1214/2523/1937 4113/2525/1939 4112/2526/1940
f 1209/2520/1934 4127/2522/1936 4126/2527/1941 1214/2523/1937
f 1214/2523/1937 4126/2527/1941 5572/2528/1942 4113/2525/1939
f 1207/2513/1927 1210/2524/1938 1215/2529/1943 1211/2514/1928
f 1211/2514/1928 1215/2529/1943 4129/2530/1944 4130/2517/1931
f 1210/2524/1938 4112/2526/1940 4111/2531/1945 1215/2529/1943
f 1215/2529/1943 4111/2531/1945 5571/2532/1946 4129/2530/1944
f 1216/2533/1947 1220/2534/1948 1221/2535/1949 1217/2536/1950
f 1217/2536/1950 1221/2535/1949 4176/2431/1862 4175/2426/1857
f 1220/2534/1948 4199/2537/1951 4198/2538/1952 1221/2535/1949
f 1221/2535/1949 4198/2538/1952 5583/2432/1863 4176/2431/1862
f 1216/2533/1947 1217/2536/1950 1222/2539/1953 1218/2540/1954
f 1218/2540/1954 1222/2539/1953 4131/2541/1932 4130/2542/1931
f 1217/2536/1950 4175/2426/1857 4174/2425/1856 1222/2539/1953
f 1222/2539/1953 4174/2425/1856 5567/2428/1859 4131/2541/1932
f 1216/2533/1947 1218/2540/1954 1223/2543/1955 1219/2544/1956
f 1219/2544/1956 1223/2543/1955 4180/2545/1957 4181/2546/1958
f 1218/2540/1954 4130/2542/1931 4129/2547/1944 1223/2543/1955
f 1223/2543/1955 4129/2547/1944 5571/2548/1946 4180/2545/1957
f 1216/2533/1947 1219/2544/1956 1224/2549/1959 1220/2534/1948
f 1220/2534/1948 1224/2549/1959 4200/2550/1960 4199/2537/1951
f 1219/2544/1956 4181/2546/1958 4182/2551/1961 1224/2549/1959
f 1224/2549/1959 4182/2551/1961 5585/2552/1962 4200/2550/1960
f 1225/2553/1963 1229/2554/1964 1230/2555/1965 1226/2556/1966
f 1226/2556/1966 1230/2555/1965 4197/2557/1967 4196/2558/1968
f 1229/2554/1964 4142/2559/1969 4141/2560/1970 1230/2555/1965
f 1230/2555/1965 4141/2560/1970 5588/2561/1914 4197/2557/1967
f 1225/2553/1963 1226/2556/1966 1231/2562/1971 1227/2563/1972
f 1227/2563/1972 1231/2562/1971 4188/2564/1973 4187/2565/1974
f 1226/2556/1966 4196/2558/1968 4195/2566/1975 1231/2562/1971
f 1231/2562/1971 4195/2566/1975 5587/2567/1976 4188/2564/1973
f 1225/2553/1963 1227/2563/1972 1232/2568/1977 1228/2569/1978
f 1228/2569/1978 1232/2568/1977 4135/2570/1979 4136/2571/1980
f 1227/2563/1972 4187/2565/1974 4186/2572/1981 1232/2568/1977
f 1232/2568/1977 4186/2572/1981 5575/2573/1982 4135/2570/1979
f 1225/2553/1963 1228/2569/1978 1233/2574/1983 1229/2554/1964
f 1229/2554/1964 1233/2574/1983 4143/2575/1984 4142/2559/1969
f 1228/2569/1978 4136/2571/1980 4137/2576/1985 1233/2574/1983
f 1233/2574/1983 4137/2576/1985 5576/2577/1986 4143/2575/1984
f 1234/2578/1987 1238/2579/1988 1239/2580/1989 1235/2581/1990
f 1235/2581/1990 1239/2580/1989 4111/2531/1945 4112/2526/1940
f 1238/2579/1988 4151/2582/1991 4152/2583/1992 1239/2580/1989
f 1239/2580/1989 4152/2583/1992 5571/2532/1946 4111/2531/1945
f 1234/2578/1987 1235/2581/1990 1240/2584/1993 1236/2585/1994
f 1236/2585/1994 1240/2584/1993 4149/2586/1995 4148/2587/1996
f 1235/2581/1990 4112/2526/1940 4113/2525/1939 1240/2584/1993
f 1240/2584/1993 4113/2525/1939 5572/2528/1942 4149/2586/1995
f 1234/2578/1987 1236/2585/1994 1241/2588/1997 1237/2589/1998
f 1237/2589/1998 1241/2588/1997 4137/2590/1985 4136/2591/1980
f 1236/2585/1994 4148/2587/1996 4147/2592/1999 1241/2588/1997
f 1241/2588/1997 4147/2592/1999 5576/2593/1986 4137/2590/1985
f 1234/2578/1987 1237/2589/1998 1242/2594/2000 1238/2579/1988
f 1238/2579/1988 1242/2594/2000 4150/2595/2001 4151/2582/1991
f 1237/2589/1998 4136/2591/1980 4135/2596/1979 1242/2594/2000
f 1242/2594/2000 4135/2596/1979 5575/2597/1982 4150/2595/2001
f 1243/2598/2002 1247/2599/2003 1248/2600/2004 1244/2601/2005
f 1244/2601/2005 1248/2600/2004 4182/2551/1961 4181/2546/1958
f 1247/2599/2003 4193/2602/2006 4192/2603/2007 1248/2600/2004
f 1248/2600/2004 4192/2603/2007 5585/2552/1962 4182/2551/1961
f 1243/2598/2002 1244/2601/2005 1249/2604/2008 1245/2605/2009
f 1245/2605/2009 1249/2604/2008 4152/2606/1992 4151/2607/1991
f 1244/2601/2005 4181/2546/1958 4180/2545/1957 1249/2604/2008
f 1249/2604/2008 4180/2545/1957 5571/2548/1946 4152/2606/1992
f 1243/2598/2002 1245/2605/2009 1250/2608/2010 1246/2609/2011
f 1246/2609/2011 1250/2608/2010 4186/2610/1981 4187/2611/1974
f 1245/2605/2009 4151/2607/1991 4150/2612/2001 1250/2608/2010
f 1250/2608/2010 4150/2612/2001 5575/2613/1982 4186/2610/1981
f 1243/2598/2002 1246/2609/2011 1251/2614/2012 1247/2599/2003
f 1247/2599/2003 1251/2614/2012 4194/2615/2013 4193/2602/2006
f 1246/2609/2011 4187/2611/1974 4188/2616/1973 1251/2614/2012
f 1251/2614/2012 4188/2616/1973 5587/2617/1976 4194/2615/2013
f 1252/2618/2014 1256/2619/2015 1257/2620/2016 1253/2621/2017
f 1253/2621/2017 1257/2620/2016 4110/2411/1842 4109/2406/1837
f 1256/2619/2015 4145/2622/1903 4144/2623/1902 1257/2620/2016
f 1257/2620/2016 4144/2623/1902 5570/2412/1843 4110/2411/1842
f 1252/2618/2014 1253/2621/2017 1258/2624/2018 1254/2625/2019
f 1254/2625/2019 1258/2624/2018 4155/2626/2020 4154/2627/2021
f 1253/2621/2017 4109/2406/1837 4108/2405/1836 1258/2624/2018
f 1258/2624/2018 4108/2405/1836 5569/2408/1839 4155/2626/2020
f 1252/2618/2014 1254/2625/2019 1259/2628/2022 1255/2629/2023
f 1255/2629/2023 1259/2628/2022 4132/2630/2024 4133/2631/2025
f 1254/2625/2019 4154/2627/2021 4153/2632/2026 1259/2628/2022
f 1259/2628/2022 4153/2632/2026 5573/2633/2027 4132/2630/2024
f 1252/2618/2014 1255/2629/2023 1260/2634/2028 1256/2619/2015
f 1256/2619/2015 1260/2634/2028 4146/2635/1909 4145/2622/1903
f 1255/2629/2023 4133/2631/2025 4134/2636/2029 1260/2634/2028
f 1260/2634/2028 4134/2636/2029 5574/2637/1910 4146/2635/1909
f 1261/2638/2030 1265/2639/2031 1266/2640/2032 1262/2641/2033
f 1262/2641/2033 1266/2640/2032 4116/2642/2034 4115/2643/2035
f 1265/2639/2031 4154/2644/2021 4155/2645/2020 1266/2640/2032
f 1266/2640/2032 4155/2645/2020 5569/2646/1839 4116/2642/2034
f 1261/2638/2030 1262/2641/2033 1267/2647/2036 1263/2648/2037
f 1263/2648/2037 1267/2647/2036 4192/2603/2007 4193/2602/2006
f 1262/2641/2033 4115/2643/2035 4114/2649/2038 1267/2647/2036
f 1267/2647/2036 4114/2649/2038 5585/2552/1962 4192/2603/2007
f 1261/2638/2030 1263/2648/2037 1268/2650/2039 1264/2651/2040
f 1264/2651/2040 1268/2650/2039 4138/2652/2041 4139/2653/2042
f 1263/2648/2037 4193/2602/2006 4194/2615/2013 1268/2650/2039
f 1268/2650/2039 4194/2615/2013 5587/2617/1976 4138/2652/2041
f 1261/2638/2030 1264/2651/2040 1269/2654/2043 1265/2639/2031
f 1265/2639/2031 1269/2654/2043 4153/2655/2026 4154/2644/2021
f 1264/2651/2040 4139/2653/2042 4140/2656/2044 1269/2654/2043
f 1269/2654/2043 4140/2656/2044 5573/2657/2027 4153/2655/2026
f 1270/2658/2045 1274/2659/2046 1275/2660/2047 1271/2661/2048
f 1271/2661/2048 1275/2660/2047 4134/2662/2029 4133/2663/2025
f 1274/2659/2046 4190/2664/1908 4189/2665/1907 1275/2660/2047
f 1275/2660/2047 4189/2665/1907 5574/2666/1910 4134/2662/2029
f 1270/2658/2045 1271/2661/2048 1276/2667/2049 1272/2668/2050
f 1272/2668/2050 1276/2667/2049 4140/2669/2044 4139/2670/2042
f 1271/2661/2048 4133/2663/2025 4132/2671/2024 1276/2667/2049
f 1276/2667/2049 4132/2671/2024 5573/2672/2027 4140/2669/2044
f 1270/2658/2045 1272/2668/2050 1277/2673/2051 1273/2674/2052
f 1273/2674/2052 1277/2673/2051 4195/2566/1975 4196/2558/1968
f 1272/2668/2050 4139/2670/2042 4138/2675/2041 1277/2673/2051
f 1277/2673/2051 4138/2675/2041 5587/2567/1976 4195/2566/1975
f 1270/2658/2045 1273/2674/2052 1278/2676/2053 1274/2659/2046
f 1274/2659/2046 1278/2676/2053 4191/2677/1913 4190/2664/1908
f 1273/2674/2052 4196/2558/1968 4197/2557/1967 1278/2676/2053
f 1278/2676/2053 4197/2557/1967 5588/2561/1914 4191/2677/1913
f 1279/2678/2054 1283/2679/2055 1284/2680/2056 1280/2681/2057
f 1280/2681/2057 1284/2680/2056 4092/2682/2058 4091/2683/2059
f 1283/2679/2055 4121/2684/1831 4120/2685/1830 1284/2680/2056
f 1284/2680/2056 4120/2685/1830 5565/2686/1833 4092/2682/2058
f 1279/2678/2054 1280/2681/2057 1285/2687/2060 1281/2688/2061
f 1281/2688/2061 1285/2687/2060 4198/2538/1952 4199/2537/1951
f 1280/2681/2057 4091/2683/2059 4090/2689/2062 1285/2687/2060
f 1285/2687/2060 4090/2689/2062 5583/2432/1863 4198/2538/1952
f 1279/2678/2054 1281/2688/2061 1286/2690/2063 1282/2691/2064
f 1282/2691/2064 1286/2690/2063 4114/2649/2038 4115/2643/2035
f 1281/2688/2061 4199/2537/1951 4200/2550/1960 1286/2690/2063
f 1286/2690/2063 4200/2550/1960 5585/2552/1962 4114/2649/2038
f 1279/2678/2054 1282/2691/2064 1287/2692/2065 1283/2679/2055
f 1283/2679/2055 1287/2692/2065 4122/2693/1838 4121/2684/1831
f 1282/2691/2064 4115/2643/2035 4116/2642/2034 1287/2692/2065
f 1287/2692/2065 4116/2642/2034 5569/2646/1839 4122/2693/1838
f 1288/2694/2066 1292/2695/2067 1293/2696/2068 1289/2697/2069
f 1289/2697/2069 1293/2696/2068 4095/2698/2070 4094/2699/2071
f 1292/2695/2067 4127/2700/1936 4128/2701/1935 1293/2696/2068
f 1293/2696/2068 4128/2701/1935 5568/2702/1876 4095/2698/2070
f 1288/2694/2066 1289/2697/2069 1294/2703/2072 1290/2704/2073
f 1290/2704/2073 1294/2703/2072 4201/2503/1920 4202/2502/1919
f 1289/2697/2069 4094/2699/2071 4093/2705/2074 1294/2703/2072
f 1294/2703/2072 4093/2705/2074 5584/2387/1819 4201/2503/1920
f 1288/2694/2066 1290/2704/2073 1295/2706/2075 1291/2707/2076
f 1291/2707/2076 1295/2706/2075 4117/2708/2077 4118/2709/2078
f 1290/2704/2073 4202/2502/1919 4203/2512/1926 1295/2706/2075
f 1295/2706/2075 4203/2512/1926 5586/2481/1899 4117/2708/2077
f 1288/2694/2066 1291/2707/2076 1296/2710/2079 1292/2695/2067
f 1292/2695/2067 1296/2710/2079 4126/2711/1941 4127/2700/1936
f 1291/2707/2076 4118/2709/2078 4119/2712/2080 1296/2710/2079
f 1296/2710/2079 4119/2712/2080 5572/2713/1942 4126/2711/1941
f 1297/2714/2081 1301/2715/2082 1302/2716/2083 1298/2717/2084
f 1298/2717/2084 1302/2716/2083 4119/2712/2080 4118/2709/2078
f 1301/2715/2082 4148/2718/1996 4149/2719/1995 1302/2716/2083
f 1302/2716/2083 4149/2719/1995 5572/2713/1942 4119/2712/2080
f 1297/2714/2081 1298/2717/2084 1303/2720/2085 1299/2721/2086
f 1299/2721/2086 1303/2720/2085 4204/2480/1898 4205/2479/1897
f 1298/2717/2084 4118/2709/2078 4117/2708/2077 1303/2720/2085
f 1303/2720/2085 4117/2708/2077 5586/2481/1899 4204/2480/1898
f 1297/2714/2081 1299/2721/2086 1304/2722/2087 1300/2723/2088
f 1300/2723/2088 1304/2722/2087 4141/2724/1970 4142/2725/1969
f 1299/2721/2086 4205/2479/1897 4206/2495/1912 1304/2722/2087
f 1304/2722/2087 4206/2495/1912 5588/2497/1914 4141/2724/1970
f 1297/2714/2081 1300/2723/2088 1305/2726/2089 1301/2715/2082
f 1301/2715/2082 1305/2726/2089 4147/2727/1999 4148/2718/1996
f 1300/2723/2088 4142/2725/1969 4143/2728/1984 1305/2726/2089
f 1305/2726/2089 4143/2728/1984 5576/2729/1986 4147/2727/1999
f 1306/2730/2090 1310/2731/2091 1311/2732/2092 1307/2733/2093
f 1307/2733/2093 1311/2732/2092 4071/2734/2094 4070/2735/2095
f 1310/2731/2091 4106/2736/1886 4107/2737/1885 1311/2732/2092
f 1311/2732/2092 4107/2737/1885 5472/2738/482 4071/2734/2094
f 1306/2730/2090 1307/2733/2093 1312/2739/2096 1308/2740/2097
f 1308/2740/2097 1312/2739/2096 4207/2418/1849 4208/2417/1848
f 1307/2733/2093 4070/2735/2095 4069/2741/2098 1312/2739/2096
f 1312/2739/2096 4069/2741/2098 5578/1236/944 4207/2418/1849
f 1306/2730/2090 1308/2740/2097 1313/2742/2099 1309/2743/2100
f 1309/2743/2100 1313/2742/2099 4090/2689/2062 4091/2683/2059
f 1308/2740/2097 4208/2417/1848 4209/2430/1861 1313/2742/2099
f 1313/2742/2099 4209/2430/1861 5583/2432/1863 4090/2689/2062
f 1306/2730/2090 1309/2743/2100 1314/2744/2101 1310/2731/2091
f 1310/2731/2091 1314/2744/2101 4105/2745/1889 4106/2736/1886
f 1309/2743/2100 4091/2683/2059 4092/2682/2058 1314/2744/2101
f 1314/2744/2101 4092/2682/2058 5565/2686/1833 4105/2745/1889
f 1315/2746/2102 1319/2747/2103 1320/2748/2104 1316/2749/2105
f 1316/2749/2105 1320/2748/2104 4080/2318/1770 4079/2311/1765
f 1319/2747/2103 4100/2750/1870 4101/2751/1869 1320/2748/2104
f 1320/2748/2104 4101/2751/1869 5560/2319/1727 4080/2318/1770
f 1315/2746/2102 1316/2749/2105 1321/2752/2106 1317/2753/2107
f 1317/2753/2107 1321/2752/2106 4210/2371/1804 4211/2370/1803
f 1316/2749/2105 4079/2311/1765 4078/2310/1764 1321/2752/2106
f 1321/2752/2106 4078/2310/1764 5581/2313/1767 4210/2371/1804
f 1315/2746/2102 1317/2753/2107 1322/2754/2108 1318/2755/2109
f 1318/2755/2109 1322/2754/2108 4093/2705/2074 4094/2699/2071
f 1317/2753/2107 4211/2370/1803 4212/2385/1817 1322/2754/2108
f 1322/2754/2108 4212/2385/1817 5584/2387/1819 4093/2705/2074
f 1315/2746/2102 1318/2755/2109 1323/2756/2110 1319/2747/2103
f 1319/2747/2103 1323/2756/2110 4099/2757/1875 4100/2750/1870
f 1318/2755/2109 4094/2699/2071 4095/2698/2070 1323/2756/2110
f 1323/2756/2110 4095/2698/2070 5568/2702/1876 4099/2757/1875
f 1324/2758/2111 1328/2759/2112 1329/2760/2113 1325/2761/2114
f 1325/2761/2114 1329/2760/2113 3376/2762/991 3377/2763/988
f 1328/2759/2112 4163/2764/2115 4162/2765/2116 1329/2760/2113
f 1329/2760/2113 4162/2765/2116 5493/2766/184 3376/2762/991
f 1324/2758/2111 1325/2761/2114 1330/2767/2117 1326/2768/2118
f 1326/2768/2118 1330/2767/2117 4083/2769/2119 4082/2770/2120
f 1325/2761/2114 3377/2763/988 3378/2771/987 1330/2767/2117
f 1330/2767/2117 3378/2771/987 5467/2772/365 4083/2769/2119
f 1324/2758/2111 1326/2768/2118 1331/2773/2121 1327/2774/2122
f 1327/2774/2122 1331/2773/2121 4213/2355/1793 4214/2349/1790
f 1326/2768/2118 4082/2770/2120 4081/2775/2123 1331/2773/2121
f 1331/2773/2121 4081/2775/2123 5582/2307/1761 4213/2355/1793
f 1324/2758/2111 1327/2774/2122 1332/2776/2124 1328/2759/2112
f 1328/2759/2112 1332/2776/2124 4164/2777/2125 4163/2764/2115
f 1327/2774/2122 4214/2349/1790 4215/2348/1789 1332/2776/2124
f 1332/2776/2124 4215/2348/1789 5579/2352/454 4164/2777/2125
f 1333/2778/2126 1337/2779/2127 1338/2780/2128 1334/2781/2129
f 1334/2781/2129 1338/2780/2128 3429/2782/502 3428/2783/495
f 1337/2779/2127 4157/2784/2130 4156/2785/2131 1338/2780/2128
f 1338/2780/2128 4156/2785/2131 5474/2786/503 3429/2782/502
f 1333/2778/2126 1334/2781/2129 1339/2787/2132 1335/2788/2133
f 1335/2788/2133 1339/2787/2132 4077/2789/2134 4076/2790/2135
f 1334/2781/2129 3428/2783/495 3427/2791/494 1339/2787/2132
f 1339/2787/2132 3427/2791/494 5498/2792/431 4077/2789/2134
f 1333/2778/2126 1335/2788/2133 1340/2793/2136 1336/2794/2137
f 1336/2794/2137 1340/2793/2136 4216/2334/1781 4217/2329/1778
f 1335/2788/2133 4076/2790/2135 4075/2795/2138 1340/2793/2136
f 1340/2793/2136 4075/2795/2138 5580/2335/448 4216/2334/1781
f 1333/2778/2126 1336/2794/2137 1341/2796/2139 1337/2779/2127
f 1337/2779/2127 1341/2796/2139 4158/2797/2140 4157/2784/2130
f 1336/2794/2137 4217/2329/1778 4218/2328/1777 1341/2796/2139
f 1341/2796/2139 4218/2328/1777 5577/1242/950 4158/2797/2140
f 1342/2798/2141 1346/2799/2142 1347/2800/2143 1343/2801/2144
f 1343/2801/2144 1347/2800/2143 3262/2802/364 3263/2803/359
f 1346/2799/2142 4082/2770/2120 4083/2769/2119 1347/2800/2143
f 1347/2800/2143 4083/2769/2119 5467/2772/365 3262/2802/364
f 1342/2798/2141 1343/2801/2144 1348/2804/2145 1344/2805/2146
f 1344/2805/2146 1348/2804/2145 4168/2376/1809 4169/2369/1802
f 1343/2801/2144 3263/2803/359 3264/2806/358 1348/2804/2145
f 1348/2804/2145 3264/2806/358 5457/2377/140 4168/2376/1809
f 1342/2798/2141 1344/2805/2146 1349/2807/2147 1345/2808/2148
f 1345/2808/2148 1349/2807/2147 4219/2312/1766 4220/2304/1758
f 1344/2805/2146 4169/2369/1802 4170/2368/1801 1349/2807/2147
f 1349/2807/2147 4170/2368/1801 5581/2313/1767 4219/2312/1766
f 1342/2798/2141 1345/2808/2148 1350/2809/2149 1346/2799/2142
f 1346/2799/2142 1350/2809/2149 4081/2775/2123 4082/2770/2120
f 1345/2808/2148 4220/2304/1758 4221/2303/1757 1350/2809/2149
f 1350/2809/2149 4221/2303/1757 5582/2307/1761 4081/2775/2123
f 1351/2810/2150 1355/2811/2151 1356/2812/2152 1352/2813/2153
f 1352/2813/2153 1356/2812/2152 3420/2814/546 3419/2815/541
f 1355/2811/2151 4070/2735/2095 4071/2734/2094 1356/2812/2152
f 1356/2812/2152 4071/2734/2094 5472/2738/482 3420/2814/546
f 1351/2810/2150 1352/2813/2153 1357/2816/2154 1353/2817/2155
f 1353/2817/2155 1357/2816/2154 4156/2785/2131 4157/2784/2130
f 1352/2813/2153 3419/2815/541 3418/2818/540 1357/2816/2154
f 1357/2816/2154 3418/2818/540 5474/2786/503 4156/2785/2131
f 1351/2810/2150 1353/2817/2155 1358/2819/2156 1354/2820/2157
f 1354/2820/2157 1358/2819/2156 4222/1241/949 4223/1233/941
f 1353/2817/2155 4157/2784/2130 4158/2797/2140 1358/2819/2156
f 1358/2819/2156 4158/2797/2140 5577/1242/950 4222/1241/949
f 1351/2810/2150 1354/2820/2157 1359/2821/2158 1355/2811/2151
f 1355/2811/2151 1359/2821/2158 4069/2741/2098 4070/2735/2095
f 1354/2820/2157 4223/1233/941 4224/1232/940 1359/2821/2158
f 1359/2821/2158 4224/1232/940 5578/1236/944 4069/2741/2098
f 1360/2822/2159 1364/2823/2160 1365/2824/2161 1361/2825/2162
f 1361/2825/2162 1365/2824/2161 4162/2765/2116 4163/2764/2115
f 1364/2823/2160 4244/2826/2163 4245/2827/2164 1365/2824/2161
f 1365/2824/2161 4245/2827/2164 5493/2766/184 4162/2765/2116
f 1360/2822/2159 1361/2825/2162 1366/2828/2165 1362/2829/2166
f 1362/2829/2166 1366/2828/2165 4240/2830/2167 4241/2831/2168
f 1361/2825/2162 4163/2764/2115 4164/2777/2125 1366/2828/2165
f 1366/2828/2165 4164/2777/2125 5579/2352/454 4240/2830/2167
f 1360/2822/2159 1362/2829/2166 1367/2832/2169 1363/2833/2170
f 1363/2833/2170 1367/2832/2169 4236/2834/2171 4235/2835/2172
f 1362/2829/2166 4241/2831/2168 4242/2836/2173 1367/2832/2169
f 1367/2832/2169 4242/2836/2173 5592/2837/2174 4236/2834/2171
f 1360/2822/2159 1363/2833/2170 1368/2838/2175 1364/2823/2160
f 1364/2823/2160 1368/2838/2175 4243/2839/2176 4244/2826/2163
f 1363/2833/2170 4235/2835/2172 4234/2840/2177 1368/2838/2175
f 1368/2838/2175 4234/2840/2177 5590/2841/2178 4243/2839/2176
f 1369/2842/2179 1373/2843/2180 1374/2844/2181 1370/2845/2182
f 1370/2845/2182 1374/2844/2181 4228/2846/2183 4229/2847/2184
f 1373/2843/2180 4232/2848/2185 4233/2849/2186 1374/2844/2181
f 1374/2844/2181 4233/2849/2186 5589/2850/2187 4228/2846/2183
f 1369/2842/2179 1370/2845/2182 1375/2851/2188 1371/2852/2189
f 1371/2852/2189 1375/2851/2188 4234/2853/2177 4235/2854/2172
f 1370/2845/2182 4229/2847/2184 4230/2855/2190 1375/2851/2188
f 1375/2851/2188 4230/2855/2190 5590/2856/2178 4234/2853/2177
f 1369/2842/2179 1371/2852/2189 1376/2857/2191 1372/2858/2192
f 1372/2858/2192 1376/2857/2191 4237/2859/2193 4238/2860/2194
f 1371/2852/2189 4235/2854/2172 4236/2861/2171 1376/2857/2191
f 1376/2857/2191 4236/2861/2171 5592/2862/2174 4237/2859/2193
f 1369/2842/2179 1372/2858/2192 1377/2863/2195 1373/2843/2180
f 1373/2843/2180 1377/2863/2195 4231/2864/2196 4232/2848/2185
f 1372/2858/2192 4238/2860/2194 4239/2865/2197 1377/2863/2195
f 1377/2863/2195 4239/2865/2197 5591/2866/2198 4231/2864/2196
f 1378/2867/2199 1382/2868/2200 1383/2869/2201 1379/2870/2202
f 1379/2870/2202 1383/2869/2201 4225/2871/453 4226/2872/445
f 1382/2868/2200 4241/2873/2168 4240/2874/2167 1383/2869/2201
f 1383/2869/2201 4240/2874/2167 5579/2875/454 4225/2871/453
f 1378/2867/2199 1379/2870/2202 1384/2876/2203 1380/2877/2204
f 1380/2877/2204 1384/2876/2203 4246/2878/2205 4247/2879/2206
f 1379/2870/2202 4226/2872/445 4227/2880/444 1384/2876/2203
f 1384/2876/2203 4227/2880/444 5580/2881/448 4246/2878/2205
f 1378/2867/2199 1380/2877/2204 1385/2882/2207 1381/2883/2208
f 1381/2883/2208 1385/2882/2207 4239/2884/2197 4238/2885/2194
f 1380/2877/2204 4247/2879/2206 4248/2886/2209 1385/2882/2207
f 1385/2882/2207 4248/2886/2209 5591/2887/2198 4239/2884/2197
f 1378/2867/2199 1381/2883/2208 1386/2888/2210 1382/2868/2200
f 1382/2868/2200 1386/2888/2210 4242/2889/2173 4241/2873/2168
f 1381/2883/2208 4238/2885/2194 4237/2890/2193 1386/2888/2210
f 1386/2888/2210 4237/2890/2193 5592/2891/2174 4242/2889/2173
f 1387/2892/2211 1391/2893/2212 1392/2894/2213 1388/2895/2214
f 1388/2895/2214 1392/2894/2213 3658/2896/430 3659/2897/425
f 1391/2893/2212 4250/2898/2215 4251/2899/2216 1392/2894/2213
f 1392/2894/2213 4251/2899/2216 5498/2900/431 3658/2896/430
f 1387/2892/2211 1388/2895/2214 1393/2901/2217 1389/2902/2218
f 1389/2902/2218 1393/2901/2217 4245/2903/2164 4244/2904/2163
f 1388/2895/2214 3659/2897/425 3660/2905/424 1393/2901/2217
f 1393/2901/2217 3660/2905/424 5493/2906/184 4245/2903/2164
f 1387/2892/2211 1389/2902/2218 1394/2907/2219 1390/2908/2220
f 1390/2908/2220 1394/2907/2219 4230/2909/2190 4229/2910/2184
f 1389/2902/2218 4244/2904/2163 4243/2911/2176 1394/2907/2219
f 1394/2907/2219 4243/2911/2176 5590/2912/2178 4230/2909/2190
f 1387/2892/2211 1390/2908/2220 1395/2913/2221 1391/2893/2212
f 1391/2893/2212 1395/2913/2221 4249/2914/2222 4250/2898/2215
f 1390/2908/2220 4229/2910/2184 4228/2915/2183 1395/2913/2221
f 1395/2913/2221 4228/2915/2183 5589/2916/2187 4249/2914/2222
f 1396/2917/2223 1400/2918/2224 1401/2919/2225 1397/2920/2226
f 1397/2920/2226 1401/2919/2225 4075/2795/2138 4076/2790/2135
f 1400/2918/2224 4247/2921/2206 4246/2922/2205 1401/2919/2225
f 1401/2919/2225 4246/2922/2205 5580/2335/448 4075/2795/2138
f 1396/2917/2223 1397/2920/2226 1402/2923/2227 1398/2924/2228
f 1398/2924/2228 1402/2923/2227 4251/2925/2216 4250/2926/2215
f 1397/2920/2226 4076/2790/2135 4077/2789/2134 1402/2923/2227
f 1402/2923/2227 4077/2789/2134 5498/2792/431 4251/2925/2216
f 1396/2917/2223 1398/2924/2228 1403/2927/2229 1399/2928/2230
f 1399/2928/2230 1403/2927/2229 4233/2929/2186 4232/2930/2185
f 1398/2924/2228 4250/2926/2215 4249/2931/2222 1403/2927/2229
f 1403/2927/2229 4249/2931/2222 5589/2932/2187 4233/2929/2186
f 1396/2917/2223 1399/2928/2230 1404/2933/2231 1400/2918/2224
f 1400/2918/2224 1404/2933/2231 4248/2934/2209 4247/2921/2206
f 1399/2928/2230 4232/2930/2185 4231/2935/2196 1404/2933/2231
f 1404/2933/2231 4231/2935/2196 5591/2936/2198 4248/2934/2209
f 1405/2937/1 1409/2938/1 1410/2939/2 1406/2940/2
f 1406/2940/2 1410/2939/2 4581/2941/3 4580/2942/3
f 1409/2938/1 4757/2943/1 4758/2944/2 1410/2939/2
f 1410/2939/2 4758/2944/2 5671/2945/3 4581/2941/3
f 1405/2937/1 1406/2940/2 1411/2946/2 1407/2947/1
f 1407/2947/1 1411/2946/2 3387/24/2 3386/19/1
f 1406/2940/2 4580/2942/3 4579/2948/3 1411/2946/2
f 1411/2946/2 4579/2948/3 5598/25/3 3387/24/2
f 1405/2937/1 1407/2947/1 1412/2949/4 1408/2950/4
f 1408/2950/4 1412/2949/4 4618/2951/5 4619/2952/5
f 1407/2947/1 3386/19/1 3385/18/4 1412/2949/4
f 1412/2949/4 3385/18/4 5626/21/5 4618/2951/5
f 1405/2937/1 1408/2950/4 1413/2953/4 1409/2938/1
f 1409/2938/1 1413/2953/4 4756/2954/4 4757/2943/1
f 1408/2950/4 4619/2952/5 4620/2955/5 1413/2953/4
f 1413/2953/4 4620/2955/5 5684/2956/5 4756/2954/4
f 1414/2957/2232 1418/2958/2233 1419/2959/2234 1415/2960/2235
f 1415/2960/2235 1419/2959/2234 4576/2961/2236 4577/2962/2237
f 1418/2958/2233 4835/2963/2238 4836/2964/2239 1419/2959/2234
f 1419/2959/2234 4836/2964/2239 5713/2965/2240 4576/2961/2236
f 1414/2957/2232 1415/2960/2235 1420/2966/2241 1416/2967/2242
f 1416/2967/2242 1420/2966/2241 4521/2968/2243 4520/2969/2244
f 1415/2960/2235 4577/2962/2237 4578/2970/2245 1420/2966/2241
f 1420/2966/2241 4578/2970/2245 5660/2971/2246 4521/2968/2243
f 1414/2957/2232 1416/2967/2242 1421/2972/2247 1417/2973/2248
f 1417/2973/2248 1421/2972/2247 4263/2974/2249 4262/2975/2250
f 1416/2967/2242 4520/2969/2244 4519/2976/2251 1421/2972/2247
f 1421/2972/2247 4519/2976/2251 5594/2977/2252 4263/2974/2249
f 1414/2957/2232 1417/2973/2248 1422/2978/2253 1418/2958/2233
f 1418/2958/2233 1422/2978/2253 4834/2979/2254 4835/2963/2238
f 1417/2973/2248 4262/2975/2250 4261/2980/2255 1422/2978/2253
f 1422/2978/2253 4261/2980/2255 5707/2981/2256 4834/2979/2254
f 1423/2982/2257 1427/2983/2258 1428/2984/2259 1424/2985/2260
f 1424/2985/2260 1428/2984/2259 4753/2986/2261 4754/2987/2262
f 1427/2983/2258 4784/2988/2263 4785/2989/2264 1428/2984/2259
f 1428/2984/2259 4785/2989/2264 5706/2990/2265 4753/2986/2261
f 1423/2982/2257 1424/2985/2260 1429/2991/2266 1425/2992/2267
f 1425/2992/2267 1429/2991/2266 4605/2993/2268 4604/2994/2269
f 1424/2985/2260 4754/2987/2262 4755/2995/2270 1429/2991/2266
f 1429/2991/2266 4755/2995/2270 5679/2996/2271 4605/2993/2268
f 1423/2982/2257 1425/2992/2267 1430/2997/2272 1426/2998/2273
f 1426/2998/2273 1430/2997/2272 3288/2999/50 3287/3000/43
f 1425/2992/2267 4604/2994/2269 4603/3001/2274 1430/2997/2272
f 1430/2997/2272 4603/3001/2274 5610/3002/51 3288/2999/50
f 1423/2982/2257 1426/2998/2273 1431/3003/2275 1427/2983/2258
f 1427/2983/2258 1431/3003/2275 4783/3004/2276 4784/2988/2263
f 1426/2998/2273 3287/3000/43 3286/3005/42 1431/3003/2275
f 1431/3003/2275 3286/3005/42 5701/3006/45 4783/3004/2276
f 1432/3007/2277 1436/3008/2278 1437/3009/2279 1433/3010/2280
f 1433/3010/2280 1437/3009/2279 4750/3011/2281 4751/3012/2282
f 1436/3008/2278 4832/3013/2283 4833/3014/2284 1437/3009/2279
f 1437/3009/2279 4833/3014/2284 5715/3015/2285 4750/3011/2281
f 1432/3007/2277 1433/3010/2280 1438/3016/2286 1434/3017/2287
f 1434/3017/2287 1438/3016/2286 4273/3018/2288 4274/3019/2289
f 1433/3010/2280 4751/3012/2282 4752/3020/2290 1438/3016/2286
f 1438/3016/2286 4752/3020/2290 5674/3021/2291 4273/3018/2288
f 1432/3007/2277 1434/3017/2287 1439/3022/2292 1435/3023/2293
f 1435/3023/2293 1439/3022/2292 3285/95/75 3284/88/68
f 1434/3017/2287 4274/3019/2289 4275/3024/2294 1439/3022/2292
f 1439/3022/2292 4275/3024/2294 5600/96/76 3285/95/75
f 1432/3007/2277 1435/3023/2293 1440/3025/2295 1436/3008/2278
f 1436/3008/2278 1440/3025/2295 4831/3026/2296 4832/3013/2283
f 1435/3023/2293 3284/88/68 3283/87/67 1440/3025/2295
f 1440/3025/2295 3283/87/67 5708/90/70 4831/3026/2296
f 1441/3027/2297 1445/3028/2298 1446/3029/2299 1442/3030/2300
f 1442/3030/2300 1446/3029/2299 4573/3031/2301 4574/3032/2302
f 1445/3028/2298 4748/3033/2303 4749/3034/2304 1446/3029/2299
f 1446/3029/2299 4749/3034/2304 5700/3035/2305 4573/3031/2301
f 1441/3027/2297 1442/3030/2300 1447/3036/2306 1443/3037/2307
f 1443/3037/2307 1447/3036/2306 3615/3038/99 3614/3039/96
f 1442/3030/2300 4574/3032/2302 4575/3040/2308 1447/3036/2306
f 1447/3036/2306 4575/3040/2308 5661/3041/100 3615/3038/99
f 1441/3027/2297 1443/3037/2307 1448/3042/2309 1444/3043/2310
f 1444/3043/2310 1448/3042/2309 4275/3044/2294 4274/3045/2289
f 1443/3037/2307 3614/3039/96 3613/3046/95 1448/3042/2309
f 1448/3042/2309 3613/3046/95 5600/3047/76 4275/3044/2294
f 1441/3027/2297 1444/3043/2310 1449/3048/2311 1445/3028/2298
f 1445/3028/2298 1449/3048/2311 4747/3049/2312 4748/3033/2303
f 1444/3043/2310 4274/3045/2289 4273/3050/2288 1449/3048/2311
f 1449/3048/2311 4273/3050/2288 5674/3051/2291 4747/3049/2312
f 1450/3052/101 1454/3053/102 1455/3054/102 1451/3055/101
f 1451/3055/101 1455/3054/102 4744/3056/102 4745/3057/101
f 1454/3053/102 4580/2942/3 4581/2941/3 1455/3054/102
f 1455/3054/102 4581/2941/3 5671/2945/3 4744/3056/102
f 1450/3052/101 1451/3055/101 1456/3058/103 1452/3059/103
f 1452/3059/103 1456/3058/103 4593/3060/104 4592/3061/104
f 1451/3055/101 4745/3057/101 4746/3062/103 1456/3058/103
f 1456/3058/103 4746/3062/103 5675/3063/104 4593/3060/104
f 1450/3052/101 1452/3059/103 1457/3064/103 1453/3065/101
f 1453/3065/101 1457/3064/103 3306/140/103 3305/135/101
f 1452/3059/103 4592/3061/104 4591/3066/104 1457/3064/103
f 1457/3064/103 4591/3066/104 5605/141/104 3306/140/103
f 1450/3052/101 1453/3065/101 1458/3067/102 1454/3053/102
f 1454/3053/102 1458/3067/102 4579/2948/3 4580/2942/3
f 1453/3065/101 3305/135/101 3304/134/102 1458/3067/102
f 1458/3067/102 3304/134/102 5598/25/3 4579/2948/3
f 1459/3068/105 1463/3069/108 1464/3070/2313 1460/3071/2314
f 1460/3071/2314 1464/3070/2313 4741/3072/2315 4742/3073/2316
f 1463/3069/108 4613/3074/2317 4614/3075/2317 1464/3070/2313
f 1464/3070/2313 4614/3075/2317 5682/3076/2317 4741/3072/2315
f 1459/3068/105 1460/3071/2314 1465/3077/2318 1461/3078/2319
f 1461/3078/2319 1465/3077/2318 4596/3079/2320 4595/3080/2321
f 1460/3071/2314 4742/3073/2316 4743/3081/2322 1465/3077/2318
f 1465/3077/2318 4743/3081/2322 5676/3082/2323 4596/3079/2320
f 1459/3068/105 1461/3078/2319 1466/3083/2324 1462/3084/2325
f 1462/3084/2325 1466/3083/2324 3309/165/120 3308/158/114
f 1461/3078/2319 4595/3080/2321 4594/3085/2326 1466/3083/2324
f 1466/3083/2324 4594/3085/2326 5606/166/121 3309/165/120
f 1459/3068/105 1462/3084/2325 1467/3086/2327 1463/3069/108
f 1463/3069/108 1467/3086/2327 4612/3087/2317 4613/3074/2317
f 1462/3084/2325 3308/158/114 3307/157/108 1467/3086/2327
f 1467/3086/2327 3307/157/108 5615/160/115 4612/3087/2317
f 1468/3088/2328 1472/3089/2329 1473/3090/2330 1469/3091/2331
f 1469/3091/2331 1473/3090/2330 4738/3092/133 4739/3093/132
f 1472/3089/2329 4586/3094/2332 4587/3095/2333 1473/3090/2330
f 1473/3090/2330 4587/3095/2333 5673/3096/134 4738/3092/133
f 1468/3088/2328 1469/3091/2331 1474/3097/2334 1470/3098/2335
f 1470/3098/2335 1474/3097/2334 4599/3099/2336 4598/3100/2337
f 1469/3091/2331 4739/3093/132 4740/3101/2338 1474/3097/2334
f 1474/3097/2334 4740/3101/2338 5677/3102/2339 4599/3099/2336
f 1468/3088/2328 1470/3098/2335 1475/3103/2340 1471/3104/2341
f 1471/3104/2341 1475/3103/2340 4258/3105/2342 4259/3106/2343
f 1470/3098/2335 4598/3100/2337 4597/3107/2344 1475/3103/2340
f 1475/3103/2340 4597/3107/2344 5602/3108/2345 4258/3105/2342
f 1468/3088/2328 1471/3104/2341 1476/3109/2346 1472/3089/2329
f 1472/3089/2329 1476/3109/2346 4585/3110/2347 4586/3094/2332
f 1471/3104/2341 4259/3106/2343 4260/3111/2348 1476/3109/2346
f 1476/3109/2346 4260/3111/2348 5595/3112/2349 4585/3110/2347
f 1477/3113/2350 1481/3114/2351 1482/3115/2352 1478/3116/2353
f 1478/3116/2353 1482/3115/2352 4735/3117/2354 4736/3118/2355
f 1481/3114/2351 4610/3119/2356 4611/3120/2357 1482/3115/2352
f 1482/3115/2352 4611/3120/2357 5681/3121/2358 4735/3117/2354
f 1477/3113/2350 1478/3116/2353 1483/3122/2359 1479/3123/2360
f 1479/3123/2360 1483/3122/2359 4602/3124/2361 4601/3125/2362
f 1478/3116/2353 4736/3118/2355 4737/3126/2363 1483/3122/2359
f 1483/3122/2359 4737/3126/2363 5678/3127/2364 4602/3124/2361
f 1477/3113/2350 1479/3123/2360 1484/3128/2365 1480/3129/2366
f 1480/3129/2366 1484/3128/2365 4321/3130/2367 4322/3131/2368
f 1479/3123/2360 4601/3125/2362 4600/3132/2369 1484/3128/2365
f 1484/3128/2365 4600/3132/2369 5601/3133/2370 4321/3130/2367
f 1477/3113/2350 1480/3129/2366 1485/3134/2371 1481/3114/2351
f 1481/3114/2351 1485/3134/2371 4609/3135/2372 4610/3119/2356
f 1480/3129/2366 4322/3131/2368 4323/3136/2373 1485/3134/2371
f 1485/3134/2371 4323/3136/2373 5613/3137/2374 4609/3135/2372
f 1486/3138/2375 1490/3139/2376 1491/3140/2377 1487/3141/2378
f 1487/3141/2378 1491/3140/2377 4570/3142/2379 4571/3143/2380
f 1490/3139/2376 4517/3144/2381 4518/3145/2382 1491/3140/2377
f 1491/3140/2377 4518/3145/2382 5659/3146/2383 4570/3142/2379
f 1486/3138/2375 1487/3141/2378 1492/3147/2384 1488/3148/2385
f 1488/3148/2385 1492/3147/2384 4524/3149/2386 4523/3150/2387
f 1487/3141/2378 4571/3143/2380 4572/3151/2388 1492/3147/2384
f 1492/3147/2384 4572/3151/2388 5662/3152/2240 4524/3149/2386
f 1486/3138/2375 1488/3148/2385 1493/3153/2389 1489/3154/2390
f 1489/3154/2390 1493/3153/2389 4284/3155/2391 4283/3156/2392
f 1488/3148/2385 4523/3150/2387 4522/3157/2393 1493/3153/2389
f 1493/3153/2389 4522/3157/2393 5603/3158/2394 4284/3155/2391
f 1486/3138/2375 1489/3154/2390 1494/3159/2395 1490/3139/2376
f 1490/3139/2376 1494/3159/2395 4516/3160/2396 4517/3144/2381
f 1489/3154/2390 4283/3156/2392 4282/3161/2397 1494/3159/2395
f 1494/3159/2395 4282/3161/2397 5596/3162/2398 4516/3160/2396
f 1495/3163/2399 1499/3164/2400 1500/3165/2401 1496/3166/2402
f 1496/3166/2402 1500/3165/2401 4567/3167/2240 4568/3168/2240
f 1499/3164/2400 4529/3169/2403 4530/3170/2404 1500/3165/2401
f 1500/3165/2401 4530/3170/2404 5664/3171/2240 4567/3167/2240
f 1495/3163/2399 1496/3166/2402 1501/3172/2405 1497/3173/2406
f 1497/3173/2406 1501/3172/2405 4527/3174/2407 4526/3175/2408
f 1496/3166/2402 4568/3168/2240 4569/3176/2240 1501/3172/2405
f 1501/3172/2405 4569/3176/2240 5663/3177/2240 4527/3174/2407
f 1495/3163/2399 1497/3173/2406 1502/3178/2409 1498/3179/2410
f 1498/3179/2410 1502/3178/2409 4287/3180/2411 4286/3181/2412
f 1497/3173/2406 4526/3175/2408 4525/3182/2413 1502/3178/2409
f 1502/3178/2409 4525/3182/2413 5604/3183/2414 4287/3180/2411
f 1495/3163/2399 1498/3179/2410 1503/3184/2415 1499/3164/2400
f 1499/3164/2400 1503/3184/2415 4528/3185/2416 4529/3169/2403
f 1498/3179/2410 4286/3181/2412 4285/3186/2417 1503/3184/2415
f 1503/3184/2415 4285/3186/2417 5614/3187/2418 4528/3185/2416
f 1504/3188/2419 1508/3189/2420 1509/3190/2421 1505/3191/2422
f 1505/3191/2422 1509/3190/2421 4732/3192/2423 4733/3193/2424
f 1508/3189/2420 4829/3194/2425 4830/3195/2426 1509/3190/2421
f 1509/3190/2421 4830/3195/2426 5714/3196/2427 4732/3192/2423
f 1504/3188/2419 1505/3191/2422 1510/3197/2428 1506/3198/2429
f 1506/3198/2429 1510/3197/2428 4306/3199/2430 4307/3200/2431
f 1505/3191/2422 4733/3193/2424 4734/3201/2432 1510/3197/2428
f 1510/3197/2428 4734/3201/2432 5679/3202/2271 4306/3199/2430
f 1504/3188/2419 1506/3198/2429 1511/3203/2433 1507/3204/2434
f 1507/3204/2434 1511/3203/2433 4792/3205/2435 4793/3206/2436
f 1506/3198/2429 4307/3200/2431 4308/3207/2437 1511/3203/2433
f 1511/3203/2433 4308/3207/2437 5609/3208/2438 4792/3205/2435
f 1504/3188/2419 1507/3204/2434 1512/3209/2439 1508/3189/2420
f 1508/3189/2420 1512/3209/2439 4828/3210/2440 4829/3194/2425
f 1507/3204/2434 4793/3206/2436 4794/3211/2441 1512/3209/2439
f 1512/3209/2439 4794/3211/2441 5711/3212/2442 4828/3210/2440
f 1513/3213/2443 1517/3214/2444 1518/3215/2445 1514/3216/2446
f 1514/3216/2446 1518/3215/2445 4825/3217/2447 4826/3218/2448
f 1517/3214/2444 4808/3219/2449 4809/3220/2450 1518/3215/2445
f 1518/3215/2445 4809/3220/2450 5716/3221/2451 4825/3217/2447
f 1513/3213/2443 1514/3216/2446 1519/3222/2452 1515/3223/2453
f 1515/3223/2453 1519/3222/2452 4794/3224/2441 4793/3225/2436
f 1514/3216/2446 4826/3218/2448 4827/3226/2454 1519/3222/2452
f 1519/3222/2452 4827/3226/2454 5711/3227/2442 4794/3224/2441
f 1513/3213/2443 1515/3223/2453 1520/3228/2455 1516/3229/2456
f 1516/3229/2456 1520/3228/2455 4759/3230/2457 4760/3231/2458
f 1515/3223/2453 4793/3225/2436 4792/3232/2435 1520/3228/2455
f 1520/3228/2455 4792/3232/2435 5609/3233/2438 4759/3230/2457
f 1513/3213/2443 1516/3229/2456 1521/3234/2459 1517/3214/2444
f 1517/3214/2444 1521/3234/2459 4807/3235/2460 4808/3219/2449
f 1516/3229/2456 4760/3231/2458 4761/3236/2461 1521/3234/2459
f 1521/3234/2459 4761/3236/2461 5702/3237/2462 4807/3235/2460
f 1522/3238/2463 1526/3239/2464 1527/3240/2465 1523/3241/2466
f 1523/3241/2466 1527/3240/2465 4729/3242/2467 4730/3243/2468
f 1526/3239/2464 4778/3244/2469 4779/3245/2470 1527/3240/2465
f 1527/3240/2465 4779/3245/2470 5705/3246/272 4729/3242/2467
f 1522/3238/2463 1523/3241/2466 1528/3247/2471 1524/3248/2472
f 1524/3248/2472 1528/3247/2471 4608/3249/2473 4607/3250/2474
f 1523/3241/2466 4730/3243/2468 4731/3251/2475 1528/3247/2471
f 1528/3247/2471 4731/3251/2475 5680/3252/2476 4608/3249/2473
f 1522/3238/2463 1524/3248/2472 1529/3253/2477 1525/3254/2478
f 1525/3254/2478 1529/3253/2477 4762/3255/2479 4763/3256/2480
f 1524/3248/2472 4607/3250/2474 4606/3257/2481 1529/3253/2477
f 1529/3253/2477 4606/3257/2481 5611/3258/2482 4762/3255/2479
f 1522/3238/2463 1525/3254/2478 1530/3259/2483 1526/3239/2464
f 1526/3239/2464 1530/3259/2483 4777/3260/2484 4778/3244/2469
f 1525/3254/2478 4763/3256/2480 4764/3261/2485 1530/3259/2483
f 1530/3259/2483 4764/3261/2485 5703/3262/2486 4777/3260/2484
f 1531/3263/2487 1535/3264/2488 1536/3265/2489 1532/3266/2490
f 1532/3266/2490 1536/3265/2489 4564/3267/2240 4565/3268/2240
f 1535/3264/2488 4523/3150/2387 4524/3149/2386 1536/3265/2489
f 1536/3265/2489 4524/3149/2386 5662/3152/2240 4564/3267/2240
f 1531/3263/2487 1532/3266/2490 1537/3269/2491 1533/3270/2492
f 1533/3270/2492 1537/3269/2491 4530/3170/2404 4529/3169/2403
f 1532/3266/2490 4565/3268/2240 4566/3271/2240 1537/3269/2491
f 1537/3269/2491 4566/3271/2240 5664/3171/2240 4530/3170/2404
f 1531/3263/2487 1533/3270/2492 1538/3272/2493 1534/3273/2494
f 1534/3273/2494 1538/3272/2493 4326/3274/2495 4325/3275/2496
f 1533/3270/2492 4529/3169/2403 4528/3185/2416 1538/3272/2493
f 1538/3272/2493 4528/3185/2416 5614/3187/2418 4326/3274/2495
f 1531/3263/2487 1534/3273/2494 1539/3276/2497 1535/3264/2488
f 1535/3264/2488 1539/3276/2497 4522/3157/2393 4523/3150/2387
f 1534/3273/2494 4325/3275/2496 4324/3277/2498 1539/3276/2497
f 1539/3276/2497 4324/3277/2498 5603/3158/2394 4522/3157/2393
f 1540/3278/2499 1544/3279/2500 1545/3280/2501 1541/3281/2502
f 1541/3281/2502 1545/3280/2501 4726/3282/2503 4727/3283/2504
f 1544/3279/2500 4598/3284/2337 4599/3285/2336 1545/3280/2501
f 1545/3280/2501 4599/3285/2336 5677/3286/2339 4726/3282/2503
f 1540/3278/2499 1541/3281/2502 1546/3287/2505 1542/3288/2506
f 1542/3288/2506 1546/3287/2505 4611/3120/2357 4610/3119/2356
f 1541/3281/2502 4727/3283/2504 4728/3289/2507 1546/3287/2505
f 1546/3287/2505 4728/3289/2507 5681/3121/2358 4611/3120/2357
f 1540/3278/2499 1542/3288/2506 1547/3290/2508 1543/3291/2509
f 1543/3291/2509 1547/3290/2508 4279/3292/2510 4280/3293/2511
f 1542/3288/2506 4610/3119/2356 4609/3135/2372 1547/3290/2508
f 1547/3290/2508 4609/3135/2372 5613/3137/2374 4279/3292/2510
f 1540/3278/2499 1543/3291/2509 1548/3294/2512 1544/3279/2500
f 1544/3279/2500 1548/3294/2512 4597/3295/2344 4598/3284/2337
f 1543/3291/2509 4280/3293/2511 4281/3296/2513 1548/3294/2512
f 1548/3294/2512 4281/3296/2513 5602/3297/2345 4597/3295/2344
f 1549/3298/316 1553/3299/317 1554/3300/317 1550/3301/316
f 1550/3301/316 1554/3300/317 4723/3302/317 4724/3303/316
f 1553/3299/317 4592/3061/104 4593/3060/104 1554/3300/317
f 1554/3300/317 4593/3060/104 5675/3063/104 4723/3302/317
f 1549/3298/316 1550/3301/316 1555/3304/318 1551/3305/318
f 1551/3305/318 1555/3304/318 4614/3075/2317 4613/3074/2317
f 1550/3301/316 4724/3303/316 4725/3306/318 1555/3304/318
f 1555/3304/318 4725/3306/318 5682/3076/2317 4614/3075/2317
f 1549/3298/316 1551/3305/318 1556/3307/318 1552/3308/316
f 1552/3308/316 1556/3307/318 3363/393/318 3362/390/316
f 1551/3305/318 4613/3074/2317 4612/3087/2317 1556/3307/318
f 1556/3307/318 4612/3087/2317 5615/160/115 3363/393/318
f 1549/3298/316 1552/3308/316 1557/3309/317 1553/3299/317
f 1553/3299/317 1557/3309/317 4591/3066/104 4592/3061/104
f 1552/3308/316 3362/390/316 3361/389/317 1557/3309/317
f 1557/3309/317 3361/389/317 5605/141/104 4591/3066/104
f 1558/3310/2514 1562/3311/2515 1563/3312/2516 1559/3313/2517
f 1559/3313/2517 1563/3312/2516 4281/3314/2513 4280/3315/2511
f 1562/3311/2515 4301/3316/2518 4302/3317/2519 1563/3312/2516
f 1563/3312/2516 4302/3317/2519 5602/3318/2345 4281/3314/2513
f 1558/3310/2514 1559/3313/2517 1564/3319/2520 1560/3320/2521
f 1560/3320/2521 1564/3319/2520 4329/3321/2522 4328/3322/2523
f 1559/3313/2517 4280/3315/2511 4279/3323/2510 1564/3319/2520
f 1564/3319/2520 4279/3323/2510 5613/3324/2374 4329/3321/2522
f 1558/3310/2514 1560/3320/2521 1565/3325/2524 1561/3326/2525
f 1561/3326/2525 1565/3325/2524 4353/3327/2526 4352/3328/2527
f 1560/3320/2521 4328/3322/2523 4327/3329/2528 1565/3325/2524
f 1565/3325/2524 4327/3329/2528 5622/3330/2529 4353/3327/2526
f 1558/3310/2514 1561/3326/2525 1566/3331/2530 1562/3311/2515
f 1562/3311/2515 1566/3331/2530 4300/3332/2531 4301/3316/2518
f 1561/3326/2525 4352/3328/2527 4351/3333/2532 1566/3331/2530
f 1566/3331/2530 4351/3333/2532 5620/3334/2240 4300/3332/2531
f 1567/3335/2533 1571/3336/2534 1572/3337/2535 1568/3338/2536
f 1568/3338/2536 1572/3337/2535 4323/3339/2373 4322/3340/2368
f 1571/3336/2534 4328/3322/2523 4329/3321/2522 1572/3337/2535
f 1572/3337/2535 4329/3321/2522 5613/3324/2374 4323/3339/2373
f 1567/3335/2533 1568/3338/2536 1573/3341/2537 1569/3342/2538
f 1569/3342/2538 1573/3341/2537 4305/3343/2539 4304/3344/2540
f 1568/3338/2536 4322/3340/2368 4321/3345/2367 1573/3341/2537
f 1573/3341/2537 4321/3345/2367 5601/3346/2370 4305/3343/2539
f 1567/3335/2533 1569/3342/2538 1574/3347/2541 1570/3348/2542
f 1570/3348/2542 1574/3347/2541 4356/3349/2543 4355/3350/2544
f 1569/3342/2538 4304/3344/2540 4303/3351/2545 1574/3347/2541
f 1574/3347/2541 4303/3351/2545 5621/3352/2546 4356/3349/2543
f 1567/3335/2533 1570/3348/2542 1575/3353/2547 1571/3336/2534
f 1571/3336/2534 1575/3353/2547 4327/3329/2528 4328/3322/2523
f 1570/3348/2542 4355/3350/2544 4354/3354/2548 1575/3353/2547
f 1575/3353/2547 4354/3354/2548 5622/3330/2529 4327/3329/2528
f 1576/3355/2549 1580/3356/2550 1581/3357/2551 1577/3358/2552
f 1577/3358/2552 1581/3357/2551 4260/3359/2348 4259/3360/2343
f 1580/3356/2550 4256/3361/2553 4257/3362/2554 1581/3357/2551
f 1581/3357/2551 4257/3362/2554 5595/3363/2349 4260/3359/2348
f 1576/3355/2549 1577/3358/2552 1582/3364/2555 1578/3365/2556
f 1578/3365/2556 1582/3364/2555 4302/3317/2519 4301/3316/2518
f 1577/3358/2552 4259/3360/2343 4258/3366/2342 1582/3364/2555
f 1582/3364/2555 4258/3366/2342 5602/3318/2345 4302/3317/2519
f 1576/3355/2549 1578/3365/2556 1583/3367/2557 1579/3368/2558
f 1579/3368/2558 1583/3367/2557 4359/3369/2559 4358/3370/2560
f 1578/3365/2556 4301/3316/2518 4300/3332/2531 1583/3367/2557
f 1583/3367/2557 4300/3332/2531 5620/3334/2240 4359/3369/2559
f 1576/3355/2549 1579/3368/2558 1584/3371/2561 1580/3356/2550
f 1580/3356/2550 1584/3371/2561 4255/3372/2562 4256/3361/2553
f 1579/3368/2558 4358/3370/2560 4357/3373/2563 1584/3371/2561
f 1584/3371/2561 4357/3373/2563 5617/3374/2564 4255/3372/2562
f 1585/3375/2565 1589/3376/2566 1590/3377/2567 1586/3378/2568
f 1586/3378/2568 1590/3377/2567 4584/3379/2569 4583/3380/2570
f 1589/3376/2566 4721/3381/2571 4722/3382/2572 1590/3377/2567
f 1590/3377/2567 4722/3382/2572 5672/3383/2573 4584/3379/2569
f 1585/3375/2565 1586/3378/2568 1591/3384/2574 1587/3385/2575
f 1587/3385/2575 1591/3384/2574 3291/3386/393 3290/3387/388
f 1586/3378/2568 4583/3380/2570 4582/3388/2576 1591/3384/2574
f 1591/3384/2574 4582/3388/2576 5599/3389/394 3291/3386/393
f 1585/3375/2565 1587/3385/2575 1592/3390/2577 1588/3391/2578
f 1588/3391/2578 1592/3390/2577 4362/3392/2579 4361/3393/2580
f 1587/3385/2575 3290/3387/388 3289/3394/387 1592/3390/2577
f 1592/3390/2577 3289/3394/387 5619/3395/390 4362/3392/2579
f 1585/3375/2565 1588/3391/2578 1593/3396/2581 1589/3376/2566
f 1589/3376/2566 1593/3396/2581 4720/3397/2582 4721/3381/2571
f 1588/3391/2578 4361/3393/2580 4360/3398/2583 1593/3396/2581
f 1593/3396/2581 4360/3398/2583 5683/3399/2584 4720/3397/2582
f 1594/3400/2585 1598/3401/2586 1599/3402/2587 1595/3403/2588
f 1595/3403/2588 1599/3402/2587 4791/3404/2589 4790/3405/2590
f 1598/3401/2586 4823/3406/2591 4824/3407/2592 1599/3402/2587
f 1599/3402/2587 4824/3407/2592 5709/3408/2593 4791/3404/2589
f 1594/3400/2585 1595/3403/2588 1600/3409/2594 1596/3410/2595
f 1596/3410/2595 1600/3409/2594 4266/3411/2596 4265/3412/2597
f 1595/3403/2588 4790/3405/2590 4789/3413/2598 1600/3409/2594
f 1600/3409/2594 4789/3413/2598 5593/3414/2599 4266/3411/2596
f 1594/3400/2585 1596/3410/2595 1601/3415/2600 1597/3416/2601
f 1597/3416/2601 1601/3415/2600 4365/3417/2602 4364/3418/2603
f 1596/3410/2595 4265/3412/2597 4264/3419/2604 1601/3415/2600
f 1601/3415/2600 4264/3419/2604 5618/3420/2605 4365/3417/2602
f 1594/3400/2585 1597/3416/2601 1602/3421/2606 1598/3401/2586
f 1598/3401/2586 1602/3421/2606 4822/3422/2607 4823/3406/2591
f 1597/3416/2601 4364/3418/2603 4363/3423/2608 1602/3421/2606
f 1602/3421/2606 4363/3423/2608 5712/3424/2609 4822/3422/2607
f 1603/3425/2610 1607/3426/2611 1608/3427/2612 1604/3428/2613
f 1604/3428/2613 1608/3427/2612 4518/3145/2382 4517/3144/2381
f 1607/3426/2611 4562/3429/2614 4563/3430/2615 1608/3427/2612
f 1608/3427/2612 4563/3430/2615 5659/3146/2383 4518/3145/2382
f 1603/3425/2610 1604/3428/2613 1609/3431/2616 1605/3432/2617
f 1605/3432/2617 1609/3431/2616 4368/3433/2618 4367/3434/2619
f 1604/3428/2613 4517/3144/2381 4516/3160/2396 1609/3431/2616
f 1609/3431/2616 4516/3160/2396 5596/3162/2398 4368/3433/2618
f 1603/3425/2610 1605/3432/2617 1610/3435/2620 1606/3436/2621
f 1606/3436/2621 1610/3435/2620 4531/3437/2622 4532/3438/2623
f 1605/3432/2617 4367/3434/2619 4366/3439/2624 1610/3435/2620
f 1610/3435/2620 4366/3439/2624 5624/3440/2625 4531/3437/2622
f 1603/3425/2610 1606/3436/2621 1611/3441/2626 1607/3426/2611
f 1607/3426/2611 1611/3441/2626 4561/3442/2627 4562/3429/2614
f 1606/3436/2621 4532/3438/2623 4533/3443/2628 1611/3441/2626
f 1611/3441/2626 4533/3443/2628 5665/3444/2629 4561/3442/2627
f 1612/3445/2630 1616/3446/2631 1617/3447/2632 1613/3448/2633
f 1613/3448/2633 1617/3447/2632 5046/3449/2634 5045/3450/2635
f 1616/3446/2631 5105/3451/2636 5106/3452/2637 1617/3447/2632
f 1617/3447/2632 5106/3452/2637 5756/3453/2638 5046/3449/2634
f 1612/3445/2630 1613/3448/2633 1618/3454/2639 1614/3455/2640
f 1614/3455/2640 1618/3454/2639 4945/3456/2641 4946/3457/2642
f 1613/3448/2633 5045/3450/2635 5044/3458/2643 1618/3454/2639
f 1618/3454/2639 5044/3458/2643 5740/3459/2644 4945/3456/2641
f 1612/3445/2630 1614/3455/2640 1619/3460/2645 1615/3461/2646
f 1615/3461/2646 1619/3460/2645 4953/3462/2647 4952/3463/2648
f 1614/3455/2640 4946/3457/2642 4947/3464/2649 1619/3460/2645
f 1619/3460/2645 4947/3464/2649 5737/3465/2650 4953/3462/2647
f 1612/3445/2630 1615/3461/2646 1620/3466/2651 1616/3446/2631
f 1616/3446/2631 1620/3466/2651 5104/3467/2652 5105/3451/2636
f 1615/3461/2646 4952/3463/2648 4951/3468/2653 1620/3466/2651
f 1620/3466/2651 4951/3468/2653 5755/3469/2654 5104/3467/2652
f 1621/3470/2655 1625/3471/2656 1626/3472/2657 1622/3473/2658
f 1622/3473/2658 1626/3472/2657 4587/3095/2333 4586/3094/2332
f 1625/3471/2656 4718/3474/470 4719/3475/469 1626/3472/2657
f 1626/3472/2657 4719/3475/469 5673/3096/134 4587/3095/2333
f 1621/3470/2655 1622/3473/2658 1627/3476/2659 1623/3477/2660
f 1623/3477/2660 1627/3476/2659 4386/3478/2661 4385/3479/2662
f 1622/3473/2658 4586/3094/2332 4585/3110/2347 1627/3476/2659
f 1627/3476/2659 4585/3110/2347 5595/3112/2349 4386/3478/2661
f 1621/3470/2655 1623/3477/2660 1628/3480/2663 1624/3481/2664
f 1624/3481/2664 1628/3480/2663 4621/3482/2665 4622/3483/2666
f 1623/3477/2660 4385/3479/2662 4384/3484/2667 1628/3480/2663
f 1628/3480/2663 4384/3484/2667 5623/3485/2668 4621/3482/2665
f 1621/3470/2655 1624/3481/2664 1629/3486/2669 1625/3471/2656
f 1625/3471/2656 1629/3486/2669 4717/3487/475 4718/3474/470
f 1624/3481/2664 4622/3483/2666 4623/3488/2670 1629/3486/2669
f 1629/3486/2669 4623/3488/2670 5685/3489/476 4717/3487/475
f 1630/3490/485 1634/3491/486 1635/3492/486 1631/3493/485
f 1631/3493/485 1635/3492/486 4714/3494/486 4715/3495/485
f 1634/3491/486 4394/3496/487 4393/3497/487 1635/3492/486
f 1635/3492/486 4393/3497/487 5687/3498/487 4714/3494/486
f 1630/3490/485 1631/3493/485 1636/3499/488 1632/3500/488
f 1632/3500/488 1636/3499/488 4417/3501/489 4418/3502/489
f 1631/3493/485 4715/3495/485 4716/3503/488 1636/3499/488
f 1636/3499/488 4716/3503/488 5689/3504/489 4417/3501/489
f 1630/3490/485 1632/3500/488 1637/3505/488 1633/3506/485
f 1633/3506/485 1637/3505/488 3492/595/488 3491/588/485
f 1632/3500/488 4418/3502/489 4419/3507/489 1637/3505/488
f 1637/3505/488 4419/3507/489 5635/596/489 3492/595/488
f 1630/3490/485 1633/3506/485 1638/3508/486 1634/3491/486
f 1634/3491/486 1638/3508/486 4395/3509/487 4394/3496/487
f 1633/3506/485 3491/588/485 3490/587/486 1638/3508/486
f 1638/3508/486 3490/587/486 5630/590/487 4395/3509/487
f 1639/3510/2240 1643/3511/2240 1644/3512/2240 1640/3513/2240
f 1640/3513/2240 1644/3512/2240 4558/3514/2240 4559/3515/2240
f 1643/3511/2240 4397/3516/2240 4396/3517/2240 1644/3512/2240
f 1644/3512/2240 4396/3517/2240 5666/3518/2240 4558/3514/2240
f 1639/3510/2240 1640/3513/2240 1645/3519/2240 1641/3520/2240
f 1641/3520/2240 1645/3519/2240 4423/3521/2240 4424/3522/2240
f 1640/3513/2240 4559/3515/2240 4560/3523/2240 1645/3519/2240
f 1645/3519/2240 4560/3523/2240 5667/3524/2240 4423/3521/2240
f 1639/3510/2240 1641/3520/2240 1646/3525/2240 1642/3526/2240
f 1642/3526/2240 1646/3525/2240 4401/3527/2240 4400/3528/2240
f 1641/3520/2240 4424/3522/2240 4425/3529/2240 1646/3525/2240
f 1646/3525/2240 4425/3529/2240 5637/3530/2240 4401/3527/2240
f 1639/3510/2240 1642/3526/2240 1647/3531/2240 1643/3511/2240
f 1643/3511/2240 1647/3531/2240 4398/3532/2240 4397/3516/2240
f 1642/3526/2240 4400/3528/2240 4399/3533/2240 1647/3531/2240
f 1647/3531/2240 4399/3533/2240 5632/3534/2240 4398/3532/2240
f 1648/3535/2671 1652/3536/2672 1653/3537/2673 1649/3538/2674
f 1649/3538/2674 1653/3537/2673 4555/3539/2675 4556/3540/2676
f 1652/3536/2672 4382/3541/2677 4381/3542/2678 1653/3537/2673
f 1653/3537/2673 4381/3542/2678 5665/3444/2629 4555/3539/2675
f 1648/3535/2671 1649/3538/2674 1654/3543/2679 1650/3544/2680
f 1650/3544/2680 1654/3543/2679 4396/3517/2240 4397/3516/2240
f 1649/3538/2674 4556/3540/2676 4557/3545/2681 1654/3543/2679
f 1654/3543/2679 4557/3545/2681 5666/3518/2240 4396/3517/2240
f 1648/3535/2671 1650/3544/2680 1655/3546/2682 1651/3547/2683
f 1651/3547/2683 1655/3546/2682 4404/3548/2684 4403/3549/2685
f 1650/3544/2680 4397/3516/2240 4398/3532/2240 1655/3546/2682
f 1655/3546/2682 4398/3532/2240 5632/3534/2240 4404/3548/2684
f 1648/3535/2671 1651/3547/2683 1656/3550/2686 1652/3536/2672
f 1652/3536/2672 1656/3550/2686 4383/3551/2687 4382/3541/2677
f 1651/3547/2683 4403/3549/2685 4402/3552/2688 1656/3550/2686
f 1656/3550/2686 4402/3552/2688 5627/3553/2689 4383/3551/2687
f 1657/3554/509 1661/3555/510 1662/3556/510 1658/3557/509
f 1658/3557/509 1662/3556/510 4711/3558/510 4712/3559/509
f 1661/3555/510 4376/3560/476 4375/3561/476 1662/3556/510
f 1662/3556/510 4375/3561/476 5685/3489/476 4711/3558/510
f 1657/3554/509 1658/3557/509 1663/3562/512 1659/3563/512
f 1659/3563/512 1663/3562/512 4393/3497/487 4394/3496/487
f 1658/3557/509 4712/3559/509 4713/3564/512 1663/3562/512
f 1663/3562/512 4713/3564/512 5687/3498/487 4393/3497/487
f 1657/3554/509 1659/3563/512 1664/3565/512 1660/3566/509
f 1660/3566/509 1664/3565/512 3459/661/512 3458/656/509
f 1659/3563/512 4394/3496/487 4395/3509/487 1664/3565/512
f 1664/3565/512 4395/3509/487 5630/590/487 3459/661/512
f 1657/3554/509 1660/3566/509 1665/3567/510 1661/3555/510
f 1661/3555/510 1665/3567/510 4377/3568/511 4376/3560/476
f 1660/3566/509 3458/656/509 3457/655/510 1665/3567/510
f 1665/3567/510 3457/655/510 5625/658/511 4377/3568/511
f 1666/3569/2690 1670/3570/2691 1671/3571/2692 1667/3572/2693
f 1667/3572/2693 1671/3571/2692 4708/3573/520 4709/3574/519
f 1670/3570/2691 4370/3575/2694 4369/3576/2695 1671/3571/2692
f 1671/3571/2692 4369/3576/2695 5684/2956/5 4708/3573/520
f 1666/3569/2690 1667/3572/2693 1672/3577/2696 1668/3578/2697
f 1668/3578/2697 1672/3577/2696 4387/3579/2698 4388/3580/2699
f 1667/3572/2693 4709/3574/519 4710/3581/533 1672/3577/2696
f 1672/3577/2696 4710/3581/533 5686/3582/535 4387/3579/2698
f 1666/3569/2690 1668/3578/2697 1673/3583/2700 1669/3584/2701
f 1669/3584/2701 1673/3583/2700 4405/3585/2702 4406/3586/2703
f 1668/3578/2697 4388/3580/2699 4389/3587/2704 1673/3583/2700
f 1673/3583/2700 4389/3587/2704 5629/3588/2705 4405/3585/2702
f 1666/3569/2690 1669/3584/2701 1674/3589/2706 1670/3570/2691
f 1670/3570/2691 1674/3589/2706 4371/3590/2707 4370/3575/2694
f 1669/3584/2701 4406/3586/2703 4407/3591/2708 1674/3589/2706
f 1674/3589/2706 4407/3591/2708 5624/3592/2625 4371/3590/2707
f 1675/3593/2709 1679/3594/2710 1680/3595/2711 1676/3596/2712
f 1676/3596/2712 1680/3595/2711 4402/3552/2688 4403/3549/2685
f 1679/3594/2710 4373/3597/2713 4372/3598/2714 1680/3595/2711
f 1680/3595/2711 4372/3598/2714 5627/3553/2689 4402/3552/2688
f 1675/3593/2709 1676/3596/2712 1681/3599/2715 1677/3600/2716
f 1677/3600/2716 1681/3599/2715 4390/3601/2717 4391/3602/2718
f 1676/3596/2712 4403/3549/2685 4404/3548/2684 1681/3599/2715
f 1681/3599/2715 4404/3548/2684 5632/3534/2240 4390/3601/2717
f 1675/3593/2709 1677/3600/2716 1682/3603/2719 1678/3604/2720
f 1678/3604/2720 1682/3603/2719 4408/3605/2721 4409/3606/2722
f 1677/3600/2716 4391/3602/2718 4392/3607/2723 1682/3603/2719
f 1682/3603/2719 4392/3607/2723 5628/3608/2724 4408/3605/2721
f 1675/3593/2709 1678/3604/2720 1683/3609/2725 1679/3594/2710
f 1679/3594/2710 1683/3609/2725 4374/3610/2726 4373/3597/2713
f 1678/3604/2720 4409/3606/2722 4410/3611/2727 1683/3609/2725
f 1683/3609/2725 4410/3611/2727 5623/3612/2668 4374/3610/2726
f 1684/3613/2728 1688/3614/2729 1689/3615/2730 1685/3616/2731
f 1685/3616/2731 1689/3615/2730 4428/3617/2240 4427/3618/2240
f 1688/3614/2729 4415/3619/2732 4414/3620/2733 1689/3615/2730
f 1689/3615/2730 4414/3620/2733 5637/3530/2240 4428/3617/2240
f 1684/3613/2728 1685/3616/2731 1690/3621/2734 1686/3622/2735
f 1686/3622/2735 1690/3621/2734 4441/3623/2240 4442/3624/2240
f 1685/3616/2731 4427/3618/2240 4426/3625/2240 1690/3621/2734
f 1690/3621/2734 4426/3625/2240 5643/3626/2240 4441/3623/2240
f 1684/3613/2728 1686/3622/2735 1691/3627/2736 1687/3628/2737
f 1687/3628/2737 1691/3627/2736 4422/3629/2738 4421/3630/2739
f 1686/3622/2735 4442/3624/2240 4443/3631/2240 1691/3627/2736
f 1691/3627/2736 4443/3631/2240 5639/3632/2240 4422/3629/2738
f 1684/3613/2728 1687/3628/2737 1692/3633/2740 1688/3614/2729
f 1688/3614/2729 1692/3633/2740 4416/3634/2741 4415/3619/2732
f 1687/3628/2737 4421/3630/2739 4420/3635/2742 1692/3633/2740
f 1692/3633/2740 4420/3635/2742 5633/3636/2743 4416/3634/2741
f 1693/3637/2744 1697/3638/2745 1698/3639/2746 1694/3640/2747
f 1694/3640/2747 1698/3639/2746 4705/3641/2748 4706/3642/2749
f 1697/3638/2745 4412/3643/2750 4411/3644/2751 1698/3639/2746
f 1698/3639/2746 4411/3644/2751 5688/3645/2752 4705/3641/2748
f 1693/3637/2744 1694/3640/2747 1699/3646/2753 1695/3647/2754
f 1695/3647/2754 1699/3646/2753 4438/3648/2755 4439/3649/2756
f 1694/3640/2747 4706/3642/2749 4707/3650/2757 1699/3646/2753
f 1699/3646/2753 4707/3650/2757 5690/3651/2758 4438/3648/2755
f 1693/3637/2744 1695/3647/2754 1700/3652/2759 1696/3653/2760
f 1696/3653/2760 1700/3652/2759 4431/3654/2761 4430/3655/2762
f 1695/3647/2754 4439/3649/2756 4440/3656/2763 1700/3652/2759
f 1700/3652/2759 4440/3656/2763 5640/3657/2764 4431/3654/2761
f 1693/3637/2744 1696/3653/2760 1701/3658/2765 1697/3638/2745
f 1697/3638/2745 1701/3658/2765 4413/3659/2766 4412/3643/2750
f 1696/3653/2760 4430/3655/2762 4429/3660/2767 1701/3658/2765
f 1701/3658/2765 4429/3660/2767 5634/3661/2768 4413/3659/2766
f 1702/3662/2769 1706/3663/2770 1707/3664/2771 1703/3665/2772
f 1703/3665/2772 1707/3664/2771 4702/3666/2773 4703/3667/2774
f 1706/3663/2770 4388/3580/2699 4387/3579/2698 1707/3664/2771
f 1707/3664/2771 4387/3579/2698 5686/3582/535 4702/3666/2773
f 1702/3662/2769 1703/3665/2772 1708/3668/2775 1704/3669/2776
f 1704/3669/2776 1708/3668/2775 4411/3644/2751 4412/3643/2750
f 1703/3665/2772 4703/3667/2774 4704/3670/2777 1708/3668/2775
f 1708/3668/2775 4704/3670/2777 5688/3645/2752 4411/3644/2751
f 1702/3662/2769 1704/3669/2776 1709/3671/2778 1705/3672/2779
f 1705/3672/2779 1709/3671/2778 4432/3673/2780 4433/3674/2781
f 1704/3669/2776 4412/3643/2750 4413/3659/2766 1709/3671/2778
f 1709/3671/2778 4413/3659/2766 5634/3661/2768 4432/3673/2780
f 1702/3662/2769 1705/3672/2779 1710/3675/2782 1706/3663/2770
f 1706/3663/2770 1710/3675/2782 4389/3587/2704 4388/3580/2699
f 1705/3672/2779 4433/3674/2781 4434/3676/2783 1710/3675/2782
f 1710/3675/2782 4434/3676/2783 5629/3588/2705 4389/3587/2704
f 1711/3677/2784 1715/3678/2785 1716/3679/2786 1712/3680/2787
f 1712/3680/2787 1716/3679/2786 4399/3533/2240 4400/3528/2240
f 1715/3678/2785 4391/3602/2718 4390/3601/2717 1716/3679/2786
f 1716/3679/2786 4390/3601/2717 5632/3534/2240 4399/3533/2240
f 1711/3677/2784 1712/3680/2787 1717/3681/2788 1713/3682/2789
f 1713/3682/2789 1717/3681/2788 4414/3620/2733 4415/3619/2732
f 1712/3680/2787 4400/3528/2240 4401/3527/2240 1717/3681/2788
f 1717/3681/2788 4401/3527/2240 5637/3530/2240 4414/3620/2733
f 1711/3677/2784 1713/3682/2789 1718/3683/2790 1714/3684/2791
f 1714/3684/2791 1718/3683/2790 4435/3685/2792 4436/3686/2793
f 1713/3682/2789 4415/3619/2732 4416/3634/2741 1718/3683/2790
f 1718/3683/2790 4416/3634/2741 5633/3636/2743 4435/3685/2792
f 1711/3677/2784 1714/3684/2791 1719/3687/2794 1715/3678/2785
f 1715/3678/2785 1719/3687/2794 4392/3607/2723 4391/3602/2718
f 1714/3684/2791 4436/3686/2793 4437/3688/2795 1719/3687/2794
f 1719/3687/2794 4437/3688/2795 5628/3608/2724 4392/3607/2723
f 1720/3689/2796 1724/3690/2797 1725/3691/2798 1721/3692/2799
f 1721/3692/2799 1725/3691/2798 4875/3693/2800 4874/3694/2801
f 1724/3690/2797 4925/3695/2240 4926/3696/2240 1725/3691/2798
f 1725/3691/2798 4926/3696/2240 5725/3697/2240 4875/3693/2800
f 1720/3689/2796 1721/3692/2799 1726/3698/2802 1722/3699/2803
f 1722/3699/2803 1726/3698/2802 4462/3700/2804 4463/3701/2805
f 1721/3692/2799 4874/3694/2801 4873/3702/2806 1726/3698/2802
f 1726/3698/2802 4873/3702/2806 5647/3703/2807 4462/3700/2804
f 1720/3689/2796 1722/3699/2803 1727/3704/2808 1723/3705/2809
f 1723/3705/2809 1727/3704/2808 4449/3706/2810 4448/3707/2811
f 1722/3699/2803 4463/3701/2805 4464/3708/2812 1727/3704/2808
f 1727/3704/2808 4464/3708/2812 5638/3709/2813 4449/3706/2810
f 1720/3689/2796 1723/3705/2809 1728/3710/2814 1724/3690/2797
f 1724/3690/2797 1728/3710/2814 4924/3711/2240 4925/3695/2240
f 1723/3705/2809 4448/3707/2811 4447/3712/2815 1728/3710/2814
f 1728/3710/2814 4447/3712/2815 5724/3713/2240 4924/3711/2240
f 1729/3714/2816 1733/3715/2817 1734/3716/2818 1730/3717/2819
f 1730/3717/2819 1734/3716/2818 4699/3718/2820 4700/3719/2821
f 1733/3715/2817 4922/3720/2822 4923/3721/2823 1734/3716/2818
f 1734/3716/2818 4923/3721/2823 5733/3722/2824 4699/3718/2820
f 1729/3714/2816 1730/3717/2819 1735/3723/2825 1731/3724/2826
f 1731/3724/2826 1735/3723/2825 4459/3725/2827 4460/3726/2828
f 1730/3717/2819 4700/3719/2821 4701/3727/2829 1735/3723/2825
f 1735/3723/2825 4701/3727/2829 5691/3728/2830 4459/3725/2827
f 1729/3714/2816 1731/3724/2826 1736/3729/2831 1732/3730/2832
f 1732/3730/2832 1736/3729/2831 4458/3731/2833 4457/3732/2834
f 1731/3724/2826 4460/3726/2828 4461/3733/2835 1736/3729/2831
f 1736/3729/2831 4461/3733/2835 5644/3734/2836 4458/3731/2833
f 1729/3714/2816 1732/3730/2832 1737/3735/2837 1733/3715/2817
f 1733/3715/2817 1737/3735/2837 4921/3736/2838 4922/3720/2822
f 1732/3730/2832 4457/3732/2834 4456/3737/2839 1737/3735/2837
f 1737/3735/2837 4456/3737/2839 5726/3738/2840 4921/3736/2838
f 1738/3739/2240 1742/3740/2240 1743/3741/2240 1739/3742/2240
f 1739/3742/2240 1743/3741/2240 4552/3743/2240 4553/3744/2240
f 1742/3740/2240 4424/3522/2240 4423/3521/2240 1743/3741/2240
f 1743/3741/2240 4423/3521/2240 5667/3524/2240 4552/3743/2240
f 1738/3739/2240 1739/3742/2240 1744/3745/2240 1740/3746/2240
f 1740/3746/2240 1744/3745/2240 4450/3747/2240 4451/3748/2240
f 1739/3742/2240 4553/3744/2240 4554/3749/2240 1744/3745/2240
f 1744/3745/2240 4554/3749/2240 5668/3750/2240 4450/3747/2240
f 1738/3739/2240 1740/3746/2240 1745/3751/2240 1741/3752/2240
f 1741/3752/2240 1745/3751/2240 4426/3625/2240 4427/3618/2240
f 1740/3746/2240 4451/3748/2240 4452/3753/2240 1745/3751/2240
f 1745/3751/2240 4452/3753/2240 5643/3626/2240 4426/3625/2240
f 1738/3739/2240 1741/3752/2240 1746/3754/2240 1742/3740/2240
f 1742/3740/2240 1746/3754/2240 4425/3529/2240 4424/3522/2240
f 1741/3752/2240 4427/3618/2240 4428/3617/2240 1746/3754/2240
f 1746/3754/2240 4428/3617/2240 5637/3530/2240 4425/3529/2240
f 1747/3755/2240 1751/3756/2240 1752/3757/2240 1748/3758/2240
f 1748/3758/2240 1752/3757/2240 4918/3759/2240 4919/3760/2240
f 1751/3756/2240 4871/3761/2240 4872/3762/2240 1752/3757/2240
f 1752/3757/2240 4872/3762/2240 5724/3713/2240 4918/3759/2240
f 1747/3755/2240 1748/3758/2240 1753/3763/2240 1749/3764/2240
f 1749/3764/2240 1753/3763/2240 4881/3765/2240 4880/3766/2240
f 1748/3758/2240 4919/3760/2240 4920/3767/2240 1753/3763/2240
f 1753/3763/2240 4920/3767/2240 5728/3768/2240 4881/3765/2240
f 1747/3755/2240 1749/3764/2240 1754/3769/2240 1750/3770/2240
f 1750/3770/2240 1754/3769/2240 4489/3771/2240 4490/3772/2240
f 1749/3764/2240 4880/3766/2240 4879/3773/2240 1754/3769/2240
f 1754/3769/2240 4879/3773/2240 5652/3774/2240 4489/3771/2240
f 1747/3755/2240 1750/3770/2240 1755/3775/2240 1751/3756/2240
f 1751/3756/2240 1755/3775/2240 4870/3776/2240 4871/3761/2240
f 1750/3770/2240 4490/3772/2240 4491/3777/2240 1755/3775/2240
f 1755/3775/2240 4491/3777/2240 5639/3632/2240 4870/3776/2240
f 1756/3778/2841 1760/3779/2842 1761/3780/2843 1757/3781/2844
f 1757/3781/2844 1761/3780/2843 4549/3782/2845 4550/3783/2846
f 1760/3779/2842 4697/3784/2847 4698/3785/2848 1761/3780/2843
f 1761/3780/2843 4698/3785/2848 5699/3786/2849 4549/3782/2845
f 1756/3778/2841 1757/3781/2844 1762/3787/2850 1758/3788/2851
f 1758/3788/2851 1762/3787/2850 4545/3789/2852 4544/3790/2853
f 1757/3781/2844 4550/3783/2846 4551/3791/2854 1762/3787/2850
f 1762/3787/2850 4551/3791/2854 5669/3792/2855 4545/3789/2852
f 1756/3778/2841 1758/3788/2851 1763/3793/2856 1759/3794/2857
f 1759/3794/2857 1763/3793/2856 4461/3795/2835 4460/3796/2828
f 1758/3788/2851 4544/3790/2853 4543/3797/2858 1763/3793/2856
f 1763/3793/2856 4543/3797/2858 5644/3798/2836 4461/3795/2835
f 1756/3778/2841 1759/3794/2857 1764/3799/2859 1760/3779/2842
f 1760/3779/2842 1764/3799/2859 4696/3800/2860 4697/3784/2847
f 1759/3794/2857 4460/3796/2828 4459/3801/2827 1764/3799/2859
f 1764/3799/2859 4459/3801/2827 5691/3802/2830 4696/3800/2860
f 1765/3803/2861 1769/3804/2862 1770/3805/2863 1766/3806/2864
f 1766/3806/2864 1770/3805/2863 4644/3807/2865 4643/3808/2866
f 1769/3804/2862 4694/3809/2867 4695/3810/2868 1770/3805/2863
f 1770/3805/2863 4695/3810/2868 5692/3811/2869 4644/3807/2865
f 1765/3803/2861 1766/3806/2864 1771/3812/2870 1767/3813/2871
f 1767/3813/2871 1771/3812/2870 4464/3708/2812 4463/3701/2805
f 1766/3806/2864 4643/3808/2866 4642/3814/2872 1771/3812/2870
f 1771/3812/2870 4642/3814/2872 5638/3709/2813 4464/3708/2812
f 1765/3803/2861 1767/3813/2871 1772/3815/2873 1768/3816/2874
f 1768/3816/2874 1772/3815/2873 4473/3817/2875 4472/3818/2876
f 1767/3813/2871 4463/3701/2805 4462/3700/2804 1772/3815/2873
f 1772/3815/2873 4462/3700/2804 5647/3703/2807 4473/3817/2875
f 1765/3803/2861 1768/3816/2874 1773/3819/2877 1769/3804/2862
f 1769/3804/2862 1773/3819/2877 4693/3820/2878 4694/3809/2867
f 1768/3816/2874 4472/3818/2876 4471/3821/2879 1773/3819/2877
f 1773/3819/2877 4471/3821/2879 5693/3822/2880 4693/3820/2878
f 1774/3823/2881 1778/3824/2882 1779/3825/2883 1775/3826/2884
f 1775/3826/2884 1779/3825/2883 4546/3827/2885 4547/3828/2886
f 1778/3824/2882 4916/3829/2240 4917/3830/2240 1779/3825/2883
f 1779/3825/2883 4917/3830/2240 5731/3831/2240 4546/3827/2885
f 1774/3823/2881 1775/3826/2884 1780/3832/2887 1776/3833/2888
f 1776/3833/2888 1780/3832/2887 4468/3834/2889 4469/3835/2890
f 1775/3826/2884 4547/3828/2886 4548/3836/2891 1780/3832/2887
f 1780/3832/2887 4548/3836/2891 5669/3792/2855 4468/3834/2889
f 1774/3823/2881 1776/3833/2888 1781/3837/2892 1777/3838/2893
f 1777/3838/2893 1781/3837/2892 4873/3702/2806 4874/3694/2801
f 1776/3833/2888 4469/3835/2890 4470/3839/2894 1781/3837/2892
f 1781/3837/2892 4470/3839/2894 5647/3703/2807 4873/3702/2806
f 1774/3823/2881 1777/3838/2893 1782/3840/2895 1778/3824/2882
f 1778/3824/2882 1782/3840/2895 4915/3841/2240 4916/3829/2240
f 1777/3838/2893 4874/3694/2801 4875/3693/2800 1782/3840/2895
f 1782/3840/2895 4875/3693/2800 5725/3697/2240 4915/3841/2240
f 1783/3842/2896 1787/3843/2897 1788/3844/2898 1784/3845/2899
f 1784/3845/2899 1788/3844/2898 4491/3777/2240 4490/3772/2240
f 1787/3843/2897 4421/3630/2739 4422/3629/2738 1788/3844/2898
f 1788/3844/2898 4422/3629/2738 5639/3632/2240 4491/3777/2240
f 1783/3842/2896 1784/3845/2899 1789/3846/2900 1785/3847/2901
f 1785/3847/2901 1789/3846/2900 4479/3848/2902 4478/3849/2903
f 1784/3845/2899 4490/3772/2240 4489/3771/2240 1789/3846/2900
f 1789/3846/2900 4489/3771/2240 5652/3774/2240 4479/3848/2902
f 1783/3842/2896 1785/3847/2901 1790/3850/2904 1786/3851/2905
f 1786/3851/2905 1790/3850/2904 4446/3852/2906 4445/3853/2907
f 1785/3847/2901 4478/3849/2903 4477/3854/2908 1790/3850/2904
f 1790/3850/2904 4477/3854/2908 5649/3855/2909 4446/3852/2906
f 1783/3842/2896 1786/3851/2905 1791/3856/2910 1787/3843/2897
f 1787/3843/2897 1791/3856/2910 4420/3635/2742 4421/3630/2739
f 1786/3851/2905 4445/3853/2907 4444/3857/2911 1791/3856/2910
f 1791/3856/2910 4444/3857/2911 5633/3636/2743 4420/3635/2742
f 1792/3858/2912 1796/3859/2913 1797/3860/2914 1793/3861/2915
f 1793/3861/2915 1797/3860/2914 4912/3862/2916 4913/3863/2917
f 1796/3859/2913 4895/3864/2240 4896/3865/2240 1797/3860/2914
f 1797/3860/2914 4896/3865/2240 5734/3866/2240 4912/3862/2916
f 1792/3858/2912 1793/3861/2915 1798/3867/2918 1794/3868/2919
f 1794/3868/2919 1798/3867/2918 4884/3869/2920 4883/3870/2921
f 1793/3861/2915 4913/3863/2917 4914/3871/2922 1798/3867/2918
f 1798/3867/2918 4914/3871/2922 5729/3872/2923 4884/3869/2920
f 1792/3858/2912 1794/3868/2919 1799/3873/2924 1795/3874/2925
f 1795/3874/2925 1799/3873/2924 4512/3875/2926 4511/3876/2927
f 1794/3868/2919 4883/3870/2921 4882/3877/2928 1799/3873/2924
f 1799/3873/2924 4882/3877/2928 5656/3878/2929 4512/3875/2926
f 1792/3858/2912 1795/3874/2925 1800/3879/2930 1796/3859/2913
f 1796/3859/2913 1800/3879/2930 4894/3880/2240 4895/3864/2240
f 1795/3874/2925 4511/3876/2927 4510/3881/2931 1800/3879/2930
f 1800/3879/2930 4510/3881/2931 5720/3882/2240 4894/3880/2240
f 1801/3883/2932 1805/3884/2933 1806/3885/2934 1802/3886/2935
f 1802/3886/2935 1806/3885/2934 4690/3887/2936 4691/3888/2937
f 1805/3884/2933 4865/3889/2938 4866/3890/2939 1806/3885/2934
f 1806/3885/2934 4866/3890/2939 5723/3891/2940 4690/3887/2936
f 1801/3883/2932 1802/3886/2935 1807/3892/2941 1803/3893/2942
f 1803/3893/2942 1807/3892/2941 4662/3894/2943 4661/3895/2944
f 1802/3886/2935 4691/3888/2937 4692/3896/2945 1807/3892/2941
f 1807/3892/2941 4692/3896/2945 5698/3897/2946 4662/3894/2943
f 1801/3883/2932 1803/3893/2942 1808/3898/2947 1804/3899/2948
f 1804/3899/2948 1808/3898/2947 4482/3900/2949 4481/3901/2950
f 1803/3893/2942 4661/3895/2944 4660/3902/2951 1808/3898/2947
f 1808/3898/2947 4660/3902/2951 5655/3903/2952 4482/3900/2949
f 1801/3883/2932 1804/3899/2948 1809/3904/2953 1805/3884/2933
f 1805/3884/2933 1809/3904/2953 4864/3905/2954 4865/3889/2938
f 1804/3899/2948 4481/3901/2950 4480/3906/2955 1809/3904/2953
f 1809/3904/2953 4480/3906/2955 5717/3907/2956 4864/3905/2954
f 1810/3908/784 1814/3909/785 1815/3910/785 1811/3911/784
f 1811/3911/784 1815/3910/785 4687/3912/785 4688/3913/784
f 1814/3909/785 4418/3914/489 4417/3915/489 1815/3910/785
f 1815/3910/785 4417/3915/489 5689/3916/489 4687/3912/785
f 1810/3908/784 1811/3911/784 1816/3917/786 1812/3918/786
f 1812/3918/786 1816/3917/786 4474/3919/787 4475/3920/787
f 1811/3911/784 4688/3913/784 4689/3921/786 1816/3917/786
f 1816/3917/786 4689/3921/786 5694/3922/787 4474/3919/787
f 1810/3908/784 1812/3918/786 1817/3923/786 1813/3924/784
f 1813/3924/784 1817/3923/786 3552/1027/786 3551/1020/784
f 1812/3918/786 4475/3920/787 4476/3925/787 1817/3923/786
f 1817/3923/786 4476/3925/787 5650/1028/787 3552/1027/786
f 1810/3908/784 1813/3924/784 1818/3926/785 1814/3909/785
f 1814/3909/785 1818/3926/785 4419/3927/489 4418/3914/489
f 1813/3924/784 3551/1020/784 3550/1019/785 1818/3926/785
f 1818/3926/785 3550/1019/785 5635/1022/489 4419/3927/489
f 1819/3928/2957 1823/3929/2958 1824/3930/2959 1820/3931/2960
f 1820/3931/2960 1824/3930/2959 4684/3932/2961 4685/3933/2962
f 1823/3929/2958 4643/3934/2866 4644/3935/2865 1824/3930/2959
f 1824/3930/2959 4644/3935/2865 5692/3936/2869 4684/3932/2961
f 1819/3928/2957 1820/3931/2960 1825/3937/2963 1821/3938/2964
f 1821/3938/2964 1825/3937/2963 4653/3939/2965 4652/3940/2966
f 1820/3931/2960 4685/3933/2962 4686/3941/2967 1825/3937/2963
f 1825/3937/2963 4686/3941/2967 5695/3942/2968 4653/3939/2965
f 1819/3928/2957 1821/3938/2964 1826/3943/2969 1822/3944/2970
f 1822/3944/2970 1826/3943/2969 4492/3945/2971 4493/3946/2972
f 1821/3938/2964 4652/3940/2966 4651/3947/2973 1826/3943/2969
f 1826/3943/2969 4651/3947/2973 5651/3948/2974 4492/3945/2971
f 1819/3928/2957 1822/3944/2970 1827/3949/2975 1823/3929/2958
f 1823/3929/2958 1827/3949/2975 4642/3950/2872 4643/3934/2866
f 1822/3944/2970 4493/3946/2972 4494/3951/2976 1827/3949/2975
f 1827/3949/2975 4494/3951/2976 5638/3952/2813 4642/3950/2872
f 1828/3953/2977 1832/3954/2978 1833/3955/2979 1829/3956/2980
f 1829/3956/2980 1833/3955/2979 4681/3957/2981 4682/3958/2982
f 1832/3954/2978 4496/3959/812 4495/3960/812 1833/3955/2979
f 1833/3955/2979 4495/3960/812 5696/3961/812 4681/3957/2981
f 1828/3953/2977 1829/3956/2980 1834/3962/2983 1830/3963/2984
f 1830/3963/2984 1834/3962/2983 4501/3964/2985 4502/3965/2986
f 1829/3956/2980 4682/3958/2982 4683/3966/2987 1834/3962/2983
f 1834/3962/2983 4683/3966/2987 5697/3967/2988 4501/3964/2985
f 1828/3953/2977 1830/3963/2984 1835/3968/2989 1831/3969/2990
f 1831/3969/2990 1835/3968/2989 3591/1072/822 3590/1065/817
f 1830/3963/2984 4502/3965/2986 4503/3970/2991 1835/3968/2989
f 1835/3968/2989 4503/3970/2991 5657/1073/823 3591/1072/822
f 1828/3953/2977 1831/3969/2990 1836/3971/815 1832/3954/2978
f 1832/3954/2978 1836/3971/815 4497/3972/812 4496/3959/812
f 1831/3969/2990 3590/1065/817 3589/1064/815 1836/3971/815
f 1836/3971/815 3589/1064/815 5654/1067/812 4497/3972/812
f 1837/3973/2992 1841/3974/2993 1842/3975/2994 1838/3976/2995
f 1838/3976/2995 1842/3975/2994 4678/3977/2996 4679/3978/2997
f 1841/3974/2993 4910/3979/2998 4911/3980/2999 1842/3975/2994
f 1842/3975/2994 4911/3980/2999 5732/3981/3000 4678/3977/2996
f 1837/3973/2992 1838/3976/2995 1843/3982/3001 1839/3983/3002
f 1839/3983/3002 1843/3982/3001 4507/3984/3003 4508/3985/3004
f 1838/3976/2995 4679/3978/2997 4680/3986/3005 1843/3982/3001
f 1843/3982/3001 4680/3986/3005 5698/3987/2946 4507/3984/3003
f 1837/3973/2992 1839/3983/3002 1844/3988/3006 1840/3989/3007
f 1840/3989/3007 1844/3988/3006 3597/1097/847 3596/1090/840
f 1839/3983/3002 4508/3985/3004 4509/3990/3008 1844/3988/3006
f 1844/3988/3006 4509/3990/3008 5658/1098/848 3597/1097/847
f 1837/3973/2992 1840/3989/3007 1845/3991/3009 1841/3974/2993
f 1841/3974/2993 1845/3991/3009 4909/3992/3010 4910/3979/2998
f 1840/3989/3007 3596/1090/840 3595/1089/839 1845/3991/3009
f 1845/3991/3009 3595/1089/839 5730/1092/842 4909/3992/3010
f 1846/3993/3011 1850/3994/3012 1851/3995/3013 1847/3996/3014
f 1847/3996/3014 1851/3995/3013 4510/3881/2931 4511/3876/2927
f 1850/3994/3012 4862/3997/3015 4863/3998/3016 1851/3995/3013
f 1851/3995/3013 4863/3998/3016 5720/3882/2240 4510/3881/2931
f 1846/3993/3011 1847/3996/3014 1852/3999/3017 1848/4000/3018
f 1848/4000/3018 1852/3999/3017 4500/4001/3019 4499/4002/3020
f 1847/3996/3014 4511/3876/2927 4512/3875/2926 1852/3999/3017
f 1852/3999/3017 4512/3875/2926 5656/3878/2929 4500/4001/3019
f 1846/3993/3011 1848/4000/3018 1853/4003/3021 1849/4004/3022
f 1849/4004/3022 1853/4003/3021 4515/4005/3023 4514/4006/3024
f 1848/4000/3018 4499/4002/3020 4498/4007/3025 1853/4003/3021
f 1853/4003/3021 4498/4007/3025 5641/4008/3026 4515/4005/3023
f 1846/3993/3011 1849/4004/3022 1854/4009/3027 1850/3994/3012
f 1850/3994/3012 1854/4009/3027 4861/4010/3028 4862/3997/3015
f 1849/4004/3022 4514/4006/3024 4513/4011/3029 1854/4009/3027
f 1854/4009/3027 4513/4011/3029 5721/4012/3030 4861/4010/3028
f 1855/4013/872 1859/4014/873 1860/4015/873 1856/4016/872
f 1856/4016/872 1860/4015/873 4675/4017/873 4676/4018/872
f 1859/4014/873 4859/4019/874 4860/4020/874 1860/4015/873
f 1860/4015/873 4860/4020/874 5722/4021/874 4675/4017/873
f 1855/4013/872 1856/4016/872 1861/4022/875 1857/4023/875
f 1857/4023/875 1861/4022/875 4495/4024/812 4496/4025/812
f 1856/4016/872 4676/4018/872 4677/4026/875 1861/4022/875
f 1861/4022/875 4677/4026/875 5696/4027/812 4495/4024/812
f 1855/4013/872 1857/4023/875 1862/4028/875 1858/4029/872
f 1858/4029/872 1862/4028/875 3567/1142/875 3566/1135/872
f 1857/4023/875 4496/4025/812 4497/4030/812 1862/4028/875
f 1862/4028/875 4497/4030/812 5654/1143/812 3567/1142/875
f 1855/4013/872 1858/4029/872 1863/4031/873 1859/4014/873
f 1859/4014/873 1863/4031/873 4858/4032/874 4859/4019/874
f 1858/4029/872 3566/1135/872 3565/1134/873 1863/4031/873
f 1863/4031/873 3565/1134/873 5718/1137/874 4858/4032/874
f 1864/4033/3031 1868/4034/3032 1869/4035/3033 1865/4036/3034
f 1865/4036/3034 1869/4035/3033 4456/4037/2839 4457/4038/2834
f 1868/4034/3032 4907/4039/3035 4908/4040/3036 1869/4035/3033
f 1869/4035/3033 4908/4040/3036 5726/4041/2840 4456/4037/2839
f 1864/4033/3031 1865/4036/3034 1870/4042/3037 1866/4043/3038
f 1866/4043/3038 1870/4042/3037 4543/3797/2858 4544/3790/2853
f 1865/4036/3034 4457/4038/2834 4458/4044/2833 1870/4042/3037
f 1870/4042/3037 4458/4044/2833 5644/3798/2836 4543/3797/2858
f 1864/4033/3031 1866/4043/3038 1871/4045/3039 1867/4046/3040
f 1867/4046/3040 1871/4045/3039 4548/3836/2891 4547/3828/2886
f 1866/4043/3038 4544/3790/2853 4545/3789/2852 1871/4045/3039
f 1871/4045/3039 4545/3789/2852 5669/3792/2855 4548/3836/2891
f 1864/4033/3031 1867/4046/3040 1872/4047/3041 1868/4034/3032
f 1868/4034/3032 1872/4047/3041 4906/4048/3042 4907/4039/3035
f 1867/4046/3040 4547/3828/2886 4546/3827/2885 1872/4047/3041
f 1872/4047/3041 4546/3827/2885 5731/3831/2240 4906/4048/3042
f 1873/4049/3043 1877/4050/3044 1878/4051/3045 1874/4052/3046
f 1874/4052/3046 1878/4051/3045 4471/3821/2879 4472/3818/2876
f 1877/4050/3044 4673/4053/3047 4674/4054/3048 1878/4051/3045
f 1878/4051/3045 4674/4054/3048 5693/3822/2880 4471/3821/2879
f 1873/4049/3043 1874/4052/3046 1879/4055/3049 1875/4056/3050
f 1875/4056/3050 1879/4055/3049 4470/3839/2894 4469/3835/2890
f 1874/4052/3046 4472/3818/2876 4473/3817/2875 1879/4055/3049
f 1879/4055/3049 4473/3817/2875 5647/3703/2807 4470/3839/2894
f 1873/4049/3043 1875/4056/3050 1880/4057/3051 1876/4058/3052
f 1876/4058/3052 1880/4057/3051 4551/3791/2854 4550/3783/2846
f 1875/4056/3050 4469/3835/2890 4468/3834/2889 1880/4057/3051
f 1880/4057/3051 4468/3834/2889 5669/3792/2855 4551/3791/2854
f 1873/4049/3043 1876/4058/3052 1881/4059/3053 1877/4050/3044
f 1877/4050/3044 1881/4059/3053 4672/4060/3054 4673/4053/3047
f 1876/4058/3052 4550/3783/2846 4549/3782/2845 1881/4059/3053
f 1881/4059/3053 4549/3782/2845 5699/3786/2849 4672/4060/3054
f 1882/4061/3055 1886/4062/3056 1887/4063/3057 1883/4064/3058
f 1883/4064/3058 1887/4063/3057 4429/4065/2767 4430/4066/2762
f 1886/4062/3056 4538/4067/3059 4537/4068/3060 1887/4063/3057
f 1887/4063/3057 4537/4068/3060 5634/4069/2768 4429/4065/2767
f 1882/4061/3055 1883/4064/3058 1888/4070/3061 1884/4071/3062
f 1884/4071/3062 1888/4070/3061 4540/4072/3063 4541/4073/3064
f 1883/4064/3058 4430/4066/2762 4431/4074/2761 1888/4070/3061
f 1888/4070/3061 4431/4074/2761 5640/4075/2764 4540/4072/3063
f 1882/4061/3055 1884/4071/3062 1889/4076/3065 1885/4077/3066
f 1885/4077/3066 1889/4076/3065 4554/3749/2240 4553/3744/2240
f 1884/4071/3062 4541/4073/3064 4542/4078/3067 1889/4076/3065
f 1889/4076/3065 4542/4078/3067 5668/3750/2240 4554/3749/2240
f 1882/4061/3055 1885/4077/3066 1890/4079/3068 1886/4062/3056
f 1886/4062/3056 1890/4079/3068 4539/4080/3069 4538/4067/3059
f 1885/4077/3066 4553/3744/2240 4552/3743/2240 1890/4079/3068
f 1890/4079/3068 4552/3743/2240 5667/3524/2240 4539/4080/3069
f 1891/4081/3070 1895/4082/3071 1896/4083/3072 1892/4084/3073
f 1892/4084/3073 1896/4083/3072 4407/4085/2708 4406/4086/2703
f 1895/4082/3071 4532/3438/2623 4531/3437/2622 1896/4083/3072
f 1896/4083/3072 4531/3437/2622 5624/3440/2625 4407/4085/2708
f 1891/4081/3070 1892/4084/3073 1897/4087/3074 1893/4088/3075
f 1893/4088/3075 1897/4087/3074 4534/4089/3076 4535/4090/3077
f 1892/4084/3073 4406/4086/2703 4405/4091/2702 1897/4087/3074
f 1897/4087/3074 4405/4091/2702 5629/4092/2705 4534/4089/3076
f 1891/4081/3070 1893/4088/3075 1898/4093/3078 1894/4094/3079
f 1894/4094/3079 1898/4093/3078 4557/3545/2681 4556/3540/2676
f 1893/4088/3075 4535/4090/3077 4536/4095/3080 1898/4093/3078
f 1898/4093/3078 4536/4095/3080 5666/3518/2240 4557/3545/2681
f 1891/4081/3070 1894/4094/3079 1899/4096/3081 1895/4082/3071
f 1895/4082/3071 1899/4096/3081 4533/3443/2628 4532/3438/2623
f 1894/4094/3079 4556/3540/2676 4555/3539/2675 1899/4096/3081
f 1899/4096/3081 4555/3539/2675 5665/3444/2629 4533/3443/2628
f 1900/4097/3082 1904/4098/3083 1905/4099/3084 1901/4100/3085
f 1901/4100/3085 1905/4099/3084 4434/4101/2783 4433/4102/2781
f 1904/4098/3083 4535/4090/3077 4534/4089/3076 1905/4099/3084
f 1905/4099/3084 4534/4089/3076 5629/4092/2705 4434/4101/2783
f 1900/4097/3082 1901/4100/3085 1906/4103/3086 1902/4104/3087
f 1902/4104/3087 1906/4103/3086 4537/4068/3060 4538/4067/3059
f 1901/4100/3085 4433/4102/2781 4432/4105/2780 1906/4103/3086
f 1906/4103/3086 4432/4105/2780 5634/4069/2768 4537/4068/3060
f 1900/4097/3082 1902/4104/3087 1907/4106/3088 1903/4107/3089
f 1903/4107/3089 1907/4106/3088 4560/3523/2240 4559/3515/2240
f 1902/4104/3087 4538/4067/3059 4539/4080/3069 1907/4106/3088
f 1907/4106/3088 4539/4080/3069 5667/3524/2240 4560/3523/2240
f 1900/4097/3082 1903/4107/3089 1908/4108/3090 1904/4098/3083
f 1904/4098/3083 1908/4108/3090 4536/4095/3080 4535/4090/3077
f 1903/4107/3089 4559/3515/2240 4558/3514/2240 1908/4108/3090
f 1908/4108/3090 4558/3514/2240 5666/3518/2240 4536/4095/3080
f 1909/4109/3091 1913/4110/3092 1914/4111/3093 1910/4112/3094
f 1910/4112/3094 1914/4111/3093 5040/4113/3095 5039/4114/3096
f 1913/4110/3092 5102/4115/941 5103/4116/940 1914/4111/3093
f 1914/4111/3093 5103/4116/940 5754/4117/944 5040/4113/3095
f 1909/4109/3091 1910/4112/3094 1915/4118/3097 1911/4119/3098
f 1911/4119/3098 1915/4118/3097 4935/4120/3099 4934/4121/3100
f 1910/4112/3094 5039/4114/3096 5038/4122/3101 1915/4118/3097
f 1915/4118/3097 5038/4122/3101 5739/4123/3102 4935/4120/3099
f 1909/4109/3091 1911/4119/3098 1916/4124/3103 1912/4125/3104
f 1912/4125/3104 1916/4124/3103 4380/4126/3105 4379/4127/3106
f 1911/4119/3098 4934/4121/3100 4933/4128/3107 1916/4124/3103
f 1916/4124/3103 4933/4128/3107 5738/4129/3108 4380/4126/3105
f 1909/4109/3091 1912/4125/3104 1917/4130/3109 1913/4110/3092
f 1913/4110/3092 1917/4130/3109 5101/4131/949 5102/4115/941
f 1912/4125/3104 4379/4127/3106 4378/4132/3110 1917/4130/3109
f 1917/4130/3109 4378/4132/3110 5753/4133/950 5101/4131/949
f 1918/4134/3111 1922/4135/3112 1923/4136/2734 1919/4137/3113
f 1919/4137/3113 1923/4136/2734 4351/3333/2532 4352/3328/2527
f 1922/4135/3112 4343/4138/2240 4344/4139/2240 1923/4136/2734
f 1923/4136/2734 4344/4139/2240 5620/3334/2240 4351/3333/2532
f 1918/4134/3111 1919/4137/3113 1924/4140/3114 1920/4141/3115
f 1920/4141/3115 1924/4140/3114 4350/4142/3116 4349/4143/3117
f 1919/4137/3113 4352/3328/2527 4353/3327/2526 1924/4140/3114
f 1924/4140/3114 4353/3327/2526 5622/3330/2529 4350/4142/3116
f 1918/4134/3111 1920/4141/3115 1925/4144/3118 1921/4145/3119
f 1921/4145/3119 1925/4144/3118 4566/3271/2240 4565/3268/2240
f 1920/4141/3115 4349/4143/3117 4348/4146/3120 1925/4144/3118
f 1925/4144/3118 4348/4146/3120 5664/3171/2240 4566/3271/2240
f 1918/4134/3111 1921/4145/3119 1926/4147/2240 1922/4135/3112
f 1922/4135/3112 1926/4147/2240 4342/4148/2240 4343/4138/2240
f 1921/4145/3119 4565/3268/2240 4564/3267/2240 1926/4147/2240
f 1926/4147/2240 4564/3267/2240 5662/3152/2240 4342/4148/2240
f 1927/4149/3121 1931/4150/3122 1932/4151/3123 1928/4152/3124
f 1928/4152/3124 1932/4151/3123 4354/3354/2548 4355/3350/2544
f 1931/4150/3122 4349/4143/3117 4350/4142/3116 1932/4151/3123
f 1932/4151/3123 4350/4142/3116 5622/3330/2529 4354/3354/2548
f 1927/4149/3121 1928/4152/3124 1933/4153/3125 1929/4154/3126
f 1929/4154/3126 1933/4153/3125 4347/4155/3127 4346/4156/3128
f 1928/4152/3124 4355/3350/2544 4356/3349/2543 1933/4153/3125
f 1933/4153/3125 4356/3349/2543 5621/3352/2546 4347/4155/3127
f 1927/4149/3121 1929/4154/3126 1934/4157/3129 1930/4158/3130
f 1930/4158/3130 1934/4157/3129 4569/3176/2240 4568/3168/2240
f 1929/4154/3126 4346/4156/3128 4345/4159/3131 1934/4157/3129
f 1934/4157/3129 4345/4159/3131 5663/3177/2240 4569/3176/2240
f 1927/4149/3121 1930/4158/3130 1935/4160/3132 1931/4150/3122
f 1931/4150/3122 1935/4160/3132 4348/4146/3120 4349/4143/3117
f 1930/4158/3130 4568/3168/2240 4567/3167/2240 1935/4160/3132
f 1935/4160/3132 4567/3167/2240 5664/3171/2240 4348/4146/3120
f 1936/4161/3133 1940/4162/3134 1941/4163/3135 1937/4164/3136
f 1937/4164/3136 1941/4163/3135 4357/3373/2563 4358/3370/2560
f 1940/4162/3134 4337/4165/3137 4338/4166/3138 1941/4163/3135
f 1941/4163/3135 4338/4166/3138 5617/3374/2564 4357/3373/2563
f 1936/4161/3133 1937/4164/3136 1942/4167/3139 1938/4168/3140
f 1938/4168/3140 1942/4167/3139 4344/4139/2240 4343/4138/2240
f 1937/4164/3136 4358/3370/2560 4359/3369/2559 1942/4167/3139
f 1942/4167/3139 4359/3369/2559 5620/3334/2240 4344/4139/2240
f 1936/4161/3133 1938/4168/3140 1943/4169/3141 1939/4170/3142
f 1939/4170/3142 1943/4169/3141 4572/3151/2388 4571/3143/2380
f 1938/4168/3140 4343/4138/2240 4342/4148/2240 1943/4169/3141
f 1943/4169/3141 4342/4148/2240 5662/3152/2240 4572/3151/2388
f 1936/4161/3133 1939/4170/3142 1944/4171/3143 1940/4162/3134
f 1940/4162/3134 1944/4171/3143 4336/4172/3144 4337/4165/3137
f 1939/4170/3142 4571/3143/2380 4570/3142/2379 1944/4171/3143
f 1944/4171/3143 4570/3142/2379 5659/3146/2383 4336/4172/3144
f 1945/4173/3145 1949/4174/3146 1950/4175/3147 1946/4176/3148
f 1946/4176/3148 1950/4175/3147 4360/3398/2583 4361/3393/2580
f 1949/4174/3146 4670/4177/3149 4671/4178/3150 1950/4175/3147
f 1950/4175/3147 4671/4178/3150 5683/3399/2584 4360/3398/2583
f 1945/4173/3145 1946/4176/3148 1951/4179/3151 1947/4180/3152
f 1947/4180/3152 1951/4179/3151 3384/4181/1009 3383/4182/1007
f 1946/4176/3148 4361/3393/2580 4362/3392/2579 1951/4179/3151
f 1951/4179/3151 4362/3392/2579 5619/3395/390 3384/4181/1009
f 1945/4173/3145 1947/4180/3152 1952/4183/3153 1948/4184/3154
f 1948/4184/3154 1952/4183/3153 4575/3040/2308 4574/3032/2302
f 1947/4180/3152 3383/4182/1007 3382/4185/1006 1952/4183/3153
f 1952/4183/3153 3382/4185/1006 5661/3041/100 4575/3040/2308
f 1945/4173/3145 1948/4184/3154 1953/4186/3155 1949/4174/3146
f 1949/4174/3146 1953/4186/3155 4669/4187/3156 4670/4177/3149
f 1948/4184/3154 4574/3032/2302 4573/3031/2301 1953/4186/3155
f 1953/4186/3155 4573/3031/2301 5700/3035/2305 4669/4187/3156
f 1954/4188/3157 1958/4189/3158 1959/4190/3159 1955/4191/3160
f 1955/4191/3160 1959/4190/3159 4363/3423/2608 4364/3418/2603
f 1958/4189/3158 4820/4192/3161 4821/4193/3162 1959/4190/3159
f 1959/4190/3159 4821/4193/3162 5712/3424/2609 4363/3423/2608
f 1954/4188/3157 1955/4191/3160 1960/4194/3163 1956/4195/3164
f 1956/4195/3164 1960/4194/3163 4341/4196/3165 4340/4197/3166
f 1955/4191/3160 4364/3418/2603 4365/3417/2602 1960/4194/3163
f 1960/4194/3163 4365/3417/2602 5618/3420/2605 4341/4196/3165
f 1954/4188/3157 1956/4195/3164 1961/4198/3167 1957/4199/3168
f 1957/4199/3168 1961/4198/3167 4578/2970/2245 4577/2962/2237
f 1956/4195/3164 4340/4197/3166 4339/4200/3169 1961/4198/3167
f 1961/4198/3167 4339/4200/3169 5660/2971/2246 4578/2970/2245
f 1954/4188/3157 1957/4199/3168 1962/4201/3170 1958/4189/3158
f 1958/4189/3158 1962/4201/3170 4819/4202/3171 4820/4192/3161
f 1957/4199/3168 4577/2962/2237 4576/2961/2236 1962/4201/3170
f 1962/4201/3170 4576/2961/2236 5713/2965/2240 4819/4202/3171
f 1963/4203/3172 1967/4204/3173 1968/4205/3174 1964/4206/3175
f 1964/4206/3175 1968/4205/3174 4615/4207/3176 4616/4208/3177
f 1967/4204/3173 4340/4197/3166 4341/4196/3165 1968/4205/3174
f 1968/4205/3174 4341/4196/3165 5618/3420/2605 4615/4207/3176
f 1963/4203/3172 1964/4206/3175 1969/4209/3178 1965/4210/3179
f 1965/4210/3179 1969/4209/3178 4671/4178/3150 4670/4177/3149
f 1964/4206/3175 4616/4208/3177 4617/4211/3180 1969/4209/3178
f 1969/4209/3178 4617/4211/3180 5683/3399/2584 4671/4178/3150
f 1963/4203/3172 1965/4210/3179 1970/4212/3181 1966/4213/3182
f 1966/4213/3182 1970/4212/3181 4668/4214/3183 4667/4215/3184
f 1965/4210/3179 4670/4177/3149 4669/4187/3156 1970/4212/3181
f 1970/4212/3181 4669/4187/3156 5700/3035/2305 4668/4214/3183
f 1963/4203/3172 1966/4213/3182 1971/4216/3185 1967/4204/3173
f 1967/4204/3173 1971/4216/3185 4339/4200/3169 4340/4197/3166
f 1966/4213/3182 4667/4215/3184 4666/4217/3186 1971/4216/3185
f 1971/4216/3185 4666/4217/3186 5660/2971/2246 4339/4200/3169
f 1972/4218/3187 1976/4219/3188 1977/4220/3189 1973/4221/3190
f 1973/4221/3190 1977/4220/3189 4645/4222/3191 4646/4223/3192
f 1976/4219/3188 3542/1342/1045 3543/1341/1044 1977/4220/3189
f 1977/4220/3189 3543/1341/1044 5648/1345/1048 4645/4222/3191
f 1972/4218/3187 1973/4221/3190 1978/4224/3193 1974/4225/3194
f 1974/4225/3194 1978/4224/3193 4674/4226/3048 4673/4227/3047
f 1973/4221/3190 4646/4223/3192 4647/4228/3195 1978/4224/3193
f 1978/4224/3193 4647/4228/3195 5693/4229/2880 4674/4226/3048
f 1972/4218/3187 1974/4225/3194 1979/4230/3196 1975/4231/3197
f 1975/4231/3197 1979/4230/3196 4665/4232/3198 4664/4233/3199
f 1974/4225/3194 4673/4227/3047 4672/4234/3054 1979/4230/3196
f 1979/4230/3196 4672/4234/3054 5699/4235/2849 4665/4232/3198
f 1972/4218/3187 1975/4231/3197 1980/4236/3200 1976/4219/3188
f 1976/4219/3188 1980/4236/3200 3541/1350/1053 3542/1342/1045
f 1975/4231/3197 4664/4233/3199 4663/4237/3201 1980/4236/3200
f 1980/4236/3200 4663/4237/3201 5670/1351/1054 3541/1350/1053
f 1981/4238/3202 1985/4239/3203 1986/4240/3204 1982/4241/3205
f 1982/4241/3205 1986/4240/3204 4513/4242/3029 4514/4243/3024
f 1985/4239/3203 4856/4244/3206 4857/4245/3207 1986/4240/3204
f 1986/4240/3204 4857/4245/3207 5721/4246/3030 4513/4242/3029
f 1981/4238/3202 1982/4241/3205 1987/4247/3208 1983/4248/3209
f 1983/4248/3209 1987/4247/3208 4654/4249/3210 4655/4250/3211
f 1982/4241/3205 4514/4243/3024 4515/4251/3023 1987/4247/3208
f 1987/4247/3208 4515/4251/3023 5641/4252/3026 4654/4249/3210
f 1981/4238/3202 1983/4248/3209 1988/4253/3212 1984/4254/3213
f 1984/4254/3213 1988/4253/3212 4677/4026/875 4676/4018/872
f 1983/4248/3209 4655/4250/3211 4656/4255/3214 1988/4253/3212
f 1988/4253/3212 4656/4255/3214 5696/4027/812 4677/4026/875
f 1981/4238/3202 1984/4254/3213 1989/4256/3215 1985/4239/3203
f 1985/4239/3203 1989/4256/3215 4855/4257/3216 4856/4244/3206
f 1984/4254/3213 4676/4018/872 4675/4017/873 1989/4256/3215
f 1989/4256/3215 4675/4017/873 5722/4021/874 4855/4257/3216
f 1990/4258/3217 1994/4259/3218 1995/4260/3219 1991/4261/3220
f 1991/4261/3220 1995/4260/3219 4504/4262/3221 4505/4263/3222
f 1994/4259/3218 4904/4264/3223 4905/4265/3224 1995/4260/3219
f 1995/4260/3219 4905/4265/3224 5729/4266/2923 4504/4262/3221
f 1990/4258/3217 1991/4261/3220 1996/4267/3225 1992/4268/3226
f 1992/4268/3226 1996/4267/3225 4660/4269/2951 4661/4270/2944
f 1991/4261/3220 4505/4263/3222 4506/4271/3227 1996/4267/3225
f 1996/4267/3225 4506/4271/3227 5655/4272/2952 4660/4269/2951
f 1990/4258/3217 1992/4268/3226 1997/4273/3228 1993/4274/3229
f 1993/4274/3229 1997/4273/3228 4680/3986/3005 4679/3978/2997
f 1992/4268/3226 4661/4270/2944 4662/4275/2943 1997/4273/3228
f 1997/4273/3228 4662/4275/2943 5698/3987/2946 4680/3986/3005
f 1990/4258/3217 1993/4274/3229 1998/4276/3230 1994/4259/3218
f 1994/4259/3218 1998/4276/3230 4903/4277/3231 4904/4264/3223
f 1993/4274/3229 4679/3978/2997 4678/3977/2996 1998/4276/3230
f 1998/4276/3230 4678/3977/2996 5732/3981/3000 4903/4277/3231
f 1999/4278/3232 2003/4279/3233 2004/4280/3234 2000/4281/3235
f 2000/4281/3235 2004/4280/3234 4498/4282/3025 4499/4283/3020
f 2003/4279/3233 4655/4284/3211 4654/4285/3210 2004/4280/3234
f 2004/4280/3234 4654/4285/3210 5641/4286/3026 4498/4282/3025
f 1999/4278/3232 2000/4281/3235 2005/4287/3236 2001/4288/3237
f 2001/4288/3237 2005/4287/3236 4657/4289/3238 4658/4290/3239
f 2000/4281/3235 4499/4283/3020 4500/4291/3019 2005/4287/3236
f 2005/4287/3236 4500/4291/3019 5656/4292/2929 4657/4289/3238
f 1999/4278/3232 2001/4288/3237 2006/4293/3240 2002/4294/3241
f 2002/4294/3241 2006/4293/3240 4683/3966/2987 4682/3958/2982
f 2001/4288/3237 4658/4290/3239 4659/4295/3242 2006/4293/3240
f 2006/4293/3240 4659/4295/3242 5697/3967/2988 4683/3966/2987
f 1999/4278/3232 2002/4294/3241 2007/4296/3243 2003/4279/3233
f 2003/4279/3233 2007/4296/3243 4656/4297/3214 4655/4284/3211
f 2002/4294/3241 4682/3958/2982 4681/3957/2981 2007/4296/3243
f 2007/4296/3243 4681/3957/2981 5696/3961/812 4656/4297/3214
f 2008/4298/3244 2012/4299/3245 2013/4300/3246 2009/4301/3247
f 2009/4301/3247 2013/4300/3246 3525/1428/1109 3524/1427/1108
f 2012/4299/3245 4466/4302/3248 4467/4303/3249 2013/4300/3246
f 2013/4300/3246 4467/4303/3249 5645/1429/1110 3525/1428/1109
f 2008/4298/3244 2009/4301/3247 2014/4304/3250 2010/4305/3251
f 2010/4305/3251 2014/4304/3250 4488/4306/3252 4487/4307/3253
f 2009/4301/3247 3524/1427/1108 3523/1438/1119 2014/4304/3250
f 2014/4304/3250 3523/1438/1119 5653/1440/1121 4488/4306/3252
f 2008/4298/3244 2010/4305/3251 2015/4308/3254 2011/4309/3255
f 2011/4309/3255 2015/4308/3254 4686/3941/2967 4685/3933/2962
f 2010/4305/3251 4487/4307/3253 4486/4310/3256 2015/4308/3254
f 2015/4308/3254 4486/4310/3256 5695/3942/2968 4686/3941/2967
f 2008/4298/3244 2011/4309/3255 2016/4311/3257 2012/4299/3245
f 2012/4299/3245 2016/4311/3257 4465/4312/3258 4466/4302/3248
f 2011/4309/3255 4685/3933/2962 4684/3932/2961 2016/4311/3257
f 2016/4311/3257 4684/3932/2961 5692/3936/2869 4465/4312/3258
f 2017/4313/3259 2021/4314/3260 2022/4315/3261 2018/4316/3262
f 2018/4316/3262 2022/4315/3261 4444/4317/2911 4445/4318/2907
f 2021/4314/3260 4634/4319/3263 4633/4320/3264 2022/4315/3261
f 2022/4315/3261 4633/4320/3264 5633/4321/2743 4444/4317/2911
f 2017/4313/3259 2018/4316/3262 2023/4322/3265 2019/4323/3266
f 2019/4323/3266 2023/4322/3265 4648/4324/3267 4649/4325/3268
f 2018/4316/3262 4445/4318/2907 4446/4326/2906 2023/4322/3265
f 2023/4322/3265 4446/4326/2906 5649/4327/2909 4648/4324/3267
f 2017/4313/3259 2019/4323/3266 2024/4328/3269 2020/4329/3270
f 2020/4329/3270 2024/4328/3269 4689/3921/786 4688/3913/784
f 2019/4323/3266 4649/4325/3268 4650/4330/3271 2024/4328/3269
f 2024/4328/3269 4650/4330/3271 5694/3922/787 4689/3921/786
f 2017/4313/3259 2020/4329/3270 2025/4331/3272 2021/4314/3260
f 2021/4314/3260 2025/4331/3272 4635/4332/3273 4634/4319/3263
f 2020/4329/3270 4688/3913/784 4687/3912/785 2025/4331/3272
f 2025/4331/3272 4687/3912/785 5689/3916/489 4635/4332/3273
f 2026/4333/3274 2030/4334/3275 2031/4335/3276 2027/4336/3277
f 2027/4336/3277 2031/4335/3276 3954/1468/1144 3953/1467/1143
f 2030/4334/3275 4853/4337/3278 4854/4338/3279 2031/4335/3276
f 2031/4335/3276 4854/4338/3279 5719/1469/1145 3954/1468/1144
f 2026/4333/3274 2027/4336/3277 2032/4339/3280 2028/4340/3281
f 2028/4340/3281 2032/4339/3280 4509/4341/3008 4508/4342/3004
f 2027/4336/3277 3953/1467/1143 3952/1478/1152 2032/4339/3280
f 2032/4339/3280 3952/1478/1152 5658/1480/848 4509/4341/3008
f 2026/4333/3274 2028/4340/3281 2033/4343/3282 2029/4344/3283
f 2029/4344/3283 2033/4343/3282 4692/3896/2945 4691/3888/2937
f 2028/4340/3281 4508/4342/3004 4507/4345/3003 2033/4343/3282
f 2033/4343/3282 4507/4345/3003 5698/3897/2946 4692/3896/2945
f 2026/4333/3274 2029/4344/3283 2034/4346/3284 2030/4334/3275
f 2030/4334/3275 2034/4346/3284 4852/4347/3285 4853/4337/3278
f 2029/4344/3283 4691/3888/2937 4690/3887/2936 2034/4346/3284
f 2034/4346/3284 4690/3887/2936 5723/3891/2940 4852/4347/3285
f 2035/4348/3286 2039/4349/3287 2040/4350/3288 2036/4351/3289
f 2036/4351/3289 2040/4350/3288 4467/4303/3249 4466/4302/3248
f 2039/4349/3287 3536/1486/1158 3537/1485/1157 2040/4350/3288
f 2040/4350/3288 3537/1485/1157 5645/1429/1110 4467/4303/3249
f 2035/4348/3286 2036/4351/3289 2041/4352/3290 2037/4353/3291
f 2037/4353/3291 2041/4352/3290 4695/4354/2868 4694/4355/2867
f 2036/4351/3289 4466/4302/3248 4465/4312/3258 2041/4352/3290
f 2041/4352/3290 4465/4312/3258 5692/3936/2869 4695/4354/2868
f 2035/4348/3286 2037/4353/3291 2042/4356/3292 2038/4357/3293
f 2038/4357/3293 2042/4356/3292 4647/4228/3195 4646/4223/3192
f 2037/4353/3291 4694/4355/2867 4693/4358/2878 2042/4356/3292
f 2042/4356/3292 4693/4358/2878 5693/4229/2880 4647/4228/3195
f 2035/4348/3286 2038/4357/3293 2043/4359/3294 2039/4349/3287
f 2039/4349/3287 2043/4359/3294 3535/1489/1161 3536/1486/1158
f 2038/4357/3293 4646/4223/3192 4645/4222/3191 2043/4359/3294
f 2043/4359/3294 4645/4222/3191 5648/1345/1048 3535/1489/1161
f 2044/4360/3295 2048/4361/3296 2049/4362/3297 2045/4363/3298
f 2045/4363/3298 2049/4362/3297 4663/4237/3201 4664/4233/3199
f 2048/4361/3296 3641/1498/1170 3642/1497/1169 2049/4362/3297
f 2049/4362/3297 3642/1497/1169 5670/1351/1054 4663/4237/3201
f 2044/4360/3295 2045/4363/3298 2050/4364/3299 2046/4365/3300
f 2046/4365/3300 2050/4364/3299 4698/4366/2848 4697/4367/2847
f 2045/4363/3298 4664/4233/3199 4665/4232/3198 2050/4364/3299
f 2050/4364/3299 4665/4232/3198 5699/4235/2849 4698/4366/2848
f 2044/4360/3295 2046/4365/3300 2051/4368/3301 2047/4369/3302
f 2047/4369/3302 2051/4368/3301 4641/4370/3303 4640/4371/3304
f 2046/4365/3300 4697/4367/2847 4696/4372/2860 2051/4368/3301
f 2051/4368/3301 4696/4372/2860 5691/4373/2830 4641/4370/3303
f 2044/4360/3295 2047/4369/3302 2052/4374/3305 2048/4361/3296
f 2048/4361/3296 2052/4374/3305 3640/1503/1175 3641/1498/1170
f 2047/4369/3302 4640/4371/3304 4639/4375/3306 2052/4374/3305
f 2052/4374/3305 4639/4375/3306 5646/1504/1176 3640/1503/1175
f 2053/4376/3307 2057/4377/3308 2058/4378/3309 2054/4379/3310
f 2054/4379/3310 2058/4378/3309 3996/1520/1188 3995/1519/1187
f 2057/4377/3308 4901/4380/3311 4902/4381/3312 2058/4378/3309
f 2058/4378/3309 4902/4381/3312 5727/1521/1189 3996/1520/1188
f 2053/4376/3307 2054/4379/3310 2059/4382/3313 2055/4383/3314
f 2055/4383/3314 2059/4382/3313 4639/4384/3306 4640/4385/3304
f 2054/4379/3310 3995/1519/1187 3994/1530/1196 2059/4382/3313
f 2059/4382/3313 3994/1530/1196 5646/1532/1176 4639/4384/3306
f 2053/4376/3307 2055/4383/3314 2060/4386/3315 2056/4387/3316
f 2056/4387/3316 2060/4386/3315 4701/3727/2829 4700/3719/2821
f 2055/4383/3314 4640/4385/3304 4641/4388/3303 2060/4386/3315
f 2060/4386/3315 4641/4388/3303 5691/3728/2830 4701/3727/2829
f 2053/4376/3307 2056/4387/3316 2061/4389/3317 2057/4377/3308
f 2057/4377/3308 2061/4389/3317 4900/4390/3318 4901/4380/3311
f 2056/4387/3316 4700/3719/2821 4699/3718/2820 2061/4389/3317
f 2061/4389/3317 4699/3718/2820 5733/3722/2824 4900/4390/3318
f 2062/4391/3319 2066/4392/3320 2067/4393/3321 2063/4394/3322
f 2063/4394/3322 2067/4393/3321 3498/1540/1202 3497/1539/1201
f 2066/4392/3320 4625/4395/535 4624/4396/535 2067/4393/3321
f 2067/4393/3321 4624/4396/535 5631/1541/535 3498/1540/1202
f 2062/4391/3319 2063/4394/3322 2068/4397/3323 2064/4398/3324
f 2064/4398/3324 2068/4397/3323 4630/4399/3325 4631/4400/3326
f 2063/4394/3322 3497/1539/1201 3496/1550/1210 2068/4397/3323
f 2068/4397/3323 3496/1550/1210 5636/1552/1212 4630/4399/3325
f 2062/4391/3319 2064/4398/3324 2069/4401/3327 2065/4402/3328
f 2065/4402/3328 2069/4401/3327 4704/3670/2777 4703/3667/2774
f 2064/4398/3324 4631/4400/3326 4632/4403/3329 2069/4401/3327
f 2069/4401/3327 4632/4403/3329 5688/3645/2752 4704/3670/2777
f 2062/4391/3319 2065/4402/3328 2070/4404/3330 2066/4392/3320
f 2066/4392/3320 2070/4404/3330 4626/4405/535 4625/4395/535
f 2065/4402/3328 4703/3667/2774 4702/3666/2773 2070/4404/3330
f 2070/4404/3330 4702/3666/2773 5686/3582/535 4626/4405/535
f 2071/4406/3331 2075/4407/3332 2076/4408/3333 2072/4409/3334
f 2072/4409/3334 2076/4408/3333 3522/1558/1218 3521/1557/1217
f 2075/4407/3332 4631/4400/3326 4630/4399/3325 2076/4408/3333
f 2076/4408/3333 4630/4399/3325 5636/1552/1212 3522/1558/1218
f 2071/4406/3331 2072/4409/3334 2077/4410/3335 2073/4411/3336
f 2073/4411/3336 2077/4410/3335 4636/4412/3337 4637/4413/3338
f 2072/4409/3334 3521/1557/1217 3520/1566/1226 2077/4410/3335
f 2077/4410/3335 3520/1566/1226 5642/1568/1228 4636/4412/3337
f 2071/4406/3331 2073/4411/3336 2078/4414/3339 2074/4415/3340
f 2074/4415/3340 2078/4414/3339 4707/3650/2757 4706/3642/2749
f 2073/4411/3336 4637/4413/3338 4638/4416/3341 2078/4414/3339
f 2078/4414/3339 4638/4416/3341 5690/3651/2758 4707/3650/2757
f 2071/4406/3331 2074/4415/3340 2079/4417/3342 2075/4407/3332
f 2075/4407/3332 2079/4417/3342 4632/4403/3329 4631/4400/3326
f 2074/4415/3340 4706/3642/2749 4705/3641/2748 2079/4417/3342
f 2079/4417/3342 4705/3641/2748 5688/3645/2752 4632/4403/3329
f 2080/4418/519 2084/4419/520 2085/4420/520 2081/4421/519
f 2081/4421/519 2085/4420/520 3465/1574/520 3464/1573/519
f 2084/4419/520 4619/2952/5 4618/2951/5 2085/4420/520
f 2085/4420/520 4618/2951/5 5626/21/5 3465/1574/520
f 2080/4418/519 2081/4421/519 2086/4422/533 2082/4423/533
f 2082/4423/533 2086/4422/533 4624/4396/535 4625/4395/535
f 2081/4421/519 3464/1573/519 3463/1580/533 2086/4422/533
f 2086/4422/533 3463/1580/533 5631/1541/535 4624/4396/535
f 2080/4418/519 2082/4423/533 2087/4424/533 2083/4425/519
f 2083/4425/519 2087/4424/533 4710/3581/533 4709/3574/519
f 2082/4423/533 4625/4395/535 4626/4405/535 2087/4424/533
f 2087/4424/533 4626/4405/535 5686/3582/535 4710/3581/533
f 2080/4418/519 2083/4425/519 2088/4426/520 2084/4419/520
f 2084/4419/520 2088/4426/520 4620/2955/5 4619/2952/5
f 2083/4425/519 4709/3574/519 4708/3573/520 2088/4426/520
f 2088/4426/520 4708/3573/520 5684/2956/5 4620/2955/5
f 2089/4427/3343 2093/4428/3344 2094/4429/3345 2090/4430/3346
f 2090/4430/3346 2094/4429/3345 4410/4431/2727 4409/4432/2722
f 2093/4428/3344 4622/3483/2666 4621/3482/2665 2094/4429/3345
f 2094/4429/3345 4621/3482/2665 5623/3485/2668 4410/4431/2727
f 2089/4427/3343 2090/4430/3346 2095/4433/3347 2091/4434/3348
f 2091/4434/3348 2095/4433/3347 4627/4435/3349 4628/4436/3350
f 2090/4430/3346 4409/4432/2722 4408/4437/2721 2095/4433/3347
f 2095/4433/3347 4408/4437/2721 5628/4438/2724 4627/4435/3349
f 2089/4427/3343 2091/4434/3348 2096/4439/3351 2092/4440/3352
f 2092/4440/3352 2096/4439/3351 4713/3564/512 4712/3559/509
f 2091/4434/3348 4628/4436/3350 4629/4441/3353 2096/4439/3351
f 2096/4439/3351 4629/4441/3353 5687/3498/487 4713/3564/512
f 2089/4427/3343 2092/4440/3352 2097/4442/3354 2093/4428/3344
f 2093/4428/3344 2097/4442/3354 4623/3488/2670 4622/3483/2666
f 2092/4440/3352 4712/3559/509 4711/3558/510 2097/4442/3354
f 2097/4442/3354 4711/3558/510 5685/3489/476 4623/3488/2670
f 2098/4443/3355 2102/4444/3356 2103/4445/3357 2099/4446/3358
f 2099/4446/3358 2103/4445/3357 4437/4447/2795 4436/4448/2793
f 2102/4444/3356 4628/4436/3350 4627/4435/3349 2103/4445/3357
f 2103/4445/3357 4627/4435/3349 5628/4438/2724 4437/4447/2795
f 2098/4443/3355 2099/4446/3358 2104/4449/3359 2100/4450/3360
f 2100/4450/3360 2104/4449/3359 4633/4451/3264 4634/4452/3263
f 2099/4446/3358 4436/4448/2793 4435/4453/2792 2104/4449/3359
f 2104/4449/3359 4435/4453/2792 5633/4454/2743 4633/4451/3264
f 2098/4443/3355 2100/4450/3360 2105/4455/3361 2101/4456/3362
f 2101/4456/3362 2105/4455/3361 4716/3503/488 4715/3495/485
f 2100/4450/3360 4634/4452/3263 4635/4457/3273 2105/4455/3361
f 2105/4455/3361 4635/4457/3273 5689/3504/489 4716/3503/488
f 2098/4443/3355 2101/4456/3362 2106/4458/3363 2102/4444/3356
f 2102/4444/3356 2106/4458/3363 4629/4441/3353 4628/4436/3350
f 2101/4456/3362 4715/3495/485 4714/3494/486 2106/4458/3363
f 2106/4458/3363 4714/3494/486 5687/3498/487 4629/4441/3353
f 2107/4459/470 2111/4460/470 2112/4461/469 2108/4462/469
f 2108/4462/469 2112/4461/469 4272/4463/134 4271/4464/134
f 2111/4460/470 3434/1618/470 3433/1617/469 2112/4461/469
f 2112/4461/469 3433/1617/469 5597/1621/134 4272/4463/134
f 2107/4459/470 2108/4462/469 2113/4465/469 2109/4466/470
f 2109/4466/470 2113/4465/469 4719/3475/469 4718/3474/470
f 2108/4462/469 4271/4464/134 4270/4467/134 2113/4465/469
f 2113/4465/469 4270/4467/134 5673/3096/134 4719/3475/469
f 2107/4459/470 2109/4466/470 2114/4468/475 2110/4469/475
f 2110/4469/475 2114/4468/475 4375/3561/476 4376/3560/476
f 2109/4466/470 4718/3474/470 4717/3487/475 2114/4468/475
f 2114/4468/475 4717/3487/475 5685/3489/476 4375/3561/476
f 2107/4459/470 2110/4469/475 2115/4470/475 2111/4460/470
f 2111/4460/470 2115/4470/475 3435/1624/475 3434/1618/470
f 2110/4469/475 4376/3560/476 4377/3568/511 2115/4470/475
f 2115/4470/475 4377/3568/511 5625/658/511 3435/1624/475
f 2116/4471/3364 2120/4472/3365 2121/4473/3366 2117/4474/3367
f 2117/4474/3367 2121/4473/3366 4269/4475/3368 4268/4476/3369
f 2120/4472/3365 4265/3412/2597 4266/3411/2596 2121/4473/3366
f 2121/4473/3366 4266/3411/2596 5593/3414/2599 4269/4475/3368
f 2116/4471/3364 2117/4474/3367 2122/4477/3370 2118/4478/3371
f 2118/4478/3371 2122/4477/3370 4722/3382/2572 4721/3381/2571
f 2117/4474/3367 4268/4476/3369 4267/4479/3372 2122/4477/3370
f 2122/4477/3370 4267/4479/3372 5672/3383/2573 4722/3382/2572
f 2116/4471/3364 2118/4478/3371 2123/4480/3373 2119/4481/3374
f 2119/4481/3374 2123/4480/3373 4617/4211/3180 4616/4208/3177
f 2118/4478/3371 4721/3381/2571 4720/3397/2582 2123/4480/3373
f 2123/4480/3373 4720/3397/2582 5683/3399/2584 4617/4211/3180
f 2116/4471/3364 2119/4481/3374 2124/4482/3375 2120/4472/3365
f 2120/4472/3365 2124/4482/3375 4264/3419/2604 4265/3412/2597
f 2119/4481/3374 4616/4208/3177 4615/4207/3176 2124/4482/3375
f 2124/4482/3375 4615/4207/3176 5618/3420/2605 4264/3419/2604
f 2125/4483/3376 2129/4484/3377 2130/4485/3378 2126/4486/3379
f 2126/4486/3379 2130/4485/3378 4324/4487/2498 4325/4488/2496
f 2129/4484/3377 4289/4489/3380 4290/4490/3381 2130/4485/3378
f 2130/4485/3378 4290/4490/3381 5603/4491/2394 4324/4487/2498
f 2125/4483/3376 2126/4486/3379 2131/4492/3382 2127/4493/3383
f 2127/4493/3383 2131/4492/3382 4335/4494/3384 4334/4495/3385
f 2126/4486/3379 4325/4488/2496 4326/4496/2495 2131/4492/3382
f 2131/4492/3382 4326/4496/2495 5614/4497/2418 4335/4494/3384
f 2125/4483/3376 2127/4493/3383 2132/4498/3386 2128/4499/3387
f 2128/4499/3387 2132/4498/3386 4725/3306/318 4724/3303/316
f 2127/4493/3383 4334/4495/3385 4333/4500/3388 2132/4498/3386
f 2132/4498/3386 4333/4500/3388 5682/3076/2317 4725/3306/318
f 2125/4483/3376 2128/4499/3387 2133/4501/3389 2129/4484/3377
f 2129/4484/3377 2133/4501/3389 4288/4502/3390 4289/4489/3380
f 2128/4499/3387 4724/3303/316 4723/3302/317 2133/4501/3389
f 2133/4501/3389 4723/3302/317 5675/3063/104 4288/4502/3390
f 2134/4503/3391 2138/4504/2503 2139/4505/3392 2135/4506/3393
f 2135/4506/3393 2139/4505/3392 3364/1668/1282 3365/1667/1281
f 2138/4504/2503 4295/4507/3394 4296/4508/3394 2139/4505/3392
f 2139/4505/3392 4296/4508/3394 5607/1669/1283 3364/1668/1282
f 2134/4503/3391 2135/4506/3393 2140/4509/3395 2136/4510/3396
f 2136/4510/3396 2140/4509/3395 4332/4511/3397 4331/4512/2358
f 2135/4506/3393 3365/1667/1281 3366/1678/1289 2140/4509/3395
f 2140/4509/3395 3366/1678/1289 5616/1680/1291 4332/4511/3397
f 2134/4503/3391 2136/4510/3396 2141/4513/3398 2137/4514/3399
f 2137/4514/3399 2141/4513/3398 4728/3289/2507 4727/3283/2504
f 2136/4510/3396 4331/4512/2358 4330/4515/3400 2141/4513/3398
f 2141/4513/3398 4330/4515/3400 5681/3121/2358 4728/3289/2507
f 2134/4503/3391 2137/4514/3399 2142/4516/2503 2138/4504/2503
f 2138/4504/2503 2142/4516/2503 4294/4517/2339 4295/4507/3394
f 2137/4514/3399 4727/3283/2504 4726/3282/2503 2142/4516/2503
f 2142/4516/2503 4726/3282/2503 5677/3286/2339 4294/4517/2339
f 2143/4518/3401 2147/4519/3402 2148/4520/3403 2144/4521/3404
f 2144/4521/3404 2148/4520/3403 3867/1688/1297 3866/1687/1296
f 2147/4519/3402 4775/4522/272 4776/4523/272 2148/4520/3403
f 2148/4520/3403 4776/4523/272 5704/1689/272 3867/1688/1297
f 2143/4518/3401 2144/4521/3404 2149/4524/3405 2145/4525/3406
f 2145/4525/3406 2149/4524/3405 4314/4526/3407 4313/4527/3408
f 2144/4521/3404 3866/1687/1296 3865/1698/1305 2149/4524/3405
f 2149/4524/3405 3865/1698/1305 5612/1700/1307 4314/4526/3407
f 2143/4518/3401 2145/4525/3406 2150/4528/3409 2146/4529/3410
f 2146/4529/3410 2150/4528/3409 4731/3251/2475 4730/3243/2468
f 2145/4525/3406 4313/4527/3408 4312/4530/3411 2150/4528/3409
f 2150/4528/3409 4312/4530/3411 5680/3252/2476 4731/3251/2475
f 2143/4518/3401 2146/4529/3410 2151/4531/3412 2147/4519/3402
f 2147/4519/3402 2151/4531/3412 4774/4532/272 4775/4522/272
f 2146/4529/3410 4730/3243/2468 4729/3242/2467 2151/4531/3412
f 2151/4531/3412 4729/3242/2467 5705/3246/272 4774/4532/272
f 2152/4533/3413 2156/4534/3414 2157/4535/3415 2153/4536/3416
f 2153/4536/3416 2157/4535/3415 3337/1708/1315 3338/1707/1314
f 2156/4534/3414 4817/4537/3417 4818/4538/3418 2157/4535/3415
f 2157/4535/3415 4818/4538/3418 5710/1709/1316 3337/1708/1315
f 2152/4533/3413 2153/4536/3416 2158/4539/3419 2154/4540/3420
f 2154/4540/3420 2158/4539/3419 4603/4541/2274 4604/4542/2269
f 2153/4536/3416 3338/1707/1314 3339/1718/1323 2158/4539/3419
f 2158/4539/3419 3339/1718/1323 5610/1720/51 4603/4541/2274
f 2152/4533/3413 2154/4540/3420 2159/4543/3421 2155/4544/3422
f 2155/4544/3422 2159/4543/3421 4734/3201/2432 4733/3193/2424
f 2154/4540/3420 4604/4542/2269 4605/4545/2268 2159/4543/3421
f 2159/4543/3421 4605/4545/2268 5679/3202/2271 4734/3201/2432
f 2152/4533/3413 2155/4544/3422 2160/4546/3423 2156/4534/3414
f 2156/4534/3414 2160/4546/3423 4816/4547/3424 4817/4537/3417
f 2155/4544/3422 4733/3193/2424 4732/3192/2423 2160/4546/3423
f 2160/4546/3423 4732/3192/2423 5714/3196/2427 4816/4547/3424
f 2161/4548/3425 2165/4549/3426 2166/4550/3427 2162/4551/3428
f 2162/4551/3428 2166/4550/3427 3313/1726/1329 3314/1725/1328
f 2165/4549/3426 4331/4512/2358 4332/4511/3397 2166/4550/3427
f 2166/4550/3427 4332/4511/3397 5616/1680/1291 3313/1726/1329
f 2161/4548/3425 2162/4551/3428 2167/4552/3429 2163/4553/3430
f 2163/4553/3430 2167/4552/3429 4299/4554/3431 4298/4555/3432
f 2162/4551/3428 3314/1725/1328 3315/1734/1337 2167/4552/3429
f 2167/4552/3429 3315/1734/1337 5608/1736/1339 4299/4554/3431
f 2161/4548/3425 2163/4553/3430 2168/4556/3433 2164/4557/3434
f 2164/4557/3434 2168/4556/3433 4737/3126/2363 4736/3118/2355
f 2163/4553/3430 4298/4555/3432 4297/4558/3435 2168/4556/3433
f 2168/4556/3433 4297/4558/3435 5678/3127/2364 4737/3126/2363
f 2161/4548/3425 2164/4557/3434 2169/4559/3436 2165/4549/3426
f 2165/4549/3426 2169/4559/3436 4330/4515/3400 4331/4512/2358
f 2164/4557/3434 4736/3118/2355 4735/3117/2354 2169/4559/3436
f 2169/4559/3436 4735/3117/2354 5681/3121/2358 4330/4515/3400
f 2170/4560/132 2174/4561/133 2175/4562/133 2171/4563/132
f 2171/4563/132 2175/4562/133 3310/1742/133 3311/1741/132
f 2174/4561/133 4271/4464/134 4272/4463/134 2175/4562/133
f 2175/4562/133 4272/4463/134 5597/1621/134 3310/1742/133
f 2170/4560/132 2171/4563/132 2176/4564/1340 2172/4565/2338
f 2172/4565/2338 2176/4564/1340 4296/4566/3394 4295/4567/3394
f 2171/4563/132 3311/1741/132 3312/1750/1340 2176/4564/1340
f 2176/4564/1340 3312/1750/1340 5607/1752/1283 4296/4566/3394
f 2170/4560/132 2172/4565/2338 2177/4568/2338 2173/4569/132
f 2173/4569/132 2177/4568/2338 4740/3101/2338 4739/3093/132
f 2172/4565/2338 4295/4567/3394 4294/4570/2339 2177/4568/2338
f 2177/4568/2338 4294/4570/2339 5677/3102/2339 4740/3101/2338
f 2170/4560/132 2173/4569/132 2178/4571/133 2174/4561/133
f 2174/4561/133 2178/4571/133 4270/4467/134 4271/4464/134
f 2173/4569/132 4739/3093/132 4738/3092/133 2178/4571/133
f 2178/4571/133 4738/3092/133 5673/3096/134 4270/4467/134
f 2179/4572/3437 2183/4573/3438 2184/4574/3439 2180/4575/3440
f 2180/4575/3440 2184/4574/3439 4285/4576/2417 4286/4577/2412
f 2183/4573/3438 4334/4495/3385 4335/4494/3384 2184/4574/3439
f 2184/4574/3439 4335/4494/3384 5614/4497/2418 4285/4576/2417
f 2179/4572/3437 2180/4575/3440 2185/4578/3441 2181/4579/3442
f 2181/4579/3442 2185/4578/3441 4293/4580/3443 4292/4581/3444
f 2180/4575/3440 4286/4577/2412 4287/4582/2411 2185/4578/3441
f 2185/4578/3441 4287/4582/2411 5604/4583/2414 4293/4580/3443
f 2179/4572/3437 2181/4579/3442 2186/4584/3445 2182/4585/3446
f 2182/4585/3446 2186/4584/3445 4743/3081/2322 4742/3073/2316
f 2181/4579/3442 4292/4581/3444 4291/4586/3447 2186/4584/3445
f 2186/4584/3445 4291/4586/3447 5676/3082/2323 4743/3081/2322
f 2179/4572/3437 2182/4585/3446 2187/4587/3448 2183/4573/3438
f 2183/4573/3438 2187/4587/3448 4333/4500/3388 4334/4495/3385
f 2182/4585/3446 4742/3073/2316 4741/3072/2315 2187/4587/3448
f 2187/4587/3448 4741/3072/2315 5682/3076/2317 4333/4500/3388
f 2188/4588/3449 2192/4589/3450 2193/4590/3451 2189/4591/3452
f 2189/4591/3452 2193/4590/3451 4282/4592/2397 4283/4593/2392
f 2192/4589/3450 4253/4594/3453 4254/4595/3454 2193/4590/3451
f 2193/4590/3451 4254/4595/3454 5596/4596/2398 4282/4592/2397
f 2188/4588/3449 2189/4591/3452 2194/4597/3455 2190/4598/3456
f 2190/4598/3456 2194/4597/3455 4290/4490/3381 4289/4489/3380
f 2189/4591/3452 4283/4593/2392 4284/4599/2391 2194/4597/3455
f 2194/4597/3455 4284/4599/2391 5603/4491/2394 4290/4490/3381
f 2188/4588/3449 2190/4598/3456 2195/4600/3457 2191/4601/3458
f 2191/4601/3458 2195/4600/3457 4746/3062/103 4745/3057/101
f 2190/4598/3456 4289/4489/3380 4288/4502/3390 2195/4600/3457
f 2195/4600/3457 4288/4502/3390 5675/3063/104 4746/3062/103
f 2188/4588/3449 2191/4601/3458 2196/4602/3459 2192/4589/3450
f 2192/4589/3450 2196/4602/3459 4252/4603/3460 4253/4594/3453
f 2191/4601/3458 4745/3057/101 4744/3056/102 2196/4602/3459
f 2196/4602/3459 4744/3056/102 5671/2945/3 4252/4603/3460
f 2197/4604/3461 2201/4605/3462 2202/4606/3463 2198/4607/3464
f 2198/4607/3464 2202/4606/3463 4666/4217/3186 4667/4215/3184
f 2201/4605/3462 4520/2969/2244 4521/2968/2243 2202/4606/3463
f 2202/4606/3463 4521/2968/2243 5660/2971/2246 4666/4217/3186
f 2197/4604/3461 2198/4607/3464 2203/4608/3465 2199/4609/3466
f 2199/4609/3466 2203/4608/3465 4749/3034/2304 4748/3033/2303
f 2198/4607/3464 4667/4215/3184 4668/4214/3183 2203/4608/3465
f 2203/4608/3465 4668/4214/3183 5700/3035/2305 4749/3034/2304
f 2197/4604/3461 2199/4609/3466 2204/4610/3467 2200/4611/3468
f 2200/4611/3468 2204/4610/3467 4590/4612/3469 4589/4613/3470
f 2199/4609/3466 4748/3033/2303 4747/3049/2312 2204/4610/3467
f 2204/4610/3467 4747/3049/2312 5674/3051/2291 4590/4612/3469
f 2197/4604/3461 2200/4611/3468 2205/4614/3471 2201/4605/3462
f 2201/4605/3462 2205/4614/3471 4519/2976/2251 4520/2969/2244
f 2200/4611/3468 4589/4613/3470 4588/4615/3472 2205/4614/3471
f 2205/4614/3471 4588/4615/3472 5594/2977/2252 4519/2976/2251
f 2206/4616/3473 2210/4617/3474 2211/4618/3475 2207/4619/3476
f 2207/4619/3476 2211/4618/3475 4261/4620/2255 4262/4621/2250
f 2210/4617/3474 4814/4622/3477 4815/4623/3478 2211/4618/3475
f 2211/4618/3475 4815/4623/3478 5707/4624/2256 4261/4620/2255
f 2206/4616/3473 2207/4619/3476 2212/4625/3479 2208/4626/3480
f 2208/4626/3480 2212/4625/3479 4588/4627/3472 4589/4628/3470
f 2207/4619/3476 4262/4621/2250 4263/4629/2249 2212/4625/3479
f 2212/4625/3479 4263/4629/2249 5594/4630/2252 4588/4627/3472
f 2206/4616/3473 2208/4626/3480 2213/4631/3481 2209/4632/3482
f 2209/4632/3482 2213/4631/3481 4752/3020/2290 4751/3012/2282
f 2208/4626/3480 4589/4628/3470 4590/4633/3469 2213/4631/3481
f 2213/4631/3481 4590/4633/3469 5674/3021/2291 4752/3020/2290
f 2206/4616/3473 2209/4632/3482 2214/4634/3483 2210/4617/3474
f 2210/4617/3474 2214/4634/3483 4813/4635/3484 4814/4622/3477
f 2209/4632/3482 4751/3012/2282 4750/3011/2281 2214/4634/3483
f 2214/4634/3483 4750/3011/2281 5715/3015/2285 4813/4635/3484
f 2215/4636/3485 2219/4637/3486 2220/4638/3487 2216/4639/3488
f 2216/4639/3488 2220/4638/3487 4761/3236/2461 4760/3231/2458
f 2219/4637/3486 4772/4640/3489 4773/4641/3490 2220/4638/3487
f 2220/4638/3487 4773/4641/3490 5702/3237/2462 4761/3236/2461
f 2215/4636/3485 2216/4639/3488 2221/4642/3491 2217/4643/3492
f 2217/4643/3492 2221/4642/3491 4308/4644/2437 4307/4645/2431
f 2216/4639/3488 4760/3231/2458 4759/3230/2457 2221/4642/3491
f 2221/4642/3491 4759/3230/2457 5609/3233/2438 4308/4644/2437
f 2215/4636/3485 2217/4643/3492 2222/4646/3493 2218/4647/3494
f 2218/4647/3494 2222/4646/3493 4755/2995/2270 4754/2987/2262
f 2217/4643/3492 4307/4645/2431 4306/4648/2430 2222/4646/3493
f 2222/4646/3493 4306/4648/2430 5679/2996/2271 4755/2995/2270
f 2215/4636/3485 2218/4647/3494 2223/4649/3495 2219/4637/3486
f 2219/4637/3486 2223/4649/3495 4771/4650/3496 4772/4640/3489
f 2218/4647/3494 4754/2987/2262 4753/2986/2261 2223/4649/3495
f 2223/4649/3495 4753/2986/2261 5706/2990/2265 4771/4650/3496
f 2224/4651/3497 2228/4652/3498 2229/4653/3499 2225/4654/3500
f 2225/4654/3500 2229/4653/3499 4254/4595/3454 4253/4594/3453
f 2228/4652/3498 4367/4655/2619 4368/4656/2618 2229/4653/3499
f 2229/4653/3499 4368/4656/2618 5596/4596/2398 4254/4595/3454
f 2224/4651/3497 2225/4654/3500 2230/4657/3501 2226/4658/3502
f 2226/4658/3502 2230/4657/3501 4758/2944/2 4757/2943/1
f 2225/4654/3500 4253/4594/3453 4252/4603/3460 2230/4657/3501
f 2230/4657/3501 4252/4603/3460 5671/2945/3 4758/2944/2
f 2224/4651/3497 2226/4658/3502 2231/4659/3503 2227/4660/3504
f 2227/4660/3504 2231/4659/3503 4369/3576/2695 4370/3575/2694
f 2226/4658/3502 4757/2943/1 4756/2954/4 2231/4659/3503
f 2231/4659/3503 4756/2954/4 5684/2956/5 4369/3576/2695
f 2224/4651/3497 2227/4660/3504 2232/4661/3505 2228/4652/3498
f 2228/4652/3498 2232/4661/3505 4366/4662/2624 4367/4655/2619
f 2227/4660/3504 4370/3575/2694 4371/3590/2707 2232/4661/3505
f 2232/4661/3505 4371/3590/2707 5624/3592/2625 4366/4662/2624
f 2233/4663/3506 2237/4664/3507 2238/4665/3508 2234/4666/3509
f 2234/4666/3509 2238/4665/3508 4317/4667/3510 4316/4668/3511
f 2237/4664/3507 4268/4476/3369 4269/4475/3368 2238/4665/3508
f 2238/4665/3508 4269/4475/3368 5593/3414/2599 4317/4667/3510
f 2233/4663/3506 2234/4666/3509 2239/4669/3512 2235/4670/3513
f 2235/4670/3513 2239/4669/3512 4773/4641/3490 4772/4640/3489
f 2234/4666/3509 4316/4668/3511 4315/4671/3514 2239/4669/3512
f 2239/4669/3512 4315/4671/3514 5702/3237/2462 4773/4641/3490
f 2233/4663/3506 2235/4670/3513 2240/4672/3515 2236/4673/3516
f 2236/4673/3516 2240/4672/3515 4770/4674/3517 4769/4675/3518
f 2235/4670/3513 4772/4640/3489 4771/4650/3496 2240/4672/3515
f 2240/4672/3515 4771/4650/3496 5706/2990/2265 4770/4674/3517
f 2233/4663/3506 2236/4673/3516 2241/4676/3519 2237/4664/3507
f 2237/4664/3507 2241/4676/3519 4267/4479/3372 4268/4476/3369
f 2236/4673/3516 4769/4675/3518 4768/4677/3520 2241/4676/3519
f 2241/4676/3519 4768/4677/3520 5672/3383/2573 4267/4479/3372
f 2242/4678/3521 2246/4679/3522 2247/4680/3523 2243/4681/1426
f 2243/4681/1426 2247/4680/3523 3354/1864/1429 3353/1863/1426
f 2246/4679/3522 4298/4555/3432 4299/4554/3431 2247/4680/3523
f 2247/4680/3523 4299/4554/3431 5608/1736/1339 3354/1864/1429
f 2242/4678/3521 2243/4681/1426 2248/4682/1431 2244/4683/1431
f 2244/4683/1431 2248/4682/1431 4776/4523/272 4775/4522/272
f 2243/4681/1426 3353/1863/1426 3352/1873/1431 2248/4682/1431
f 2248/4682/1431 3352/1873/1431 5704/1689/272 4776/4523/272
f 2242/4678/3521 2244/4683/1431 2249/4684/1431 2245/4685/3521
f 2245/4685/3521 2249/4684/1431 4767/4686/1431 4766/4687/3521
f 2244/4683/1431 4775/4522/272 4774/4532/272 2249/4684/1431
f 2249/4684/1431 4774/4532/272 5705/3246/272 4767/4686/1431
f 2242/4678/3521 2245/4685/3521 2250/4688/3524 2246/4679/3522
f 2246/4679/3522 2250/4688/3524 4297/4558/3435 4298/4555/3432
f 2245/4685/3521 4766/4687/3521 4765/4689/3524 2250/4688/3524
f 2250/4688/3524 4765/4689/3524 5678/3127/2364 4297/4558/3435
f 2251/4690/3525 2255/4691/3526 2256/4692/3527 2252/4693/3528
f 2252/4693/3528 2256/4692/3527 4765/4689/3524 4766/4687/3521
f 2255/4691/3526 4601/3125/2362 4602/3124/2361 2256/4692/3527
f 2256/4692/3527 4602/3124/2361 5678/3127/2364 4765/4689/3524
f 2251/4690/3525 2252/4693/3528 2257/4694/3529 2253/4695/3530
f 2253/4695/3530 2257/4694/3529 4779/3245/2470 4778/3244/2469
f 2252/4693/3528 4766/4687/3521 4767/4686/1431 2257/4694/3529
f 2257/4694/3529 4767/4686/1431 5705/3246/272 4779/3245/2470
f 2251/4690/3525 2253/4695/3530 2258/4696/3531 2254/4697/3532
f 2254/4697/3532 2258/4696/3531 4318/4698/3533 4319/4699/3534
f 2253/4695/3530 4778/3244/2469 4777/3260/2484 2258/4696/3531
f 2258/4696/3531 4777/3260/2484 5703/3262/2486 4318/4698/3533
f 2251/4690/3525 2254/4697/3532 2259/4700/3535 2255/4691/3526
f 2255/4691/3526 2259/4700/3535 4600/3132/2369 4601/3125/2362
f 2254/4697/3532 4319/4699/3534 4320/4701/3536 2259/4700/3535
f 2259/4700/3535 4320/4701/3536 5601/3133/2370 4600/3132/2369
f 2260/4702/3537 2264/4703/3538 2265/4704/3539 2261/4705/3540
f 2261/4705/3540 2265/4704/3539 4810/4706/3541 4811/4707/3542
f 2264/4703/3538 4790/3405/2590 4791/3404/2589 2265/4704/3539
f 2265/4704/3539 4791/3404/2589 5709/3408/2593 4810/4706/3541
f 2260/4702/3537 2261/4705/3540 2266/4708/3543 2262/4709/3544
f 2262/4709/3544 2266/4708/3543 4809/3220/2450 4808/3219/2449
f 2261/4705/3540 4811/4707/3542 4812/4710/3545 2266/4708/3543
f 2266/4708/3543 4812/4710/3545 5716/3221/2451 4809/3220/2450
f 2260/4702/3537 2262/4709/3544 2267/4711/3546 2263/4712/3547
f 2263/4712/3547 2267/4711/3546 4315/4671/3514 4316/4668/3511
f 2262/4709/3544 4808/3219/2449 4807/3235/2460 2267/4711/3546
f 2267/4711/3546 4807/3235/2460 5702/3237/2462 4315/4671/3514
f 2260/4702/3537 2263/4712/3547 2268/4713/3548 2264/4703/3538
f 2264/4703/3538 2268/4713/3548 4789/3413/2598 4790/3405/2590
f 2263/4712/3547 4316/4668/3511 4317/4667/3510 2268/4713/3548
f 2268/4713/3548 4317/4667/3510 5593/3414/2599 4789/3413/2598
f 2269/4714/3549 2273/4715/3550 2274/4716/3551 2270/4717/3552
f 2270/4717/3552 2274/4716/3551 4768/4677/3520 4769/4675/3518
f 2273/4715/3550 4583/3380/2570 4584/3379/2569 2274/4716/3551
f 2274/4716/3551 4584/3379/2569 5672/3383/2573 4768/4677/3520
f 2269/4714/3549 2270/4717/3552 2275/4718/3553 2271/4719/3554
f 2271/4719/3554 2275/4718/3553 4785/2989/2264 4784/2988/2263
f 2270/4717/3552 4769/4675/3518 4770/4674/3517 2275/4718/3553
f 2275/4718/3553 4770/4674/3517 5706/2990/2265 4785/2989/2264
f 2269/4714/3549 2271/4719/3554 2276/4720/3555 2272/4721/3556
f 2272/4721/3556 2276/4720/3555 3858/4722/1466 3857/4723/1463
f 2271/4719/3554 4784/2988/2263 4783/3004/2276 2276/4720/3555
f 2276/4720/3555 4783/3004/2276 5701/3006/45 3858/4722/1466
f 2269/4714/3549 2272/4721/3556 2277/4724/3557 2273/4715/3550
f 2273/4715/3550 2277/4724/3557 4582/3388/2576 4583/3380/2570
f 2272/4721/3556 3857/4723/1463 3856/4725/1462 2277/4724/3557
f 2277/4724/3557 3856/4725/1462 5599/3389/394 4582/3388/2576
f 2278/4726/3558 2282/4727/3559 2283/4728/3560 2279/4729/3561
f 2279/4729/3561 2283/4728/3560 4320/4730/3536 4319/4731/3534
f 2282/4727/3559 4277/4732/3562 4278/4733/3563 2283/4728/3560
f 2283/4728/3560 4278/4733/3563 5601/3346/2370 4320/4730/3536
f 2278/4726/3558 2279/4729/3561 2284/4734/3564 2280/4735/3565
f 2280/4735/3565 2284/4734/3564 4782/4736/3566 4781/4737/3567
f 2279/4729/3561 4319/4731/3534 4318/4738/3533 2284/4734/3564
f 2284/4734/3564 4318/4738/3533 5703/4739/2486 4782/4736/3566
f 2278/4726/3558 2280/4735/3565 2285/4740/3568 2281/4741/3569
f 2281/4741/3569 2285/4740/3568 4812/4710/3545 4811/4707/3542
f 2280/4735/3565 4781/4737/3567 4780/4742/3570 2285/4740/3568
f 2285/4740/3568 4780/4742/3570 5716/3221/2451 4812/4710/3545
f 2278/4726/3558 2281/4741/3569 2286/4743/3571 2282/4727/3559
f 2282/4727/3559 2286/4743/3571 4276/4744/3572 4277/4732/3562
f 2281/4741/3569 4811/4707/3542 4810/4706/3541 2286/4743/3571
f 2286/4743/3571 4810/4706/3541 5709/3408/2593 4276/4744/3572
f 2287/4745/3573 2291/4746/3574 2292/4747/3575 2288/4748/3576
f 2288/4748/3576 2292/4747/3575 4786/4749/3577 4787/4750/3578
f 2291/4746/3574 4292/4581/3444 4293/4580/3443 2292/4747/3575
f 2292/4747/3575 4293/4580/3443 5604/4583/2414 4786/4749/3577
f 2287/4745/3573 2288/4748/3576 2293/4751/3579 2289/4752/3580
f 2289/4752/3580 2293/4751/3579 4815/4623/3478 4814/4622/3477
f 2288/4748/3576 4787/4750/3578 4788/4753/3581 2293/4751/3579
f 2293/4751/3579 4788/4753/3581 5707/4624/2256 4815/4623/3478
f 2287/4745/3573 2289/4752/3580 2294/4754/3582 2290/4755/3583
f 2290/4755/3583 2294/4754/3582 4806/4756/3584 4805/4757/3585
f 2289/4752/3580 4814/4622/3477 4813/4635/3484 2294/4754/3582
f 2294/4754/3582 4813/4635/3484 5715/3015/2285 4806/4756/3584
f 2287/4745/3573 2290/4755/3583 2295/4758/3586 2291/4746/3574
f 2291/4746/3574 2295/4758/3586 4291/4586/3447 4292/4581/3444
f 2290/4755/3583 4805/4757/3585 4804/4759/3587 2295/4758/3586
f 2295/4758/3586 4804/4759/3587 5676/3082/2323 4291/4586/3447
f 2296/4760/3588 2300/4761/3589 2301/4762/3590 2297/4763/3591
f 2297/4763/3591 2301/4762/3590 3898/1949/1503 3899/1948/1502
f 2300/4761/3589 4313/4527/3408 4314/4526/3407 2301/4762/3590
f 2301/4762/3590 4314/4526/3407 5612/1700/1307 3898/1949/1503
f 2296/4760/3588 2297/4763/3591 2302/4764/3592 2298/4765/3593
f 2298/4765/3593 2302/4764/3592 4818/4538/3418 4817/4537/3417
f 2297/4763/3591 3899/1948/1502 3900/1958/1512 2302/4764/3592
f 2302/4764/3592 3900/1958/1512 5710/1709/1316 4818/4538/3418
f 2296/4760/3588 2298/4765/3593 2303/4766/3594 2299/4767/3595
f 2299/4767/3595 2303/4766/3594 4803/4768/3596 4802/4769/3597
f 2298/4765/3593 4817/4537/3417 4816/4547/3424 2303/4766/3594
f 2303/4766/3594 4816/4547/3424 5714/3196/2427 4803/4768/3596
f 2296/4760/3588 2299/4767/3595 2304/4770/3598 2300/4761/3589
f 2300/4761/3589 2304/4770/3598 4312/4530/3411 4313/4527/3408
f 2299/4767/3595 4802/4769/3597 4801/4771/3599 2304/4770/3598
f 2304/4770/3598 4801/4771/3599 5680/3252/2476 4312/4530/3411
f 2305/4772/3600 2309/4773/3601 2310/4774/3602 2306/4775/3603
f 2306/4775/3603 2310/4774/3602 4795/4776/3604 4796/4777/3605
f 2309/4773/3601 4346/4156/3128 4347/4155/3127 2310/4774/3602
f 2310/4774/3602 4347/4155/3127 5621/3352/2546 4795/4776/3604
f 2305/4772/3600 2306/4775/3603 2311/4778/3606 2307/4779/3607
f 2307/4779/3607 2311/4778/3606 4821/4193/3162 4820/4192/3161
f 2306/4775/3603 4796/4777/3605 4797/4780/3608 2311/4778/3606
f 2311/4778/3606 4797/4780/3608 5712/3424/2609 4821/4193/3162
f 2305/4772/3600 2307/4779/3607 2312/4781/3609 2308/4782/3610
f 2308/4782/3610 2312/4781/3609 4800/4783/2240 4799/4784/2240
f 2307/4779/3607 4820/4192/3161 4819/4202/3171 2312/4781/3609
f 2312/4781/3609 4819/4202/3171 5713/2965/2240 4800/4783/2240
f 2305/4772/3600 2308/4782/3610 2313/4785/3611 2309/4773/3601
f 2309/4773/3601 2313/4785/3611 4345/4159/3131 4346/4156/3128
f 2308/4782/3610 4799/4784/2240 4798/4786/2240 2313/4785/3611
f 2313/4785/3611 4798/4786/2240 5663/3177/2240 4345/4159/3131
f 2314/4787/3612 2318/4788/3613 2319/4789/3614 2315/4790/3615
f 2315/4790/3615 2319/4789/3614 4278/4733/3563 4277/4732/3562
f 2318/4788/3613 4304/3344/2540 4305/3343/2539 2319/4789/3614
f 2319/4789/3614 4305/3343/2539 5601/3346/2370 4278/4733/3563
f 2314/4787/3612 2315/4790/3615 2320/4791/3616 2316/4792/3617
f 2316/4792/3617 2320/4791/3616 4824/3407/2592 4823/3406/2591
f 2315/4790/3615 4277/4732/3562 4276/4744/3572 2320/4791/3616
f 2320/4791/3616 4276/4744/3572 5709/3408/2593 4824/3407/2592
f 2314/4787/3612 2316/4792/3617 2321/4793/3618 2317/4794/3619
f 2317/4794/3619 2321/4793/3618 4797/4780/3608 4796/4777/3605
f 2316/4792/3617 4823/3406/2591 4822/3422/2607 2321/4793/3618
f 2321/4793/3618 4822/3422/2607 5712/3424/2609 4797/4780/3608
f 2314/4787/3612 2317/4794/3619 2322/4795/3620 2318/4788/3613
f 2318/4788/3613 2322/4795/3620 4303/3351/2545 4304/3344/2540
f 2317/4794/3619 4796/4777/3605 4795/4776/3604 2322/4795/3620
f 2322/4795/3620 4795/4776/3604 5621/3352/2546 4303/3351/2545
f 2323/4796/3621 2327/4797/3622 2328/4798/3623 2324/4799/3624
f 2324/4799/3624 2328/4798/3623 4764/4800/2485 4763/4801/2480
f 2327/4797/3622 4781/4737/3567 4782/4736/3566 2328/4798/3623
f 2328/4798/3623 4782/4736/3566 5703/4739/2486 4764/4800/2485
f 2323/4796/3621 2324/4799/3624 2329/4802/3625 2325/4803/3626
f 2325/4803/3626 2329/4802/3625 4311/4804/3627 4310/4805/3628
f 2324/4799/3624 4763/4801/2480 4762/4806/2479 2329/4802/3625
f 2329/4802/3625 4762/4806/2479 5611/4807/2482 4311/4804/3627
f 2323/4796/3621 2325/4803/3626 2330/4808/3629 2326/4809/3630
f 2326/4809/3630 2330/4808/3629 4827/3226/2454 4826/3218/2448
f 2325/4803/3626 4310/4805/3628 4309/4810/3631 2330/4808/3629
f 2330/4808/3629 4309/4810/3631 5711/3227/2442 4827/3226/2454
f 2323/4796/3621 2326/4809/3630 2331/4811/3632 2327/4797/3622
f 2327/4797/3622 2331/4811/3632 4780/4742/3570 4781/4737/3567
f 2326/4809/3630 4826/3218/2448 4825/3217/2447 2331/4811/3632
f 2331/4811/3632 4825/3217/2447 5716/3221/2451 4780/4742/3570
f 2332/4812/3633 2336/4813/3634 2337/4814/3635 2333/4815/3636
f 2333/4815/3636 2337/4814/3635 4801/4771/3599 4802/4769/3597
f 2336/4813/3634 4607/3250/2474 4608/3249/2473 2337/4814/3635
f 2337/4814/3635 4608/3249/2473 5680/3252/2476 4801/4771/3599
f 2332/4812/3633 2333/4815/3636 2338/4816/3637 2334/4817/3638
f 2334/4817/3638 2338/4816/3637 4830/3195/2426 4829/3194/2425
f 2333/4815/3636 4802/4769/3597 4803/4768/3596 2338/4816/3637
f 2338/4816/3637 4803/4768/3596 5714/3196/2427 4830/3195/2426
f 2332/4812/3633 2334/4817/3638 2339/4818/3639 2335/4819/3640
f 2335/4819/3640 2339/4818/3639 4309/4820/3631 4310/4821/3628
f 2334/4817/3638 4829/3194/2425 4828/3210/2440 2339/4818/3639
f 2339/4818/3639 4828/3210/2440 5711/3212/2442 4309/4820/3631
f 2332/4812/3633 2335/4819/3640 2340/4822/3641 2336/4813/3634
f 2336/4813/3634 2340/4822/3641 4606/3257/2481 4607/3250/2474
f 2335/4819/3640 4310/4821/3628 4311/4823/3627 2340/4822/3641
f 2340/4822/3641 4311/4823/3627 5611/3258/2482 4606/3257/2481
f 2341/4824/3642 2345/4825/3643 2346/4826/3644 2342/4827/3645
f 2342/4827/3645 2346/4826/3644 4804/4759/3587 4805/4757/3585
f 2345/4825/3643 4595/3080/2321 4596/3079/2320 2346/4826/3644
f 2346/4826/3644 4596/3079/2320 5676/3082/2323 4804/4759/3587
f 2341/4824/3642 2342/4827/3645 2347/4828/3646 2343/4829/3647
f 2343/4829/3647 2347/4828/3646 4833/3014/2284 4832/3013/2283
f 2342/4827/3645 4805/4757/3585 4806/4756/3584 2347/4828/3646
f 2347/4828/3646 4806/4756/3584 5715/3015/2285 4833/3014/2284
f 2341/4824/3642 2343/4829/3647 2348/4830/3648 2344/4831/3649
f 2344/4831/3649 2348/4830/3648 3894/2021/1565 3893/2018/1562
f 2343/4829/3647 4832/3013/2283 4831/3026/2296 2348/4830/3648
f 2348/4830/3648 4831/3026/2296 5708/90/70 3894/2021/1565
f 2341/4824/3642 2344/4831/3649 2349/4832/3650 2345/4825/3643
f 2345/4825/3643 2349/4832/3650 4594/3085/2326 4595/3080/2321
f 2344/4831/3649 3893/2018/1562 3892/2017/1561 2349/4832/3650
f 2349/4832/3650 3892/2017/1561 5606/166/121 4594/3085/2326
f 2350/4833/3651 2354/4834/3652 2355/4835/3653 2351/4836/3654
f 2351/4836/3654 2355/4835/3653 4798/4786/2240 4799/4784/2240
f 2354/4834/3652 4526/3175/2408 4527/3174/2407 2355/4835/3653
f 2355/4835/3653 4527/3174/2407 5663/3177/2240 4798/4786/2240
f 2350/4833/3651 2351/4836/3654 2356/4837/3655 2352/4838/3656
f 2352/4838/3656 2356/4837/3655 4836/2964/2239 4835/2963/2238
f 2351/4836/3654 4799/4784/2240 4800/4783/2240 2356/4837/3655
f 2356/4837/3655 4800/4783/2240 5713/2965/2240 4836/2964/2239
f 2350/4833/3651 2352/4838/3656 2357/4839/3657 2353/4840/3658
f 2353/4840/3658 2357/4839/3657 4788/4841/3581 4787/4842/3578
f 2352/4838/3656 4835/2963/2238 4834/2979/2254 2357/4839/3657
f 2357/4839/3657 4834/2979/2254 5707/2981/2256 4788/4841/3581
f 2350/4833/3651 2353/4840/3658 2358/4843/3659 2354/4834/3652
f 2354/4834/3652 2358/4843/3659 4525/3182/2413 4526/3175/2408
f 2353/4840/3658 4787/4842/3578 4786/4844/3577 2358/4843/3659
f 2358/4843/3659 4786/4844/3577 5604/3183/2414 4525/3182/2413
f 2359/4845/3660 2363/4846/3661 2364/4847/3662 2360/4848/3663
f 2360/4848/3663 2364/4847/3662 3600/2040/1581 3599/2039/1580
f 2363/4846/3661 4487/4307/3253 4488/4306/3252 2364/4847/3662
f 2364/4847/3662 4488/4306/3252 5653/1440/1121 3600/2040/1581
f 2359/4845/3660 2360/4848/3663 2365/4849/3664 2361/4850/3665
f 2361/4850/3665 2365/4849/3664 4854/4338/3279 4853/4337/3278
f 2360/4848/3663 3599/2039/1580 3598/2049/1590 2365/4849/3664
f 2365/4849/3664 3598/2049/1590 5719/1469/1145 4854/4338/3279
f 2359/4845/3660 2361/4850/3665 2366/4851/3666 2362/4852/3667
f 2362/4852/3667 2366/4851/3666 4851/4853/3668 4850/4854/3669
f 2361/4850/3665 4853/4337/3278 4852/4347/3285 2366/4851/3666
f 2366/4851/3666 4852/4347/3285 5723/3891/2940 4851/4853/3668
f 2359/4845/3660 2362/4852/3667 2367/4855/3670 2363/4846/3661
f 2363/4846/3661 2367/4855/3670 4486/4310/3256 4487/4307/3253
f 2362/4852/3667 4850/4854/3669 4849/4856/3671 2367/4855/3670
f 2367/4855/3670 4849/4856/3671 5695/3942/2968 4486/4310/3256
f 2368/4857/3672 2372/4858/3673 2373/4859/3674 2369/4860/3675
f 2369/4860/3675 2373/4859/3674 4843/4861/3676 4844/4862/3677
f 2372/4858/3673 4649/4325/3268 4648/4324/3267 2373/4859/3674
f 2373/4859/3674 4648/4324/3267 5649/4327/2909 4843/4861/3676
f 2368/4857/3672 2369/4860/3675 2374/4863/3678 2370/4864/3679
f 2370/4864/3679 2374/4863/3678 4857/4245/3207 4856/4244/3206
f 2369/4860/3675 4844/4862/3677 4845/4865/3680 2374/4863/3678
f 2374/4863/3678 4845/4865/3680 5721/4246/3030 4857/4245/3207
f 2368/4857/3672 2370/4864/3679 2375/4866/3681 2371/4867/3682
f 2371/4867/3682 2375/4866/3681 4848/4868/1603 4847/4869/1600
f 2370/4864/3679 4856/4244/3206 4855/4257/3216 2375/4866/3681
f 2375/4866/3681 4855/4257/3216 5722/4021/874 4848/4868/1603
f 2368/4857/3672 2371/4867/3682 2376/4870/3683 2372/4858/3673
f 2372/4858/3673 2376/4870/3683 4650/4330/3271 4649/4325/3268
f 2371/4867/3682 4847/4869/1600 4846/4871/1599 2376/4870/3683
f 2376/4870/3683 4846/4871/1599 5694/3922/787 4650/4330/3271
f 2377/4872/1600 2381/4873/1599 2382/4874/1599 2378/4875/1600
f 2378/4875/1600 2382/4874/1599 4846/4871/1599 4847/4869/1600
f 2381/4873/1599 4475/3920/787 4474/3919/787 2382/4874/1599
f 2382/4874/1599 4474/3919/787 5694/3922/787 4846/4871/1599
f 2377/4872/1600 2378/4875/1600 2383/4876/1603 2379/4877/1603
f 2379/4877/1603 2383/4876/1603 4860/4020/874 4859/4019/874
f 2378/4875/1600 4847/4869/1600 4848/4868/1603 2383/4876/1603
f 2383/4876/1603 4848/4868/1603 5722/4021/874 4860/4020/874
f 2377/4872/1600 2379/4877/1603 2384/4878/1603 2380/4879/1600
f 2380/4879/1600 2384/4878/1603 3951/2075/1603 3950/2072/1600
f 2379/4877/1603 4859/4019/874 4858/4032/874 2384/4878/1603
f 2384/4878/1603 4858/4032/874 5718/1137/874 3951/2075/1603
f 2377/4872/1600 2380/4879/1600 2385/4880/1599 2381/4873/1599
f 2381/4873/1599 2385/4880/1599 4476/3925/787 4475/3920/787
f 2380/4879/1600 3950/2072/1600 3949/2071/1599 2385/4880/1599
f 2385/4880/1599 3949/2071/1599 5650/1028/787 4476/3925/787
f 2386/4881/3684 2390/4882/3685 2391/4883/3686 2387/4884/3687
f 2387/4884/3687 2391/4883/3686 4840/4885/2240 4841/4886/2240
f 2390/4882/3685 4478/3849/2903 4479/3848/2902 2391/4883/3686
f 2391/4883/3686 4479/3848/2902 5652/3774/2240 4840/4885/2240
f 2386/4881/3684 2387/4884/3687 2392/4887/3688 2388/4888/3689
f 2388/4888/3689 2392/4887/3688 4863/3998/3016 4862/3997/3015
f 2387/4884/3687 4841/4886/2240 4842/4889/2240 2392/4887/3688
f 2392/4887/3688 4842/4889/2240 5720/3882/2240 4863/3998/3016
f 2386/4881/3684 2388/4888/3689 2393/4890/3690 2389/4891/3691
f 2389/4891/3691 2393/4890/3690 4845/4892/3680 4844/4893/3677
f 2388/4888/3689 4862/3997/3015 4861/4010/3028 2393/4890/3690
f 2393/4890/3690 4861/4010/3028 5721/4012/3030 4845/4892/3680
f 2386/4881/3684 2389/4891/3691 2394/4894/3692 2390/4882/3685
f 2390/4882/3685 2394/4894/3692 4477/3854/2908 4478/3849/2903
f 2389/4891/3691 4844/4893/3677 4843/4895/3676 2394/4894/3692
f 2394/4894/3692 4843/4895/3676 5649/3855/2909 4477/3854/2908
f 2395/4896/3693 2399/4897/3694 2400/4898/3695 2396/4899/3696
f 2396/4899/3696 2400/4898/3695 4849/4856/3671 4850/4854/3669
f 2399/4897/3694 4652/3940/2966 4653/3939/2965 2400/4898/3695
f 2400/4898/3695 4653/3939/2965 5695/3942/2968 4849/4856/3671
f 2395/4896/3693 2396/4899/3696 2401/4900/3697 2397/4901/3698
f 2397/4901/3698 2401/4900/3697 4866/3890/2939 4865/3889/2938
f 2396/4899/3696 4850/4854/3669 4851/4853/3668 2401/4900/3697
f 2401/4900/3697 4851/4853/3668 5723/3891/2940 4866/3890/2939
f 2395/4896/3693 2397/4901/3698 2402/4902/3699 2398/4903/3700
f 2398/4903/3700 2402/4902/3699 4839/4904/3701 4838/4905/3702
f 2397/4901/3698 4865/3889/2938 4864/3905/2954 2402/4902/3699
f 2402/4902/3699 4864/3905/2954 5717/3907/2956 4839/4904/3701
f 2395/4896/3693 2398/4903/3700 2403/4906/3703 2399/4897/3694
f 2399/4897/3694 2403/4906/3703 4651/3947/2973 4652/3940/2966
f 2398/4903/3700 4838/4905/3702 4837/4907/3704 2403/4906/3703
f 2403/4906/3703 4837/4907/3704 5651/3948/2974 4651/3947/2973
f 2404/4908/2240 2408/4909/2240 2409/4910/2240 2405/4911/2240
f 2405/4911/2240 2409/4910/2240 4897/4912/2240 4898/4913/2240
f 2408/4909/2240 4880/3766/2240 4881/3765/2240 2409/4910/2240
f 2409/4910/2240 4881/3765/2240 5728/3768/2240 4897/4912/2240
f 2404/4908/2240 2405/4911/2240 2410/4914/2240 2406/4915/2240
f 2406/4915/2240 2410/4914/2240 4896/3865/2240 4895/3864/2240
f 2405/4911/2240 4898/4913/2240 4899/4916/2240 2410/4914/2240
f 2410/4914/2240 4899/4916/2240 5734/3866/2240 4896/3865/2240
f 2404/4908/2240 2406/4915/2240 2411/4917/2240 2407/4918/2240
f 2407/4918/2240 2411/4917/2240 4842/4889/2240 4841/4886/2240
f 2406/4915/2240 4895/3864/2240 4894/3880/2240 2411/4917/2240
f 2411/4917/2240 4894/3880/2240 5720/3882/2240 4842/4889/2240
f 2404/4908/2240 2407/4918/2240 2412/4919/2240 2408/4909/2240
f 2408/4909/2240 2412/4919/2240 4879/3773/2240 4880/3766/2240
f 2407/4918/2240 4841/4886/2240 4840/4885/2240 2412/4919/2240
f 2412/4919/2240 4840/4885/2240 5652/3774/2240 4879/3773/2240
f 2413/4920/3705 2417/4921/3706 2418/4922/3707 2414/4923/3708
f 2414/4923/3708 2418/4922/3707 4837/4924/3704 4838/4925/3702
f 2417/4921/3706 4484/4926/3709 4485/4927/3710 2418/4922/3707
f 2418/4922/3707 4485/4927/3710 5651/4928/2974 4837/4924/3704
f 2413/4920/3705 2414/4923/3708 2419/4929/3711 2415/4930/3712
f 2415/4930/3712 2419/4929/3711 4869/4931/3713 4868/4932/3714
f 2414/4923/3708 4838/4925/3702 4839/4933/3701 2419/4929/3711
f 2419/4929/3711 4839/4933/3701 5717/4934/2956 4869/4931/3713
f 2413/4920/3705 2415/4930/3712 2420/4935/3715 2416/4936/3716
f 2416/4936/3716 2420/4935/3715 4899/4916/2240 4898/4913/2240
f 2415/4930/3712 4868/4932/3714 4867/4937/3717 2420/4935/3715
f 2420/4935/3715 4867/4937/3717 5734/3866/2240 4899/4916/2240
f 2413/4920/3705 2416/4936/3716 2421/4938/3718 2417/4921/3706
f 2417/4921/3706 2421/4938/3718 4483/4939/3719 4484/4926/3709
f 2416/4936/3716 4898/4913/2240 4897/4912/2240 2421/4938/3718
f 2421/4938/3718 4897/4912/2240 5728/3768/2240 4483/4939/3719
f 2422/4940/3720 2426/4941/3721 2427/4942/3722 2423/4943/3723
f 2423/4943/3723 2427/4942/3722 3549/2141/1647 3548/2140/1646
f 2426/4941/3721 4637/4413/3338 4636/4412/3337 2427/4942/3722
f 2427/4942/3722 4636/4412/3337 5642/1568/1228 3549/2141/1647
f 2422/4940/3720 2423/4943/3723 2428/4944/3724 2424/4945/3725
f 2424/4945/3725 2428/4944/3724 4902/4381/3312 4901/4380/3311
f 2423/4943/3723 3548/2140/1646 3547/2150/1656 2428/4944/3724
f 2428/4944/3724 3547/2150/1656 5727/1521/1189 4902/4381/3312
f 2422/4940/3720 2424/4945/3725 2429/4946/3726 2425/4947/3727
f 2425/4947/3727 2429/4946/3726 4893/4948/3728 4892/4949/3729
f 2424/4945/3725 4901/4380/3311 4900/4390/3318 2429/4946/3726
f 2429/4946/3726 4900/4390/3318 5733/3722/2824 4893/4948/3728
f 2422/4940/3720 2425/4947/3727 2430/4950/3730 2426/4941/3721
f 2426/4941/3721 2430/4950/3730 4638/4416/3341 4637/4413/3338
f 2425/4947/3727 4892/4949/3729 4891/4951/3731 2430/4950/3730
f 2430/4950/3730 4891/4951/3731 5690/3651/2758 4638/4416/3341
f 2431/4952/3732 2435/4953/3733 2436/4954/3734 2432/4955/3735
f 2432/4955/3735 2436/4954/3734 4882/4956/2928 4883/4957/2921
f 2435/4953/3733 4658/4290/3239 4657/4289/3238 2436/4954/3734
f 2436/4954/3734 4657/4289/3238 5656/4292/2929 4882/4956/2928
f 2431/4952/3732 2432/4955/3735 2437/4958/3736 2433/4959/3737
f 2433/4959/3737 2437/4958/3736 4905/4265/3224 4904/4264/3223
f 2432/4955/3735 4883/4957/2921 4884/4960/2920 2437/4958/3736
f 2437/4958/3736 4884/4960/2920 5729/4266/2923 4905/4265/3224
f 2431/4952/3732 2433/4959/3737 2438/4961/3738 2434/4962/3739
f 2434/4962/3739 2438/4961/3738 4890/4963/3740 4889/4964/3741
f 2433/4959/3737 4904/4264/3223 4903/4277/3231 2438/4961/3738
f 2438/4961/3738 4903/4277/3231 5732/3981/3000 4890/4963/3740
f 2431/4952/3732 2434/4962/3739 2439/4965/3742 2435/4953/3733
f 2435/4953/3733 2439/4965/3742 4659/4295/3242 4658/4290/3239
f 2434/4962/3739 4889/4964/3741 4888/4966/3743 2439/4965/3742
f 2439/4965/3742 4888/4966/3743 5697/3967/2988 4659/4295/3242
f 2440/4967/3744 2444/4968/3745 2445/4969/3746 2441/4970/3747
f 2441/4970/3747 2445/4969/3746 4876/4971/3748 4877/4972/3749
f 2444/4968/3745 4541/4073/3064 4540/4072/3063 2445/4969/3746
f 2445/4969/3746 4540/4072/3063 5640/4075/2764 4876/4971/3748
f 2440/4967/3744 2441/4970/3747 2446/4973/3750 2442/4974/3751
f 2442/4974/3751 2446/4973/3750 4908/4040/3036 4907/4039/3035
f 2441/4970/3747 4877/4972/3749 4878/4975/3752 2446/4973/3750
f 2446/4973/3750 4878/4975/3752 5726/4041/2840 4908/4040/3036
f 2440/4967/3744 2442/4974/3751 2447/4976/3753 2443/4977/3754
f 2443/4977/3754 2447/4976/3753 4887/4978/2240 4886/4979/2240
f 2442/4974/3751 4907/4039/3035 4906/4048/3042 2447/4976/3753
f 2447/4976/3753 4906/4048/3042 5731/3831/2240 4887/4978/2240
f 2440/4967/3744 2443/4977/3754 2448/4980/3755 2444/4968/3745
f 2444/4968/3745 2448/4980/3755 4542/4078/3067 4541/4073/3064
f 2443/4977/3754 4886/4979/2240 4885/4981/2240 2448/4980/3755
f 2448/4980/3755 4885/4981/2240 5668/3750/2240 4542/4078/3067
f 2449/4982/3756 2453/4983/3757 2454/4984/3758 2450/4985/3759
f 2450/4985/3759 2454/4984/3758 4888/4966/3743 4889/4964/3741
f 2453/4983/3757 4502/3965/2986 4501/3964/2985 2454/4984/3758
f 2454/4984/3758 4501/3964/2985 5697/3967/2988 4888/4966/3743
f 2449/4982/3756 2450/4985/3759 2455/4986/3760 2451/4987/3761
f 2451/4987/3761 2455/4986/3760 4911/3980/2999 4910/3979/2998
f 2450/4985/3759 4889/4964/3741 4890/4963/3740 2455/4986/3760
f 2455/4986/3760 4890/4963/3740 5732/3981/3000 4911/3980/2999
f 2449/4982/3756 2451/4987/3761 2456/4988/3762 2452/4989/3763
f 2452/4989/3763 2456/4988/3762 4005/2191/1691 4004/2188/1688
f 2451/4987/3761 4910/3979/2998 4909/3992/3010 2456/4988/3762
f 2456/4988/3762 4909/3992/3010 5730/1092/842 4005/2191/1691
f 2449/4982/3756 2452/4989/3763 2457/4990/3764 2453/4983/3757
f 2453/4983/3757 2457/4990/3764 4503/3970/2991 4502/3965/2986
f 2452/4989/3763 4004/2188/1688 4003/2187/1687 2457/4990/3764
f 2457/4990/3764 4003/2187/1687 5657/1073/823 4503/3970/2991
f 2458/4991/3765 2462/4992/3766 2463/4993/3767 2459/4994/3768
f 2459/4994/3768 2463/4993/3767 4480/4995/2955 4481/4996/2950
f 2462/4992/3766 4868/4932/3714 4869/4931/3713 2463/4993/3767
f 2463/4993/3767 4869/4931/3713 5717/4934/2956 4480/4995/2955
f 2458/4991/3765 2459/4994/3768 2464/4997/3769 2460/4998/3770
f 2460/4998/3770 2464/4997/3769 4506/4999/3227 4505/5000/3222
f 2459/4994/3768 4481/4996/2950 4482/5001/2949 2464/4997/3769
f 2464/4997/3769 4482/5001/2949 5655/5002/2952 4506/4999/3227
f 2458/4991/3765 2460/4998/3770 2465/5003/3771 2461/5004/3772
f 2461/5004/3772 2465/5003/3771 4914/3871/2922 4913/3863/2917
f 2460/4998/3770 4505/5000/3222 4504/5005/3221 2465/5003/3771
f 2465/5003/3771 4504/5005/3221 5729/3872/2923 4914/3871/2922
f 2458/4991/3765 2461/5004/3772 2466/5006/3773 2462/4992/3766
f 2462/4992/3766 2466/5006/3773 4867/4937/3717 4868/4932/3714
f 2461/5004/3772 4913/3863/2917 4912/3862/2916 2466/5006/3773
f 2466/5006/3773 4912/3862/2916 5734/3866/2240 4867/4937/3717
f 2467/5007/2240 2471/5008/2240 2472/5009/2240 2468/5010/2240
f 2468/5010/2240 2472/5009/2240 4885/4981/2240 4886/4979/2240
f 2471/5008/2240 4451/3748/2240 4450/3747/2240 2472/5009/2240
f 2472/5009/2240 4450/3747/2240 5668/3750/2240 4885/4981/2240
f 2467/5007/2240 2468/5010/2240 2473/5011/2240 2469/5012/2240
f 2469/5012/2240 2473/5011/2240 4917/3830/2240 4916/3829/2240
f 2468/5010/2240 4886/4979/2240 4887/4978/2240 2473/5011/2240
f 2473/5011/2240 4887/4978/2240 5731/3831/2240 4917/3830/2240
f 2467/5007/2240 2469/5012/2240 2474/5013/2240 2470/5014/2240
f 2470/5014/2240 2474/5013/2240 4453/5015/2240 4454/5016/2240
f 2469/5012/2240 4916/3829/2240 4915/3841/2240 2474/5013/2240
f 2474/5013/2240 4915/3841/2240 5725/3697/2240 4453/5015/2240
f 2467/5007/2240 2470/5014/2240 2475/5017/2240 2471/5008/2240
f 2471/5008/2240 2475/5017/2240 4452/3753/2240 4451/3748/2240
f 2470/5014/2240 4454/5016/2240 4455/5018/2240 2475/5017/2240
f 2475/5017/2240 4455/5018/2240 5643/3626/2240 4452/3753/2240
f 2476/5019/3774 2480/5020/3775 2481/5021/3776 2477/5022/3777
f 2477/5022/3777 2481/5021/3776 4494/5023/2976 4493/5024/2972
f 2480/5020/3775 4448/3707/2811 4449/3706/2810 2481/5021/3776
f 2481/5021/3776 4449/3706/2810 5638/3709/2813 4494/5023/2976
f 2476/5019/3774 2477/5022/3777 2482/5025/3778 2478/5026/3779
f 2478/5026/3779 2482/5025/3778 4485/4927/3710 4484/4926/3709
f 2477/5022/3777 4493/5024/2972 4492/5027/2971 2482/5025/3778
f 2482/5025/3778 4492/5027/2971 5651/4928/2974 4485/4927/3710
f 2476/5019/3774 2478/5026/3779 2483/5028/3780 2479/5029/3781
f 2479/5029/3781 2483/5028/3780 4920/3767/2240 4919/3760/2240
f 2478/5026/3779 4484/4926/3709 4483/4939/3719 2483/5028/3780
f 2483/5028/3780 4483/4939/3719 5728/3768/2240 4920/3767/2240
f 2476/5019/3774 2479/5029/3781 2484/5030/3782 2480/5020/3775
f 2480/5020/3775 2484/5030/3782 4447/3712/2815 4448/3707/2811
f 2479/5029/3781 4919/3760/2240 4918/3759/2240 2484/5030/3782
f 2484/5030/3782 4918/3759/2240 5724/3713/2240 4447/3712/2815
f 2485/5031/3783 2489/5032/3784 2490/5033/3785 2486/5034/3786
f 2486/5034/3786 2490/5033/3785 4891/4951/3731 4892/4949/3729
f 2489/5032/3784 4439/3649/2756 4438/3648/2755 2490/5033/3785
f 2490/5033/3785 4438/3648/2755 5690/3651/2758 4891/4951/3731
f 2485/5031/3783 2486/5034/3786 2491/5035/3787 2487/5036/3788
f 2487/5036/3788 2491/5035/3787 4923/3721/2823 4922/3720/2822
f 2486/5034/3786 4892/4949/3729 4893/4948/3728 2491/5035/3787
f 2491/5035/3787 4893/4948/3728 5733/3722/2824 4923/3721/2823
f 2485/5031/3783 2487/5036/3788 2492/5037/3789 2488/5038/3790
f 2488/5038/3790 2492/5037/3789 4878/5039/3752 4877/5040/3749
f 2487/5036/3788 4922/3720/2822 4921/3736/2838 2492/5037/3789
f 2492/5037/3789 4921/3736/2838 5726/3738/2840 4878/5039/3752
f 2485/5031/3783 2488/5038/3790 2493/5041/3791 2489/5032/3784
f 2489/5032/3784 2493/5041/3791 4440/3656/2763 4439/3649/2756
f 2488/5038/3790 4877/5040/3749 4876/5042/3748 2493/5041/3791
f 2493/5041/3791 4876/5042/3748 5640/3657/2764 4440/3656/2763
f 2494/5043/2240 2498/5044/2240 2499/5045/2240 2495/5046/2240
f 2495/5046/2240 2499/5045/2240 4455/5018/2240 4454/5016/2240
f 2498/5044/2240 4442/3624/2240 4441/3623/2240 2499/5045/2240
f 2499/5045/2240 4441/3623/2240 5643/3626/2240 4455/5018/2240
f 2494/5043/2240 2495/5046/2240 2500/5047/2240 2496/5048/2240
f 2496/5048/2240 2500/5047/2240 4926/3696/2240 4925/3695/2240
f 2495/5046/2240 4454/5016/2240 4453/5015/2240 2500/5047/2240
f 2500/5047/2240 4453/5015/2240 5725/3697/2240 4926/3696/2240
f 2494/5043/2240 2496/5048/2240 2501/5049/2240 2497/5050/2240
f 2497/5050/2240 2501/5049/2240 4872/3762/2240 4871/3761/2240
f 2496/5048/2240 4925/3695/2240 4924/3711/2240 2501/5049/2240
f 2501/5049/2240 4924/3711/2240 5724/3713/2240 4872/3762/2240
f 2494/5043/2240 2497/5050/2240 2502/5051/2240 2498/5044/2240
f 2498/5044/2240 2502/5051/2240 4443/3631/2240 4442/3624/2240
f 2497/5050/2240 4871/3761/2240 4870/3776/2240 2502/5051/2240
f 2502/5051/2240 4870/3776/2240 5639/3632/2240 4443/3631/2240
f 2503/5052/3792 2507/5053/3793 2508/5054/3794 2504/5055/3795
f 2504/5055/3795 2508/5054/3794 4929/5056/3796 4928/5057/3797
f 2507/5053/3793 4943/5058/3793 4944/5059/3798 2508/5054/3794
f 2508/5054/3794 4944/5059/3798 5736/5060/3799 4929/5056/3796
f 2503/5052/3792 2504/5055/3795 2509/5061/3800 2505/5062/3112
f 2505/5062/3112 2509/5061/3800 4938/5063/3801 4937/5064/3802
f 2504/5055/3795 4928/5057/3797 4927/5065/3803 2509/5061/3800
f 2509/5061/3800 4927/5065/3803 5735/5066/3804 4938/5063/3801
f 2503/5052/3792 2505/5062/3112 2510/5067/3805 2506/5068/3806
f 2506/5068/3806 2510/5067/3805 4933/5069/3107 4934/5070/3100
f 2505/5062/3112 4937/5064/3802 4936/5071/3807 2510/5067/3805
f 2510/5067/3805 4936/5071/3807 5738/5072/3108 4933/5069/3107
f 2503/5052/3792 2506/5068/3806 2511/5073/3808 2507/5053/3793
f 2507/5053/3793 2511/5073/3808 4942/5074/3809 4943/5058/3793
f 2506/5068/3806 4934/5070/3100 4935/5075/3099 2511/5073/3808
f 2511/5073/3808 4935/5075/3099 5739/5076/3102 4942/5074/3809
f 2512/5077/3810 2516/5078/3811 2517/5079/3812 2513/5080/3813
f 2513/5080/3813 2517/5079/3812 4932/5081/3814 4931/5082/3815
f 2516/5078/3811 4937/5064/3802 4938/5063/3801 2517/5079/3812
f 2517/5079/3812 4938/5063/3801 5735/5066/3804 4932/5081/3814
f 2512/5077/3810 2513/5080/3813 2518/5083/3816 2514/5084/3817
f 2514/5084/3817 2518/5083/3816 4947/5085/2649 4946/5086/2642
f 2513/5080/3813 4931/5082/3815 4930/5087/3818 2518/5083/3816
f 2518/5083/3816 4930/5087/3818 5737/5088/2650 4947/5085/2649
f 2512/5077/3810 2514/5084/3817 2519/5089/3819 2515/5090/3820
f 2515/5090/3820 2519/5089/3819 4939/5091/3821 4940/5092/3822
f 2514/5084/3817 4946/5086/2642 4945/5093/2641 2519/5089/3819
f 2519/5089/3819 4945/5093/2641 5740/5094/2644 4939/5091/3821
f 2512/5077/3810 2515/5090/3820 2520/5095/3823 2516/5078/3811
f 2516/5078/3811 2520/5095/3823 4936/5071/3807 4937/5064/3802
f 2515/5090/3820 4940/5092/3822 4941/5096/3824 2520/5095/3823
f 2520/5095/3823 4941/5096/3824 5738/5072/3108 4936/5071/3807
f 2521/5097/3825 2525/5098/3826 2526/5099/3827 2522/5100/3828
f 2522/5100/3828 2526/5099/3827 5052/5101/3829 5051/5102/3830
f 2525/5098/3826 5099/5103/1758 5100/5104/1757 2526/5099/3827
f 2526/5099/3827 5100/5104/1757 5758/5105/1761 5052/5101/3829
f 2521/5097/3825 2522/5100/3828 2527/5106/3831 2523/5107/3832
f 2523/5107/3832 2527/5106/3831 4927/5108/3803 4928/5109/3797
f 2522/5100/3828 5051/5102/3830 5050/5110/3833 2527/5106/3831
f 2527/5106/3831 5050/5110/3833 5735/5111/3804 4927/5108/3803
f 2521/5097/3825 2523/5107/3832 2528/5112/3834 2524/5113/3835
f 2524/5113/3835 2528/5112/3834 4959/5114/3836 4958/5115/3837
f 2523/5107/3832 4928/5109/3797 4929/5116/3796 2528/5112/3834
f 2528/5112/3834 4929/5116/3796 5736/5117/3799 4959/5114/3836
f 2521/5097/3825 2524/5113/3835 2529/5118/3838 2525/5098/3826
f 2525/5098/3826 2529/5118/3838 5098/5119/1766 5099/5103/1758
f 2524/5113/3835 4958/5115/3837 4957/5120/3839 2529/5118/3838
f 2529/5118/3838 4957/5120/3839 5757/5121/1767 5098/5119/1766
f 2530/5122/3840 2534/5123/3841 2535/5124/3842 2531/5125/3843
f 2531/5125/3843 2535/5124/3842 4378/4132/3110 4379/4127/3106
f 2534/5123/3841 5096/5126/3844 5097/5127/3845 2535/5124/3842
f 2535/5124/3842 5097/5127/3845 5753/4133/950 4378/4132/3110
f 2530/5122/3840 2531/5125/3843 2536/5128/3846 2532/5129/3847
f 2532/5129/3847 2536/5128/3846 4941/5130/3824 4940/5131/3822
f 2531/5125/3843 4379/4127/3106 4380/4126/3105 2536/5128/3846
f 2536/5128/3846 4380/4126/3105 5738/4129/3108 4941/5130/3824
f 2530/5122/3840 2532/5129/3847 2537/5132/3848 2533/5133/3849
f 2533/5133/3849 2537/5132/3848 5044/5134/2643 5045/5135/2635
f 2532/5129/3847 4940/5131/3822 4939/5136/3821 2537/5132/3848
f 2537/5132/3848 4939/5136/3821 5740/5137/2644 5044/5134/2643
f 2530/5122/3840 2533/5133/3849 2538/5138/3850 2534/5123/3841
f 2534/5123/3841 2538/5138/3850 5095/5139/3851 5096/5126/3844
f 2533/5133/3849 5045/5135/2635 5046/5140/2634 2538/5138/3850
f 2538/5138/3850 5046/5140/2634 5756/5141/2638 5095/5139/3851
f 2539/5142/3852 2543/5143/3853 2544/5144/3854 2540/5145/3855
f 2540/5145/3855 2544/5144/3854 4951/5146/2653 4952/5147/2648
f 2543/5143/3853 5093/5148/3856 5094/5149/3857 2544/5144/3854
f 2544/5144/3854 5094/5149/3857 5755/5150/2654 4951/5146/2653
f 2539/5142/3852 2540/5145/3855 2545/5151/3858 2541/5152/3859
f 2541/5152/3859 2545/5151/3858 4930/5153/3818 4931/5154/3815
f 2540/5145/3855 4952/5147/2648 4953/5155/2647 2545/5151/3858
f 2545/5151/3858 4953/5155/2647 5737/5156/2650 4930/5153/3818
f 2539/5142/3852 2541/5152/3859 2546/5157/3860 2542/5158/3861
f 2542/5158/3861 2546/5157/3860 5050/5110/3833 5051/5102/3830
f 2541/5152/3859 4931/5154/3815 4932/5159/3814 2546/5157/3860
f 2546/5157/3860 4932/5159/3814 5735/5111/3804 5050/5110/3833
f 2539/5142/3852 2542/5158/3861 2547/5160/3862 2543/5143/3853
f 2543/5143/3853 2547/5160/3862 5092/5161/3863 5093/5148/3856
f 2542/5158/3861 5051/5102/3830 5052/5101/3829 2547/5160/3862
f 2547/5160/3862 5052/5101/3829 5758/5105/1761 5092/5161/3863
f 2548/5162/3864 2552/5163/3865 2553/5164/3866 2549/5165/3867
f 2549/5165/3867 2553/5164/3866 5089/5166/1804 5090/5167/1803
f 2552/5163/3865 5048/5168/3868 5049/5169/3869 2553/5164/3866
f 2553/5164/3866 5049/5169/3869 5757/5121/1767 5089/5166/1804
f 2548/5162/3864 2549/5165/3867 2554/5170/3870 2550/5171/3871
f 2550/5171/3871 2554/5170/3870 5058/5172/3872 5057/5173/3873
f 2549/5165/3867 5090/5167/1803 5091/5174/1817 2554/5170/3870
f 2554/5170/3870 5091/5174/1817 5760/5175/1819 5058/5172/3872
f 2548/5162/3864 2550/5171/3871 2555/5176/3874 2551/5177/3875
f 2551/5177/3875 2555/5176/3874 4977/5178/3876 4976/5179/3877
f 2550/5171/3871 5057/5173/3873 5056/5180/3878 2555/5176/3874
f 2555/5176/3874 5056/5180/3878 5742/5181/3879 4977/5178/3876
f 2548/5162/3864 2551/5177/3875 2556/5182/3880 2552/5163/3865
f 2552/5163/3865 2556/5182/3880 5047/5183/3881 5048/5168/3868
f 2551/5177/3875 4976/5179/3877 4975/5184/3882 2556/5182/3880
f 2556/5182/3880 4975/5184/3882 5595/5185/2349 5047/5183/3881
f 2557/5186/3883 2561/5187/3884 2562/5188/3885 2558/5189/3886
f 2558/5189/3886 2562/5188/3885 5004/5190/3887 5003/5191/3888
f 2561/5187/3884 4964/5192/3889 4965/5193/3890 2562/5188/3885
f 2562/5188/3885 4965/5193/3890 5742/5194/3879 5004/5190/3887
f 2557/5186/3883 2558/5189/3886 2563/5195/3891 2559/5196/3892
f 2559/5196/3892 2563/5195/3891 4989/5197/3893 4988/5198/3894
f 2558/5189/3886 5003/5191/3888 5002/5199/3895 2563/5195/3891
f 2563/5195/3891 5002/5199/3895 5746/5200/3896 4989/5197/3893
f 2557/5186/3883 2559/5196/3892 2564/5201/3897 2560/5202/3898
f 2560/5202/3898 2564/5201/3897 5001/5203/3899 5000/5204/3900
f 2559/5196/3892 4988/5198/3894 4987/5205/3901 2564/5201/3897
f 2564/5201/3897 4987/5205/3901 5745/5206/3902 5001/5203/3899
f 2557/5186/3883 2560/5202/3898 2565/5207/3903 2561/5187/3884
f 2561/5187/3884 2565/5207/3903 4963/5208/3904 4964/5192/3889
f 2560/5202/3898 5000/5204/3900 4999/5209/3905 2565/5207/3903
f 2565/5207/3903 4999/5209/3905 5741/5210/3906 4963/5208/3904
f 2566/5211/3907 2570/5212/3908 2571/5213/3909 2567/5214/3910
f 2567/5214/3910 2571/5213/3909 5086/5215/1849 5087/5216/1848
f 2570/5212/3908 5039/4114/3096 5040/4113/3095 2571/5213/3909
f 2571/5213/3909 5040/4113/3095 5754/4117/944 5086/5215/1849
f 2566/5211/3907 2567/5214/3910 2572/5217/3911 2568/5218/3912
f 2568/5218/3912 2572/5217/3911 5055/5219/3913 5054/5220/3914
f 2567/5214/3910 5087/5216/1848 5088/5221/1861 2572/5217/3911
f 2572/5217/3911 5088/5221/1861 5759/5222/1863 5055/5219/3913
f 2566/5211/3907 2568/5218/3912 2573/5223/3915 2569/5224/3916
f 2569/5224/3916 2573/5223/3915 4983/5225/3917 4982/5226/3918
f 2568/5218/3912 5054/5220/3914 5053/5227/3919 2573/5223/3915
f 2573/5223/3915 5053/5227/3919 5743/5228/3920 4983/5225/3917
f 2566/5211/3907 2569/5224/3916 2574/5229/3921 2570/5212/3908
f 2570/5212/3908 2574/5229/3921 5038/4122/3101 5039/4114/3096
f 2569/5224/3916 4982/5226/3918 4981/5230/3922 2574/5229/3921
f 2574/5229/3921 4981/5230/3922 5739/4123/3102 5038/4122/3101
f 2575/5231/3129 2579/5232/3923 2580/5233/3924 2576/5234/3925
f 2576/5234/3925 2580/5233/3924 4981/5235/3922 4982/5236/3918
f 2579/5232/3923 4943/5058/3793 4942/5074/3809 2580/5233/3924
f 2580/5233/3924 4942/5074/3809 5739/5076/3102 4981/5235/3922
f 2575/5231/3129 2576/5234/3925 2581/5237/3926 2577/5238/3927
f 2577/5238/3927 2581/5237/3926 4966/5239/3928 4967/5240/3929
f 2576/5234/3925 4982/5236/3918 4983/5241/3917 2581/5237/3926
f 2581/5237/3926 4983/5241/3917 5743/5242/3920 4966/5239/3928
f 2575/5231/3129 2577/5238/3927 2582/5243/3930 2578/5244/3931
f 2578/5244/3931 2582/5243/3930 4978/5245/3932 4979/5246/3933
f 2577/5238/3927 4967/5240/3929 4968/5247/3934 2582/5243/3930
f 2582/5243/3930 4968/5247/3934 5744/5248/3935 4978/5245/3932
f 2575/5231/3129 2578/5244/3931 2583/5249/3936 2579/5232/3923
f 2579/5232/3923 2583/5249/3936 4944/5059/3798 4943/5058/3793
f 2578/5244/3931 4979/5246/3933 4980/5250/3937 2583/5249/3936
f 2583/5249/3936 4980/5250/3937 5736/5060/3799 4944/5059/3798
f 2584/5251/3938 2588/5252/3939 2589/5253/3940 2585/5254/3941
f 2585/5254/3941 2589/5253/3940 4975/5255/3882 4976/5256/3877
f 2588/5252/3939 4385/5257/2662 4386/5258/2661 2589/5253/3940
f 2589/5253/3940 4386/5258/2661 5595/5259/2349 4975/5255/3882
f 2584/5251/3938 2585/5254/3941 2590/5260/3942 2586/5261/3943
f 2586/5261/3943 2590/5260/3942 4965/5193/3890 4964/5192/3889
f 2585/5254/3941 4976/5256/3877 4977/5262/3876 2590/5260/3942
f 2590/5260/3942 4977/5262/3876 5742/5194/3879 4965/5193/3890
f 2584/5251/3938 2586/5261/3943 2591/5263/3944 2587/5264/3945
f 2587/5264/3945 2591/5263/3944 4984/5265/3946 4985/5266/3947
f 2586/5261/3943 4964/5192/3889 4963/5208/3904 2591/5263/3944
f 2591/5263/3944 4963/5208/3904 5741/5210/3906 4984/5265/3946
f 2584/5251/3938 2587/5264/3945 2592/5267/3948 2588/5252/3939
f 2588/5252/3939 2592/5267/3948 4384/5268/2667 4385/5257/2662
f 2587/5264/3945 4985/5266/3947 4986/5269/3949 2592/5267/3948
f 2592/5267/3948 4986/5269/3949 5623/5270/2668 4384/5268/2667
f 2593/5271/3950 2597/5272/3951 2598/5273/3952 2594/5274/3953
f 2594/5274/3953 2598/5273/3952 5083/5275/1898 5084/5276/1897
f 2597/5272/3951 5063/5277/3954 5064/5278/3955 2598/5273/3952
f 2598/5273/3952 5064/5278/3955 5762/5279/1899 5083/5275/1898
f 2593/5271/3950 2594/5274/3953 2599/5280/3956 2595/5281/3957
f 2595/5281/3957 2599/5280/3956 5070/5282/3958 5069/5283/3959
f 2594/5274/3953 5084/5276/1897 5085/5284/1912 2599/5280/3956
f 2599/5280/3956 5085/5284/1912 5764/5285/1914 5070/5282/3958
f 2593/5271/3950 2595/5281/3957 2600/5286/3960 2596/5287/3961
f 2596/5287/3961 2600/5286/3960 5025/5288/3962 5024/5289/3963
f 2595/5281/3957 5069/5283/3959 5068/5290/3964 2600/5286/3960
f 2600/5286/3960 5068/5290/3964 5750/5291/3965 5025/5288/3962
f 2593/5271/3950 2596/5287/3961 2601/5292/3966 2597/5272/3951
f 2597/5272/3951 2601/5292/3966 5062/5293/3967 5063/5277/3954
f 2596/5287/3961 5024/5289/3963 5023/5294/3968 2601/5292/3966
f 2601/5292/3966 5023/5294/3968 5746/5295/3896 5062/5293/3967
f 2602/5296/3969 2606/5297/3970 2607/5298/3971 2603/5299/3972
f 2603/5299/3972 2607/5298/3971 5080/5300/1920 5081/5301/1919
f 2606/5297/3970 5057/5173/3873 5058/5172/3872 2607/5298/3971
f 2607/5298/3971 5058/5172/3872 5760/5175/1819 5080/5300/1920
f 2602/5296/3969 2603/5299/3972 2608/5302/3973 2604/5303/3974
f 2604/5303/3974 2608/5302/3973 5064/5278/3955 5063/5277/3954
f 2603/5299/3972 5081/5301/1919 5082/5304/1926 2608/5302/3973
f 2608/5302/3973 5082/5304/1926 5762/5279/1899 5064/5278/3955
f 2602/5296/3969 2604/5303/3974 2609/5305/3975 2605/5306/3976
f 2605/5306/3976 2609/5305/3975 5002/5307/3895 5003/5308/3888
f 2604/5303/3974 5063/5277/3954 5062/5293/3967 2609/5305/3975
f 2609/5305/3975 5062/5293/3967 5746/5295/3896 5002/5307/3895
f 2602/5296/3969 2605/5306/3976 2610/5309/3977 2606/5297/3970
f 2606/5297/3970 2610/5309/3977 5056/5180/3878 5057/5173/3873
f 2605/5306/3976 5003/5308/3888 5004/5310/3887 2610/5309/3977
f 2610/5309/3977 5004/5310/3887 5742/5181/3879 5056/5180/3878
f 2611/5311/3978 2615/5312/3979 2616/5313/3980 2612/5314/3981
f 2612/5314/3981 2616/5313/3980 5010/5315/3982 5009/5316/3983
f 2615/5312/3979 4967/5240/3929 4966/5239/3928 2616/5313/3980
f 2616/5313/3980 4966/5239/3928 5743/5242/3920 5010/5315/3982
f 2611/5311/3978 2612/5314/3981 2617/5317/3984 2613/5318/3985
f 2613/5318/3985 2617/5317/3984 4990/5319/3986 4991/5320/3987
f 2612/5314/3981 5009/5316/3983 5008/5321/3988 2617/5317/3984
f 2617/5317/3984 5008/5321/3988 5747/5322/3989 4990/5319/3986
f 2611/5311/3978 2613/5318/3985 2618/5323/3990 2614/5324/3991
f 2614/5324/3991 2618/5323/3990 5005/5325/3992 5006/5326/3993
f 2613/5318/3985 4991/5320/3987 4992/5327/3994 2618/5323/3990
f 2618/5323/3990 4992/5327/3994 5748/5328/3995 5005/5325/3992
f 2611/5311/3978 2614/5324/3991 2619/5329/3996 2615/5312/3979
f 2615/5312/3979 2619/5329/3996 4968/5247/3934 4967/5240/3929
f 2614/5324/3991 5006/5326/3993 5007/5330/3997 2619/5329/3996
f 2619/5329/3996 5007/5330/3997 5744/5248/3935 4968/5247/3934
f 2620/5331/3998 2624/5332/3999 2625/5333/4000 2621/5334/4001
f 2621/5334/4001 2625/5333/4000 5077/5335/1952 5078/5336/1951
f 2624/5332/3999 5054/5220/3914 5055/5219/3913 2625/5333/4000
f 2625/5333/4000 5055/5219/3913 5759/5222/1863 5077/5335/1952
f 2620/5331/3998 2621/5334/4001 2626/5337/4002 2622/5338/4003
f 2622/5338/4003 2626/5337/4002 5061/5339/4004 5060/5340/4005
f 2621/5334/4001 5078/5336/1951 5079/5341/1960 2626/5337/4002
f 2626/5337/4002 5079/5341/1960 5761/5342/1962 5061/5339/4004
f 2620/5331/3998 2622/5338/4003 2627/5343/4006 2623/5344/4007
f 2623/5344/4007 2627/5343/4006 5008/5345/3988 5009/5346/3983
f 2622/5338/4003 5060/5340/4005 5059/5347/4008 2627/5343/4006
f 2627/5343/4006 5059/5347/4008 5747/5348/3989 5008/5345/3988
f 2620/5331/3998 2623/5344/4007 2628/5349/4009 2624/5332/3999
f 2624/5332/3999 2628/5349/4009 5053/5227/3919 5054/5220/3914
f 2623/5344/4007 5009/5346/3983 5010/5350/3982 2628/5349/4009
f 2628/5349/4009 5010/5350/3982 5743/5228/3920 5053/5227/3919
f 2629/5351/4010 2633/5352/4011 2634/5353/4012 2630/5354/4013
f 2630/5354/4013 2634/5353/4012 5020/5355/4014 5021/5356/4015
f 2633/5352/4011 5075/5357/1968 5076/5358/1967 2634/5353/4012
f 2634/5353/4012 5076/5358/1967 5764/5359/1914 5020/5355/4014
f 2629/5351/4010 2630/5354/4013 2635/5360/4016 2631/5361/4017
f 2631/5361/4017 2635/5360/4016 5016/5362/4018 5015/5363/4019
f 2630/5354/4013 5021/5356/4015 5022/5364/4020 2635/5360/4016
f 2635/5360/4016 5022/5364/4020 5752/5365/4021 5016/5362/4018
f 2629/5351/4010 2631/5361/4017 2636/5366/4022 2632/5367/4023
f 2632/5367/4023 2636/5366/4022 5065/5368/4024 5066/5369/4025
f 2631/5361/4017 5015/5363/4019 5014/5370/4026 2636/5366/4022
f 2636/5366/4022 5014/5370/4026 5751/5371/4027 5065/5368/4024
f 2629/5351/4010 2632/5367/4023 2637/5372/4028 2633/5352/4011
f 2633/5352/4011 2637/5372/4028 5074/5373/1975 5075/5357/1968
f 2632/5367/4023 5066/5369/4025 5067/5374/4029 2637/5372/4028
f 2637/5372/4028 5067/5374/4029 5763/5375/1976 5074/5373/1975
f 2638/5376/4030 2642/5377/4031 2643/5378/4032 2639/5379/4033
f 2639/5379/4033 2643/5378/4032 5031/5380/4034 5030/5381/4035
f 2642/5377/4031 4991/5320/3987 4990/5319/3986 2643/5378/4032
f 2643/5378/4032 4990/5319/3986 5747/5322/3989 5031/5380/4034
f 2638/5376/4030 2639/5379/4033 2644/5382/4036 2640/5383/4037
f 2640/5383/4037 2644/5382/4036 5014/5384/4026 5015/5385/4019
f 2639/5379/4033 5030/5381/4035 5029/5386/4038 2644/5382/4036
f 2644/5382/4036 5029/5386/4038 5751/5387/4027 5014/5384/4026
f 2638/5376/4030 2640/5383/4037 2645/5388/4039 2641/5389/4040
f 2641/5389/4040 2645/5388/4039 5026/5390/4041 5027/5391/4042
f 2640/5383/4037 5015/5385/4019 5016/5392/4018 2645/5388/4039
f 2645/5388/4039 5016/5392/4018 5752/5393/4021 5026/5390/4041
f 2638/5376/4030 2641/5389/4040 2646/5394/4043 2642/5377/4031
f 2642/5377/4031 2646/5394/4043 4992/5327/3994 4991/5320/3987
f 2641/5389/4040 5027/5391/4042 5028/5395/4044 2646/5394/4043
f 2646/5394/4043 5028/5395/4044 5748/5328/3995 4992/5327/3994
f 2647/5396/4045 2651/5397/4046 2652/5398/4047 2648/5399/4048
f 2648/5399/4048 2652/5398/4047 5071/5400/2007 5072/5401/2006
f 2651/5397/4046 5060/5340/4005 5061/5339/4004 2652/5398/4047
f 2652/5398/4047 5061/5339/4004 5761/5342/1962 5071/5400/2007
f 2647/5396/4045 2648/5399/4048 2653/5402/4049 2649/5403/4050
f 2649/5403/4050 2653/5402/4049 5067/5404/4029 5066/5405/4025
f 2648/5399/4048 5072/5401/2006 5073/5406/2013 2653/5402/4049
f 2653/5402/4049 5073/5406/2013 5763/5407/1976 5067/5404/4029
f 2647/5396/4045 2649/5403/4050 2654/5408/4051 2650/5409/4052
f 2650/5409/4052 2654/5408/4051 5029/5410/4038 5030/5411/4035
f 2649/5403/4050 5066/5405/4025 5065/5412/4024 2654/5408/4051
f 2654/5408/4051 5065/5412/4024 5751/5413/4027 5029/5410/4038
f 2647/5396/4045 2650/5409/4052 2655/5414/4053 2651/5397/4046
f 2651/5397/4046 2655/5414/4053 5059/5347/4008 5060/5340/4005
f 2650/5409/4052 5030/5411/4035 5031/5415/4034 2655/5414/4053
f 2655/5414/4053 5031/5415/4034 5747/5348/3989 5059/5347/4008
f 2656/5416/4054 2660/5417/4055 2661/5418/4056 2657/5419/4057
f 2657/5419/4057 2661/5418/4056 5023/5420/3968 5024/5421/3963
f 2660/5417/4055 4988/5198/3894 4989/5197/3893 2661/5418/4056
f 2661/5418/4056 4989/5197/3893 5746/5200/3896 5023/5420/3968
f 2656/5416/4054 2657/5419/4057 2662/5422/4058 2658/5423/4059
f 2658/5423/4059 2662/5422/4058 5013/5424/4060 5012/5425/4061
f 2657/5419/4057 5024/5421/3963 5025/5426/3962 2662/5422/4058
f 2662/5422/4058 5025/5426/3962 5750/5427/3965 5013/5424/4060
f 2656/5416/4054 2658/5423/4059 2663/5428/4062 2659/5429/4063
f 2659/5429/4063 2663/5428/4062 5032/5430/4064 5033/5431/4065
f 2658/5423/4059 5012/5425/4061 5011/5432/4066 2663/5428/4062
f 2663/5428/4062 5011/5432/4066 5749/5433/4067 5032/5430/4064
f 2656/5416/4054 2659/5429/4063 2664/5434/4068 2660/5417/4055
f 2660/5417/4055 2664/5434/4068 4987/5205/3901 4988/5198/3894
f 2659/5429/4063 5033/5431/4065 5034/5435/4069 2664/5434/4068
f 2664/5434/4068 5034/5435/4069 5745/5206/3902 4987/5205/3901
f 2665/5436/4070 2669/5437/4071 2670/5438/4072 2666/5439/4073
f 2666/5439/4073 2670/5438/4072 5034/5440/4069 5033/5441/4065
f 2669/5437/4071 4994/5442/4074 4995/5443/4075 2670/5438/4072
f 2670/5438/4072 4995/5443/4075 5745/5444/3902 5034/5440/4069
f 2665/5436/4070 2666/5439/4073 2671/5445/4076 2667/5446/4077
f 2667/5446/4077 2671/5445/4076 5019/5447/4078 5018/5448/4079
f 2666/5439/4073 5033/5441/4065 5032/5449/4064 2671/5445/4076
f 2671/5445/4076 5032/5449/4064 5749/5450/4067 5019/5447/4078
f 2665/5436/4070 2667/5446/4077 2672/5451/4080 2668/5452/4081
f 2668/5452/4081 2672/5451/4080 5073/5406/2013 5072/5401/2006
f 2667/5446/4077 5018/5448/4079 5017/5453/4082 2672/5451/4080
f 2672/5451/4080 5017/5453/4082 5763/5407/1976 5073/5406/2013
f 2665/5436/4070 2668/5452/4081 2673/5454/4083 2669/5437/4071
f 2669/5437/4071 2673/5454/4083 4993/5455/4084 4994/5442/4074
f 2668/5452/4081 5072/5401/2006 5071/5400/2007 2673/5454/4083
f 2673/5454/4083 5071/5400/2007 5761/5342/1962 4993/5455/4084
f 2674/5456/4085 2678/5457/4086 2679/5458/4087 2675/5459/4088
f 2675/5459/4088 2679/5458/4087 5068/5460/3964 5069/5461/3959
f 2678/5457/4086 5012/5462/4061 5013/5463/4060 2679/5458/4087
f 2679/5458/4087 5013/5463/4060 5750/5464/3965 5068/5460/3964
f 2674/5456/4085 2675/5459/4088 2680/5465/4089 2676/5466/4090
f 2676/5466/4090 2680/5465/4089 5076/5358/1967 5075/5357/1968
f 2675/5459/4088 5069/5461/3959 5070/5467/3958 2680/5465/4089
f 2680/5465/4089 5070/5467/3958 5764/5359/1914 5076/5358/1967
f 2674/5456/4085 2676/5466/4090 2681/5468/4091 2677/5469/4092
f 2677/5469/4092 2681/5468/4091 5017/5470/4082 5018/5471/4079
f 2676/5466/4090 5075/5357/1968 5074/5373/1975 2681/5468/4091
f 2681/5468/4091 5074/5373/1975 5763/5375/1976 5017/5470/4082
f 2674/5456/4085 2677/5469/4092 2682/5472/4093 2678/5457/4086
f 2678/5457/4086 2682/5472/4093 5011/5473/4066 5012/5462/4061
f 2677/5469/4092 5018/5471/4079 5019/5474/4078 2682/5472/4093
f 2682/5472/4093 5019/5474/4078 5749/5475/4067 5011/5473/4066
f 2683/5476/4094 2687/5477/4095 2688/5478/4096 2684/5479/4097
f 2684/5479/4097 2688/5478/4096 4999/5480/3905 5000/5481/3900
f 2687/5477/4095 4970/5482/4098 4971/5483/4099 2688/5478/4096
f 2688/5478/4096 4971/5483/4099 5741/5484/3906 4999/5480/3905
f 2683/5476/4094 2684/5479/4097 2689/5485/4100 2685/5486/4101
f 2685/5486/4101 2689/5485/4100 4995/5443/4075 4994/5442/4074
f 2684/5479/4097 5000/5481/3900 5001/5487/3899 2689/5485/4100
f 2689/5485/4100 5001/5487/3899 5745/5444/3902 4995/5443/4075
f 2683/5476/4094 2685/5486/4101 2690/5488/4102 2686/5489/4103
f 2686/5489/4103 2690/5488/4102 5079/5341/1960 5078/5336/1951
f 2685/5486/4101 4994/5442/4074 4993/5455/4084 2690/5488/4102
f 2690/5488/4102 4993/5455/4084 5761/5342/1962 5079/5341/1960
f 2683/5476/4094 2686/5489/4103 2691/5490/4104 2687/5477/4095
f 2687/5477/4095 2691/5490/4104 4969/5491/4105 4970/5482/4098
f 2686/5489/4103 5078/5336/1951 5077/5335/1952 2691/5490/4104
f 2691/5490/4104 5077/5335/1952 5759/5222/1863 4969/5491/4105
f 2692/5492/4106 2696/5493/4107 2697/5494/4108 2693/5495/4109
f 2693/5495/4109 2697/5494/4108 5007/5496/3997 5006/5497/3993
f 2696/5493/4107 4973/5498/4110 4974/5499/4111 2697/5494/4108
f 2697/5494/4108 4974/5499/4111 5744/5500/3935 5007/5496/3997
f 2692/5492/4106 2693/5495/4109 2698/5501/4112 2694/5502/4113
f 2694/5502/4113 2698/5501/4112 4998/5503/4114 4997/5504/4115
f 2693/5495/4109 5006/5497/3993 5005/5505/3992 2698/5501/4112
f 2698/5501/4112 5005/5505/3992 5748/5506/3995 4998/5503/4114
f 2692/5492/4106 2694/5502/4113 2699/5507/4116 2695/5508/4117
f 2695/5508/4117 2699/5507/4116 5082/5304/1926 5081/5301/1919
f 2694/5502/4113 4997/5504/4115 4996/5509/4118 2699/5507/4116
f 2699/5507/4116 4996/5509/4118 5762/5279/1899 5082/5304/1926
f 2692/5492/4106 2695/5508/4117 2700/5510/4119 2696/5493/4107
f 2696/5493/4107 2700/5510/4119 4972/5511/4120 4973/5498/4110
f 2695/5508/4117 5081/5301/1919 5080/5300/1920 2700/5510/4119
f 2700/5510/4119 5080/5300/1920 5760/5175/1819 4972/5511/4120
f 2701/5512/4121 2705/5513/4122 2706/5514/4123 2702/5515/4124
f 2702/5515/4124 2706/5514/4123 5028/5516/4044 5027/5517/4042
f 2705/5513/4122 4997/5504/4115 4998/5503/4114 2706/5514/4123
f 2706/5514/4123 4998/5503/4114 5748/5506/3995 5028/5516/4044
f 2701/5512/4121 2702/5515/4124 2707/5518/4125 2703/5519/4126
f 2703/5519/4126 2707/5518/4125 5022/5520/4020 5021/5521/4015
f 2702/5515/4124 5027/5517/4042 5026/5522/4041 2707/5518/4125
f 2707/5518/4125 5026/5522/4041 5752/5523/4021 5022/5520/4020
f 2701/5512/4121 2703/5519/4126 2708/5524/4127 2704/5525/4128
f 2704/5525/4128 2708/5524/4127 5085/5284/1912 5084/5276/1897
f 2703/5519/4126 5021/5521/4015 5020/5526/4014 2708/5524/4127
f 2708/5524/4127 5020/5526/4014 5764/5285/1914 5085/5284/1912
f 2701/5512/4121 2704/5525/4128 2709/5527/4129 2705/5513/4122
f 2705/5513/4122 2709/5527/4129 4996/5509/4118 4997/5504/4115
f 2704/5525/4128 5084/5276/1897 5083/5275/1898 2709/5527/4129
f 2709/5527/4129 5083/5275/1898 5762/5279/1899 4996/5509/4118
f 2710/5528/4130 2714/5529/4131 2715/5530/4132 2711/5531/4133
f 2711/5531/4133 2715/5530/4132 4986/5532/3949 4985/5533/3947
f 2714/5529/4131 4949/5534/4134 4950/5535/4135 2715/5530/4132
f 2715/5530/4132 4950/5535/4135 5623/5536/2668 4986/5532/3949
f 2710/5528/4130 2711/5531/4133 2716/5537/4136 2712/5538/4137
f 2712/5538/4137 2716/5537/4136 4971/5483/4099 4970/5482/4098
f 2711/5531/4133 4985/5533/3947 4984/5539/3946 2716/5537/4136
f 2716/5537/4136 4984/5539/3946 5741/5484/3906 4971/5483/4099
f 2710/5528/4130 2712/5538/4137 2717/5540/4138 2713/5541/4139
f 2713/5541/4139 2717/5540/4138 5088/5221/1861 5087/5216/1848
f 2712/5538/4137 4970/5482/4098 4969/5491/4105 2717/5540/4138
f 2717/5540/4138 4969/5491/4105 5759/5222/1863 5088/5221/1861
f 2710/5528/4130 2713/5541/4139 2718/5542/4140 2714/5529/4131
f 2714/5529/4131 2718/5542/4140 4948/5543/4141 4949/5534/4134
f 2713/5541/4139 5087/5216/1848 5086/5215/1849 2718/5542/4140
f 2718/5542/4140 5086/5215/1849 5754/4117/944 4948/5543/4141
f 2719/5544/4142 2723/5545/4143 2724/5546/4144 2720/5547/4145
f 2720/5547/4145 2724/5546/4144 4980/5548/3937 4979/5549/3933
f 2723/5545/4143 4958/5115/3837 4959/5114/3836 2724/5546/4144
f 2724/5546/4144 4959/5114/3836 5736/5117/3799 4980/5548/3937
f 2719/5544/4142 2720/5547/4145 2725/5550/4146 2721/5551/4147
f 2721/5551/4147 2725/5550/4146 4974/5499/4111 4973/5498/4110
f 2720/5547/4145 4979/5549/3933 4978/5552/3932 2725/5550/4146
f 2725/5550/4146 4978/5552/3932 5744/5500/3935 4974/5499/4111
f 2719/5544/4142 2721/5551/4147 2726/5553/4148 2722/5554/4149
f 2722/5554/4149 2726/5553/4148 5091/5174/1817 5090/5167/1803
f 2721/5551/4147 4973/5498/4110 4972/5511/4120 2726/5553/4148
f 2726/5553/4148 4972/5511/4120 5760/5175/1819 5091/5174/1817
f 2719/5544/4142 2722/5554/4149 2727/5555/4150 2723/5545/4143
f 2723/5545/4143 2727/5555/4150 4957/5120/3839 4958/5115/3837
f 2722/5554/4149 5090/5167/1803 5089/5166/1804 2727/5555/4150
f 2727/5555/4150 5089/5166/1804 5757/5121/1767 4957/5120/3839
f 2728/5556/4151 2732/5557/4152 2733/5558/4153 2729/5559/4154
f 2729/5559/4154 2733/5558/4153 5041/5560/4155 5042/5561/4156
f 2732/5557/4152 4337/5562/3137 4336/5563/3144 2733/5558/4153
f 2733/5558/4153 4336/5563/3144 5659/5564/2383 5041/5560/4155
f 2728/5556/4151 2729/5559/4154 2734/5565/4157 2730/5566/4158
f 2730/5566/4158 2734/5565/4157 5094/5149/3857 5093/5148/3856
f 2729/5559/4154 5042/5561/4156 5043/5567/4159 2734/5565/4157
f 2734/5565/4157 5043/5567/4159 5755/5150/2654 5094/5149/3857
f 2728/5556/4151 2730/5566/4158 2735/5568/4160 2731/5569/4161
f 2731/5569/4161 2735/5568/4160 4960/5570/4162 4961/5571/4163
f 2730/5566/4158 5093/5148/3856 5092/5161/3863 2735/5568/4160
f 2735/5568/4160 5092/5161/3863 5758/5105/1761 4960/5570/4162
f 2728/5556/4151 2731/5569/4161 2736/5572/4164 2732/5557/4152
f 2732/5557/4152 2736/5572/4164 4338/5573/3138 4337/5562/3137
f 2731/5569/4161 4961/5571/4163 4962/5574/4165 2736/5572/4164
f 2736/5572/4164 4962/5574/4165 5617/5575/2564 4338/5573/3138
f 2737/5576/4166 2741/5577/4167 2742/5578/4168 2738/5579/4169
f 2738/5579/4169 2742/5578/4168 5035/5580/4170 5036/5581/4171
f 2741/5577/4167 4382/5582/2677 4383/5583/2687 2742/5578/4168
f 2742/5578/4168 4383/5583/2687 5627/5584/2689 5035/5580/4170
f 2737/5576/4166 2738/5579/4169 2743/5585/4172 2739/5586/4173
f 2739/5586/4173 2743/5585/4172 5097/5127/3845 5096/5126/3844
f 2738/5579/4169 5036/5581/4171 5037/5587/4174 2743/5585/4172
f 2743/5585/4172 5037/5587/4174 5753/4133/950 5097/5127/3845
f 2737/5576/4166 2739/5586/4173 2744/5588/4175 2740/5589/4176
f 2740/5589/4176 2744/5588/4175 4954/5590/4177 4955/5591/4178
f 2739/5586/4173 5096/5126/3844 5095/5139/3851 2744/5588/4175
f 2744/5588/4175 5095/5139/3851 5756/5141/2638 4954/5590/4177
f 2737/5576/4166 2740/5589/4176 2745/5592/4179 2741/5577/4167
f 2741/5577/4167 2745/5592/4179 4381/5593/2678 4382/5582/2677
f 2740/5589/4176 4955/5591/4178 4956/5594/4180 2745/5592/4179
f 2745/5592/4179 4956/5594/4180 5665/5595/2629 4381/5593/2678
f 2746/5596/4181 2750/5597/4182 2751/5598/4183 2747/5599/4184
f 2747/5599/4184 2751/5598/4183 4962/5574/4165 4961/5571/4163
f 2750/5597/4182 4256/5600/2553 4255/5601/2562 2751/5598/4183
f 2751/5598/4183 4255/5601/2562 5617/5575/2564 4962/5574/4165
f 2746/5596/4181 2747/5599/4184 2752/5602/4185 2748/5603/4186
f 2748/5603/4186 2752/5602/4185 5100/5104/1757 5099/5103/1758
f 2747/5599/4184 4961/5571/4163 4960/5570/4162 2752/5602/4185
f 2752/5602/4185 4960/5570/4162 5758/5105/1761 5100/5104/1757
f 2746/5596/4181 2748/5603/4186 2753/5604/4187 2749/5605/4188
f 2749/5605/4188 2753/5604/4187 5049/5169/3869 5048/5168/3868
f 2748/5603/4186 5099/5103/1758 5098/5119/1766 2753/5604/4187
f 2753/5604/4187 5098/5119/1766 5757/5121/1767 5049/5169/3869
f 2746/5596/4181 2749/5605/4188 2754/5606/4189 2750/5597/4182
f 2750/5597/4182 2754/5606/4189 4257/5607/2554 4256/5600/2553
f 2749/5605/4188 5048/5168/3868 5047/5183/3881 2754/5606/4189
f 2754/5606/4189 5047/5183/3881 5595/5185/2349 4257/5607/2554
f 2755/5608/4190 2759/5609/4191 2760/5610/4192 2756/5611/4193
f 2756/5611/4193 2760/5610/4192 4950/5535/4135 4949/5534/4134
f 2759/5609/4191 4373/5612/2713 4374/5613/2726 2760/5610/4192
f 2760/5610/4192 4374/5613/2726 5623/5536/2668 4950/5535/4135
f 2755/5608/4190 2756/5611/4193 2761/5614/4194 2757/5615/4195
f 2757/5615/4195 2761/5614/4194 5103/4116/940 5102/4115/941
f 2756/5611/4193 4949/5534/4134 4948/5543/4141 2761/5614/4194
f 2761/5614/4194 4948/5543/4141 5754/4117/944 5103/4116/940
f 2755/5608/4190 2757/5615/4195 2762/5616/4196 2758/5617/4197
f 2758/5617/4197 2762/5616/4196 5037/5587/4174 5036/5581/4171
f 2757/5615/4195 5102/4115/941 5101/4131/949 2762/5616/4196
f 2762/5616/4196 5101/4131/949 5753/4133/950 5037/5587/4174
f 2755/5608/4190 2758/5617/4197 2763/5618/4198 2759/5609/4191
f 2759/5609/4191 2763/5618/4198 4372/5619/2714 4373/5612/2713
f 2758/5617/4197 5036/5581/4171 5035/5580/4170 2763/5618/4198
f 2763/5618/4198 5035/5580/4170 5627/5584/2689 4372/5619/2714
f 2764/5620/4199 2768/5621/4200 2769/5622/4201 2765/5623/4202
f 2765/5623/4202 2769/5622/4201 5124/5624/4203 5123/5625/4204
f 2768/5621/4200 5042/5561/4156 5041/5560/4155 2769/5622/4201
f 2769/5622/4201 5041/5560/4155 5659/5564/2383 5124/5624/4203
f 2764/5620/4199 2765/5623/4202 2770/5626/4205 2766/5627/4206
f 2766/5627/4206 2770/5626/4205 5113/5628/4207 5114/5629/4208
f 2765/5623/4202 5123/5625/4204 5122/5630/4209 2770/5626/4205
f 2770/5626/4205 5122/5630/4209 5766/5631/4210 5113/5628/4207
f 2764/5620/4199 2766/5627/4206 2771/5632/4211 2767/5633/4212
f 2767/5633/4212 2771/5632/4211 5121/5634/4213 5120/5635/4214
f 2766/5627/4206 5114/5629/4208 5115/5636/4215 2771/5632/4211
f 2771/5632/4211 5115/5636/4215 5768/5637/4216 5121/5634/4213
f 2764/5620/4199 2767/5633/4212 2772/5638/4217 2768/5621/4200
f 2768/5621/4200 2772/5638/4217 5043/5567/4159 5042/5561/4156
f 2767/5633/4212 5120/5635/4214 5119/5639/4218 2772/5638/4217
f 2772/5638/4217 5119/5639/4218 5755/5150/2654 5043/5567/4159
f 2773/5640/4219 2777/5641/4220 2778/5642/4221 2774/5643/4222
f 2774/5643/4222 2778/5642/4221 5112/5644/4223 5111/5645/4224
f 2777/5641/4220 5108/5646/4225 5107/5647/4226 2778/5642/4221
f 2778/5642/4221 5107/5647/4226 5765/5648/4227 5112/5644/4223
f 2773/5640/4219 2774/5643/4222 2779/5649/4228 2775/5650/4229
f 2775/5650/4229 2779/5649/4228 5118/5651/4230 5117/5652/4231
f 2774/5643/4222 5111/5645/4224 5110/5653/4232 2779/5649/4228
f 2779/5649/4228 5110/5653/4232 5767/5654/4233 5118/5651/4230
f 2773/5640/4219 2775/5650/4229 2780/5655/4234 2776/5656/4235
f 2776/5656/4235 2780/5655/4234 5115/5657/4215 5114/5658/4208
f 2775/5650/4229 5117/5652/4231 5116/5659/4236 2780/5655/4234
f 2780/5655/4234 5116/5659/4236 5768/5660/4216 5115/5657/4215
f 2773/5640/4219 2776/5656/4235 2781/5661/4237 2777/5641/4220
f 2777/5641/4220 2781/5661/4237 5109/5662/4238 5108/5646/4225
f 2776/5656/4235 5114/5658/4208 5113/5663/4207 2781/5661/4237
f 2781/5661/4237 5113/5663/4207 5766/5664/4210 5109/5662/4238
f 2782/5665/4239 2786/5666/4240 2787/5667/4241 2783/5668/4242
f 2783/5668/4242 2787/5667/4241 5119/5669/4218 5120/5670/4214
f 2786/5666/4240 5105/5671/2636 5104/5672/2652 2787/5667/4241
f 2787/5667/4241 5104/5672/2652 5755/5673/2654 5119/5669/4218
f 2782/5665/4239 2783/5668/4242 2788/5674/4243 2784/5675/4244
f 2784/5675/4244 2788/5674/4243 5116/5676/4236 5117/5677/4231
f 2783/5668/4242 5120/5670/4214 5121/5678/4213 2788/5674/4243
f 2788/5674/4243 5121/5678/4213 5768/5679/4216 5116/5676/4236
f 2782/5665/4239 2784/5675/4244 2789/5680/4245 2785/5681/4246
f 2785/5681/4246 2789/5680/4245 5127/5682/4247 5126/5683/4248
f 2784/5675/4244 5117/5677/4231 5118/5684/4230 2789/5680/4245
f 2789/5680/4245 5118/5684/4230 5767/5685/4233 5127/5682/4247
f 2782/5665/4239 2785/5681/4246 2790/5686/4249 2786/5666/4240
f 2786/5666/4240 2790/5686/4249 5106/5687/2637 5105/5671/2636
f 2785/5681/4246 5126/5683/4248 5125/5688/4250 2790/5686/4249
f 2790/5686/4249 5125/5688/4250 5756/5689/2638 5106/5687/2637
f 2791/5690/4251 2795/5691/4252 2796/5692/4253 2792/5693/4254
f 2792/5693/4254 2796/5692/4253 5130/5694/4255 5129/5695/4256
f 2795/5691/4252 4562/5696/2614 4561/5697/2627 2796/5692/4253
f 2796/5692/4253 4561/5697/2627 5665/5698/2629 5130/5694/4255
f 2791/5690/4251 2792/5693/4254 2797/5699/4257 2793/5700/4258
f 2793/5700/4258 2797/5699/4257 5107/5701/4226 5108/5702/4225
f 2792/5693/4254 5129/5695/4256 5128/5703/4259 2797/5699/4257
f 2797/5699/4257 5128/5703/4259 5765/5704/4227 5107/5701/4226
f 2791/5690/4251 2793/5700/4258 2798/5705/4260 2794/5706/4261
f 2794/5706/4261 2798/5705/4260 5122/5707/4209 5123/5708/4204
f 2793/5700/4258 5108/5702/4225 5109/5709/4238 2798/5705/4260
f 2798/5705/4260 5109/5709/4238 5766/5710/4210 5122/5707/4209
f 2791/5690/4251 2794/5706/4261 2799/5711/4262 2795/5691/4252
f 2795/5691/4252 2799/5711/4262 4563/5712/2615 4562/5696/2614
f 2794/5706/4261 5123/5708/4204 5124/5713/4203 2799/5711/4262
f 2799/5711/4262 5124/5713/4203 5659/5714/2383 4563/5712/2615
f 2800/5715/4263 2804/5716/4264 2805/5717/4265 2801/5718/4266
f 2801/5718/4266 2805/5717/4265 5125/5719/4250 5126/5720/4248
f 2804/5716/4264 4955/5591/4178 4954/5590/4177 2805/5717/4265
f 2805/5717/4265 4954/5590/4177 5756/5141/2638 5125/5719/4250
f 2800/5715/4263 2801/5718/4266 2806/5721/4267 2802/5722/4268
f 2802/5722/4268 2806/5721/4267 5110/5723/4232 5111/5724/4224
f 2801/5718/4266 5126/5720/4248 5127/5725/4247 2806/5721/4267
f 2806/5721/4267 5127/5725/4247 5767/5726/4233 5110/5723/4232
f 2800/5715/4263 2802/5722/4268 2807/5727/4269 2803/5728/4270
f 2803/5728/4270 2807/5727/4269 5128/5729/4259 5129/5730/4256
f 2802/5722/4268 5111/5724/4224 5112/5731/4223 2807/5727/4269
f 2807/5727/4269 5112/5731/4223 5765/5732/4227 5128/5729/4259
f 2800/5715/4263 2803/5728/4270 2808/5733/4271 2804/5716/4264
f 2804/5716/4264 2808/5733/4271 4956/5594/4180 4955/5591/4178
f 2803/5728/4270 5129/5730/4256 5130/5734/4255 2808/5733/4271
f 2808/5733/4271 5130/5734/4255 5665/5595/2629 4956/5594/4180
f 2809/5735/4272 2813/5736/4273 2814/5737/4274 2810/5738/4275
f 2810/5738/4275 2814/5737/4274 5131/5739/4276 5132/5740/4277
f 2813/5736/4273 5315/5741/4278 5316/5742/4279 2814/5737/4274
f 2814/5737/4274 5316/5742/4279 5769/5743/4280 5131/5739/4276
f 2809/5735/4272 2810/5738/4275 2815/5744/4281 2811/5745/4282
f 2811/5745/4282 2815/5744/4281 5311/5746/4283 5312/5747/4284
f 2810/5738/4275 5132/5740/4277 5133/5748/4285 2815/5744/4281
f 2815/5744/4281 5133/5748/4285 5770/5749/4286 5311/5746/4283
f 2809/5735/4272 2811/5745/4282 2816/5750/4287 2812/5751/4288
f 2812/5751/4288 2816/5750/4287 5301/5752/4289 5300/5753/4290
f 2811/5745/4282 5312/5747/4284 5313/5754/4291 2816/5750/4287
f 2816/5750/4287 5313/5754/4291 5802/5755/4292 5301/5752/4289
f 2809/5735/4272 2812/5751/4288 2817/5756/4293 2813/5736/4273
f 2813/5736/4273 2817/5756/4293 5314/5757/4294 5315/5741/4278
f 2812/5751/4288 5300/5753/4290 5299/5758/4295 2817/5756/4293
f 2817/5756/4293 5299/5758/4295 5801/5759/4296 5314/5757/4294
f 2818/5760/4297 2822/5761/4298 2823/5762/4299 2819/5763/4300
f 2819/5763/4300 2823/5762/4299 5158/5764/4301 5159/5765/4302
f 2822/5761/4298 5156/5766/4303 5155/5767/4304 2823/5762/4299
f 2823/5762/4299 5155/5767/4304 5773/5768/4305 5158/5764/4301
f 2818/5760/4297 2819/5763/4300 2824/5769/4306 2820/5770/4307
f 2820/5770/4307 2824/5769/4306 5166/5771/4308 5165/5772/4309
f 2819/5763/4300 5159/5765/4302 5160/5773/4310 2824/5769/4306
f 2824/5769/4306 5160/5773/4310 5776/5774/4311 5166/5771/4308
f 2818/5760/4297 2820/5770/4307 2825/5775/4312 2821/5776/4313
f 2821/5776/4313 2825/5775/4312 5163/5777/4314 5162/5778/4315
f 2820/5770/4307 5165/5772/4309 5164/5779/4316 2825/5775/4312
f 2825/5775/4312 5164/5779/4316 5775/5780/4317 5163/5777/4314
f 2818/5760/4297 2821/5776/4313 2826/5781/4318 2822/5761/4298
f 2822/5761/4298 2826/5781/4318 5157/5782/4319 5156/5766/4303
f 2821/5776/4313 5162/5778/4315 5161/5783/4320 2826/5781/4318
f 2826/5781/4318 5161/5783/4320 5774/5784/4321 5157/5782/4319
f 2827/5785/4322 2831/5786/4323 2832/5787/4324 2828/5788/4325
f 2828/5788/4325 2832/5787/4324 5137/5789/4326 5138/5790/4327
f 2831/5786/4323 5297/5791/4328 5296/5792/4329 2832/5787/4324
f 2832/5787/4324 5296/5792/4329 5782/5793/4330 5137/5789/4326
f 2827/5785/4322 2828/5788/4325 2833/5794/4331 2829/5795/4332
f 2829/5795/4332 2833/5794/4331 5155/5796/4304 5156/5797/4303
f 2828/5788/4325 5138/5790/4327 5139/5798/4333 2833/5794/4331
f 2833/5794/4331 5139/5798/4333 5773/5799/4305 5155/5796/4304
f 2827/5785/4322 2829/5795/4332 2834/5800/4334 2830/5801/4335
f 2830/5801/4335 2834/5800/4334 5145/5802/4336 5144/5803/4337
f 2829/5795/4332 5156/5797/4303 5157/5804/4319 2834/5800/4334
f 2834/5800/4334 5157/5804/4319 5774/5805/4321 5145/5802/4336
f 2827/5785/4322 2830/5801/4335 2835/5806/4338 2831/5786/4323
f 2831/5786/4323 2835/5806/4338 5298/5807/4339 5297/5791/4328
f 2830/5801/4335 5144/5803/4337 5143/5808/4340 2835/5806/4338
f 2835/5806/4338 5143/5808/4340 5788/5809/4341 5298/5807/4339
f 2836/5810/4342 2840/5811/4343 2841/5812/4344 2837/5813/4345
f 2837/5813/4345 2841/5812/4344 5143/5814/4340 5144/5815/4337
f 2840/5811/4343 5279/5816/4346 5278/5817/4347 2841/5812/4344
f 2841/5812/4344 5278/5817/4347 5788/5818/4341 5143/5814/4340
f 2836/5810/4342 2837/5813/4345 2842/5819/4348 2838/5820/4349
f 2838/5820/4349 2842/5819/4348 5161/5821/4320 5162/5822/4315
f 2837/5813/4345 5144/5815/4337 5145/5823/4336 2842/5819/4348
f 2842/5819/4348 5145/5823/4336 5774/5824/4321 5161/5821/4320
f 2836/5810/4342 2838/5820/4349 2843/5825/4350 2839/5826/4351
f 2839/5826/4351 2843/5825/4350 5151/5827/4352 5150/5828/4353
f 2838/5820/4349 5162/5822/4315 5163/5829/4314 2843/5825/4350
f 2843/5825/4350 5163/5829/4314 5775/5830/4317 5151/5827/4352
f 2836/5810/4342 2839/5826/4351 2844/5831/4354 2840/5811/4343
f 2840/5811/4343 2844/5831/4354 5280/5832/4355 5279/5816/4346
f 2839/5826/4351 5150/5828/4353 5149/5833/4356 2844/5831/4354
f 2844/5831/4354 5149/5833/4356 5794/5834/4357 5280/5832/4355
f 2845/5835/4358 2849/5836/4359 2850/5837/4360 2846/5838/4361
f 2846/5838/4361 2850/5837/4360 5149/5839/4356 5150/5840/4353
f 2849/5836/4359 5261/5841/4362 5260/5842/4363 2850/5837/4360
f 2850/5837/4360 5260/5842/4363 5794/5843/4357 5149/5839/4356
f 2845/5835/4358 2846/5838/4361 2851/5844/4364 2847/5845/4365
f 2847/5845/4365 2851/5844/4364 5164/5846/4316 5165/5847/4309
f 2846/5838/4361 5150/5840/4353 5151/5848/4352 2851/5844/4364
f 2851/5844/4364 5151/5848/4352 5775/5849/4317 5164/5846/4316
f 2845/5835/4358 2847/5845/4365 2852/5850/4366 2848/5851/4367
f 2848/5851/4367 2852/5850/4366 5154/5852/4368 5153/5853/4369
f 2847/5845/4365 5165/5847/4309 5166/5854/4308 2852/5850/4366
f 2852/5850/4366 5166/5854/4308 5776/5855/4311 5154/5852/4368
f 2845/5835/4358 2848/5851/4367 2853/5856/4370 2849/5836/4359
f 2849/5836/4359 2853/5856/4370 5262/5857/4371 5261/5841/4362
f 2848/5851/4367 5153/5853/4369 5152/5858/4372 2853/5856/4370
f 2853/5856/4370 5152/5858/4372 5800/5859/4373 5262/5857/4371
f 2854/5860/4374 2858/5861/4375 2859/5862/4376 2855/5863/4377
f 2855/5863/4377 2859/5862/4376 5169/5864/4378 5168/5865/4379
f 2858/5861/4375 5243/5866/4380 5242/5867/4381 2859/5862/4376
f 2859/5862/4376 5242/5867/4381 5777/5868/4382 5169/5864/4378
f 2854/5860/4374 2855/5863/4377 2860/5869/4383 2856/5870/4384
f 2856/5870/4384 2860/5869/4383 5134/5871/4385 5135/5872/4386
f 2855/5863/4377 5168/5865/4379 5167/5873/4387 2860/5869/4383
f 2860/5869/4383 5167/5873/4387 5769/5874/4280 5134/5871/4385
f 2854/5860/4374 2856/5870/4384 2861/5875/4388 2857/5876/4389
f 2857/5876/4389 2861/5875/4388 5212/5877/4390 5213/5878/4391
f 2856/5870/4384 5135/5872/4386 5136/5879/4392 2861/5875/4388
f 2861/5875/4388 5136/5879/4392 5772/5880/4393 5212/5877/4390
f 2854/5860/4374 2857/5876/4389 2862/5881/4394 2858/5861/4375
f 2858/5861/4375 2862/5881/4394 5244/5882/4395 5243/5866/4380
f 2857/5876/4389 5213/5878/4391 5214/5883/4396 2862/5881/4394
f 2862/5881/4394 5214/5883/4396 5795/5884/4397 5244/5882/4395
f 2863/5885/4398 2867/5886/4399 2868/5887/4400 2864/5888/4401
f 2864/5888/4401 2868/5887/4400 5139/5889/4333 5138/5890/4327
f 2867/5886/4399 5159/5891/4302 5158/5892/4301 2868/5887/4400
f 2868/5887/4400 5158/5892/4301 5773/5893/4305 5139/5889/4333
f 2863/5885/4398 2864/5888/4401 2869/5894/4402 2865/5895/4403
f 2865/5895/4403 2869/5894/4402 5227/5896/4404 5228/5897/4405
f 2864/5888/4401 5138/5890/4327 5137/5898/4326 2869/5894/4402
f 2869/5894/4402 5137/5898/4326 5782/5899/4330 5227/5896/4404
f 2863/5885/4398 2865/5895/4403 2870/5900/4406 2866/5901/4407
f 2866/5901/4407 2870/5900/4406 5152/5902/4372 5153/5903/4369
f 2865/5895/4403 5228/5897/4405 5229/5904/4408 2870/5900/4406
f 2870/5900/4406 5229/5904/4408 5800/5905/4373 5152/5902/4372
f 2863/5885/4398 2866/5901/4407 2871/5906/4409 2867/5886/4399
f 2867/5886/4399 2871/5906/4409 5160/5907/4310 5159/5891/4302
f 2866/5901/4407 5153/5903/4369 5154/5908/4368 2871/5906/4409
f 2871/5906/4409 5154/5908/4368 5776/5909/4311 5160/5907/4310
f 2872/5910/4410 2876/5911/4411 2877/5912/4412 2873/5913/4413
f 2873/5913/4413 2877/5912/4412 5181/5914/4414 5180/5915/4415
f 2876/5911/4411 5228/5897/4405 5227/5896/4404 2877/5912/4412
f 2877/5912/4412 5227/5896/4404 5782/5899/4330 5181/5914/4414
f 2872/5910/4410 2873/5913/4413 2878/5916/4416 2874/5917/4417
f 2874/5917/4417 2878/5916/4416 5230/5918/4418 5231/5919/4419
f 2873/5913/4413 5180/5915/4415 5179/5920/4420 2878/5916/4416
f 2878/5916/4416 5179/5920/4420 5781/5921/4421 5230/5918/4418
f 2872/5910/4410 2874/5917/4417 2879/5922/4422 2875/5923/4423
f 2875/5923/4423 2879/5922/4422 5224/5924/4424 5225/5925/4425
f 2874/5917/4417 5231/5919/4419 5232/5926/4426 2879/5922/4422
f 2879/5922/4422 5232/5926/4426 5799/5927/4427 5224/5924/4424
f 2872/5910/4410 2875/5923/4423 2880/5928/4428 2876/5911/4411
f 2876/5911/4411 2880/5928/4428 5229/5904/4408 5228/5897/4405
f 2875/5923/4423 5225/5925/4425 5226/5929/4429 2880/5928/4428
f 2880/5928/4428 5226/5929/4429 5800/5905/4373 5229/5904/4408
f 2881/5930/4430 2885/5931/4431 2886/5932/4432 2882/5933/4433
f 2882/5933/4433 2886/5932/4432 5178/5934/4434 5177/5935/4435
f 2885/5931/4431 5231/5919/4419 5230/5918/4418 2886/5932/4432
f 2886/5932/4432 5230/5918/4418 5781/5921/4421 5178/5934/4434
f 2881/5930/4430 2882/5933/4433 2887/5936/4436 2883/5937/4437
f 2883/5937/4437 2887/5936/4436 5233/5938/4438 5234/5939/4439
f 2882/5933/4433 5177/5935/4435 5176/5940/4440 2887/5936/4436
f 2887/5936/4436 5176/5940/4440 5780/5941/4441 5233/5938/4438
f 2881/5930/4430 2883/5937/4437 2888/5942/4442 2884/5943/4443
f 2884/5943/4443 2888/5942/4442 5221/5944/4444 5222/5945/4445
f 2883/5937/4437 5234/5939/4439 5235/5946/4446 2888/5942/4442
f 2888/5942/4442 5235/5946/4446 5798/5947/4447 5221/5944/4444
f 2881/5930/4430 2884/5943/4443 2889/5948/4448 2885/5931/4431
f 2885/5931/4431 2889/5948/4448 5232/5926/4426 5231/5919/4419
f 2884/5943/4443 5222/5945/4445 5223/5949/4449 2889/5948/4448
f 2889/5948/4448 5223/5949/4449 5799/5927/4427 5232/5926/4426
f 2890/5950/4450 2894/5951/4451 2895/5952/4452 2891/5953/4453
f 2891/5953/4453 2895/5952/4452 5175/5954/4454 5174/5955/4455
f 2894/5951/4451 5234/5939/4439 5233/5938/4438 2895/5952/4452
f 2895/5952/4452 5233/5938/4438 5780/5941/4441 5175/5954/4454
f 2890/5950/4450 2891/5953/4453 2896/5956/4456 2892/5957/4457
f 2892/5957/4457 2896/5956/4456 5236/5958/4458 5237/5959/4459
f 2891/5953/4453 5174/5955/4455 5173/5960/4460 2896/5956/4456
f 2896/5956/4456 5173/5960/4460 5779/5961/4461 5236/5958/4458
f 2890/5950/4450 2892/5957/4457 2897/5962/4462 2893/5963/4463
f 2893/5963/4463 2897/5962/4462 5218/5964/4464 5219/5965/4465
f 2892/5957/4457 5237/5959/4459 5238/5966/4466 2897/5962/4462
f 2897/5962/4462 5238/5966/4466 5797/5967/4467 5218/5964/4464
f 2890/5950/4450 2893/5963/4463 2898/5968/4468 2894/5951/4451
f 2894/5951/4451 2898/5968/4468 5235/5946/4446 5234/5939/4439
f 2893/5963/4463 5219/5965/4465 5220/5969/4469 2898/5968/4468
f 2898/5968/4468 5220/5969/4469 5798/5947/4447 5235/5946/4446
f 2899/5970/4470 2903/5971/4471 2904/5972/4472 2900/5973/4473
f 2900/5973/4473 2904/5972/4472 5172/5974/4474 5171/5975/4475
f 2903/5971/4471 5240/5976/4476 5239/5977/4477 2904/5972/4472
f 2904/5972/4472 5239/5977/4477 5778/5978/4478 5172/5974/4474
f 2899/5970/4470 2900/5973/4473 2905/5979/4479 2901/5980/4480
f 2901/5980/4480 2905/5979/4479 5242/5867/4381 5243/5866/4380
f 2900/5973/4473 5171/5975/4475 5170/5981/4481 2905/5979/4479
f 2905/5979/4479 5170/5981/4481 5777/5868/4382 5242/5867/4381
f 2899/5970/4470 2901/5980/4480 2906/5982/4482 2902/5983/4483
f 2902/5983/4483 2906/5982/4482 5215/5984/4484 5216/5985/4485
f 2901/5980/4480 5243/5866/4380 5244/5882/4395 2906/5982/4482
f 2906/5982/4482 5244/5882/4395 5795/5884/4397 5215/5984/4484
f 2899/5970/4470 2902/5983/4483 2907/5986/4486 2903/5971/4471
f 2903/5971/4471 2907/5986/4486 5241/5987/4487 5240/5976/4476
f 2902/5983/4483 5216/5985/4485 5217/5988/4488 2907/5986/4486
f 2907/5986/4486 5217/5988/4488 5796/5989/4489 5241/5987/4487
f 2908/5990/4490 2912/5991/4491 2913/5992/4492 2909/5993/4493
f 2909/5993/4493 2913/5992/4492 5197/5994/4494 5198/5995/4495
f 2912/5991/4491 5147/5996/4496 5146/5997/4497 2913/5992/4492
f 2913/5992/4492 5146/5997/4497 5771/5998/4498 5197/5994/4494
f 2908/5990/4490 2909/5993/4493 2914/5999/4499 2910/6000/4500
f 2910/6000/4500 2914/5999/4499 5245/6001/4501 5246/6002/4502
f 2909/5993/4493 5198/5995/4495 5199/6003/4503 2914/5999/4499
f 2914/5999/4499 5199/6003/4503 5789/6004/4504 5245/6001/4501
f 2908/5990/4490 2910/6000/4500 2915/6005/4505 2911/6006/4506
f 2911/6006/4506 2915/6005/4505 5214/6007/4396 5213/6008/4391
f 2910/6000/4500 5246/6002/4502 5247/6009/4507 2915/6005/4505
f 2915/6005/4505 5247/6009/4507 5795/6010/4397 5214/6007/4396
f 2908/5990/4490 2911/6006/4506 2916/6011/4508 2912/5991/4491
f 2912/5991/4491 2916/6011/4508 5148/6012/4509 5147/5996/4496
f 2911/6006/4506 5213/6008/4391 5212/6013/4390 2916/6011/4508
f 2916/6011/4508 5212/6013/4390 5772/6014/4393 5148/6012/4509
f 2917/6015/4510 2921/6016/4511 2922/6017/4512 2918/6018/4513
f 2918/6018/4513 2922/6017/4512 5200/6019/4514 5201/6020/4515
f 2921/6016/4511 5246/6002/4502 5245/6001/4501 2922/6017/4512
f 2922/6017/4512 5245/6001/4501 5789/6004/4504 5200/6019/4514
f 2917/6015/4510 2918/6018/4513 2923/6021/4513 2919/6022/4516
f 2919/6022/4516 2923/6021/4513 5248/6023/4517 5249/6024/4518
f 2918/6018/4513 5201/6020/4515 5202/6025/4519 2923/6021/4513
f 2923/6021/4513 5202/6025/4519 5790/6026/4520 5248/6023/4517
f 2917/6015/4510 2919/6022/4516 2924/6027/4521 2920/6028/4522
f 2920/6028/4522 2924/6027/4521 5217/6029/4488 5216/6030/4485
f 2919/6022/4516 5249/6024/4518 5250/6031/4523 2924/6027/4521
f 2924/6027/4521 5250/6031/4523 5796/6032/4489 5217/6029/4488
f 2917/6015/4510 2920/6028/4522 2925/6033/4524 2921/6016/4511
f 2921/6016/4511 2925/6033/4524 5247/6009/4507 5246/6002/4502
f 2920/6028/4522 5216/6030/4485 5215/6034/4484 2925/6033/4524
f 2925/6033/4524 5215/6034/4484 5795/6010/4397 5247/6009/4507
f 2926/6035/4525 2930/6036/4526 2931/6037/4527 2927/6038/4528
f 2927/6038/4528 2931/6037/4527 5203/6039/4529 5204/6040/4530
f 2930/6036/4526 5252/6041/4531 5251/6042/4532 2931/6037/4527
f 2931/6037/4527 5251/6042/4532 5791/6043/4533 5203/6039/4529
f 2926/6035/4525 2927/6038/4528 2932/6044/4534 2928/6045/4535
f 2928/6045/4535 2932/6044/4534 5254/6046/4536 5255/6047/4537
f 2927/6038/4528 5204/6040/4530 5205/6048/4538 2932/6044/4534
f 2932/6044/4534 5205/6048/4538 5792/6049/4539 5254/6046/4536
f 2926/6035/4525 2928/6045/4535 2933/6050/4540 2929/6051/4541
f 2929/6051/4541 2933/6050/4540 5220/6052/4469 5219/6053/4465
f 2928/6045/4535 5255/6047/4537 5256/6054/4542 2933/6050/4540
f 2933/6050/4540 5256/6054/4542 5798/6055/4447 5220/6052/4469
f 2926/6035/4525 2929/6051/4541 2934/6056/4543 2930/6036/4526
f 2930/6036/4526 2934/6056/4543 5253/6057/4544 5252/6041/4531
f 2929/6051/4541 5219/6053/4465 5218/6058/4464 2934/6056/4543
f 2934/6056/4543 5218/6058/4464 5797/6059/4467 5253/6057/4544
f 2935/6060/4545 2939/6061/4546 2940/6062/4547 2936/6063/4548
f 2936/6063/4548 2940/6062/4547 5206/6064/4549 5207/6065/4550
f 2939/6061/4546 5255/6047/4537 5254/6046/4536 2940/6062/4547
f 2940/6062/4547 5254/6046/4536 5792/6049/4539 5206/6064/4549
f 2935/6060/4545 2936/6063/4548 2941/6066/4551 2937/6067/4552
f 2937/6067/4552 2941/6066/4551 5257/6068/4553 5258/6069/4554
f 2936/6063/4548 5207/6065/4550 5208/6070/4555 2941/6066/4551
f 2941/6066/4551 5208/6070/4555 5793/6071/4556 5257/6068/4553
f 2935/6060/4545 2937/6067/4552 2942/6072/4557 2938/6073/4558
f 2938/6073/4558 2942/6072/4557 5223/6074/4449 5222/6075/4445
f 2937/6067/4552 5258/6069/4554 5259/6076/4559 2942/6072/4557
f 2942/6072/4557 5259/6076/4559 5799/6077/4427 5223/6074/4449
f 2935/6060/4545 2938/6073/4558 2943/6078/4560 2939/6061/4546
f 2939/6061/4546 2943/6078/4560 5256/6054/4542 5255/6047/4537
f 2938/6073/4558 5222/6075/4445 5221/6079/4444 2943/6078/4560
f 2943/6078/4560 5221/6079/4444 5798/6055/4447 5256/6054/4542
f 2944/6080/4561 2948/6081/4562 2949/6082/4563 2945/6083/4564
f 2945/6083/4564 2949/6082/4563 5209/6084/4565 5210/6085/4566
f 2948/6081/4562 5258/6069/4554 5257/6068/4553 2949/6082/4563
f 2949/6082/4563 5257/6068/4553 5793/6071/4556 5209/6084/4565
f 2944/6080/4561 2945/6083/4564 2950/6086/4567 2946/6087/4568
f 2946/6087/4568 2950/6086/4567 5260/5842/4363 5261/5841/4362
f 2945/6083/4564 5210/6085/4566 5211/6088/4569 2950/6086/4567
f 2950/6086/4567 5211/6088/4569 5794/5843/4357 5260/5842/4363
f 2944/6080/4561 2946/6087/4568 2951/6089/4570 2947/6090/4571
f 2947/6090/4571 2951/6089/4570 5226/6091/4429 5225/6092/4425
f 2946/6087/4568 5261/5841/4362 5262/5857/4371 2951/6089/4570
f 2951/6089/4570 5262/5857/4371 5800/5859/4373 5226/6091/4429
f 2944/6080/4561 2947/6090/4571 2952/6093/4572 2948/6081/4562
f 2948/6081/4562 2952/6093/4572 5259/6076/4559 5258/6069/4554
f 2947/6090/4571 5225/6092/4425 5224/6094/4424 2952/6093/4572
f 2952/6093/4572 5224/6094/4424 5799/6077/4427 5259/6076/4559
f 2953/6095/4573 2957/6096/4574 2958/6097/4575 2954/6098/4576
f 2954/6098/4576 2958/6097/4575 5182/6099/4577 5183/6100/4578
f 2957/6096/4574 5141/6101/4579 5140/6102/4580 2958/6097/4575
f 2958/6097/4575 5140/6102/4580 5770/6103/4286 5182/6099/4577
f 2953/6095/4573 2954/6098/4576 2959/6104/4581 2955/6105/4582
f 2955/6105/4582 2959/6104/4581 5263/6106/4583 5264/6107/4584
f 2954/6098/4576 5183/6100/4578 5184/6108/4585 2959/6104/4581
f 2959/6104/4581 5184/6108/4585 5783/6109/4586 5263/6106/4583
f 2953/6095/4573 2955/6105/4582 2960/6110/4587 2956/6111/4588
f 2956/6111/4588 2960/6110/4587 5199/6112/4503 5198/6113/4495
f 2955/6105/4582 5264/6107/4584 5265/6114/4589 2960/6110/4587
f 2960/6110/4587 5265/6114/4589 5789/6115/4504 5199/6112/4503
f 2953/6095/4573 2956/6111/4588 2961/6116/4590 2957/6096/4574
f 2957/6096/4574 2961/6116/4590 5142/6117/4591 5141/6101/4579
f 2956/6111/4588 5198/6113/4495 5197/6118/4494 2961/6116/4590
f 2961/6116/4590 5197/6118/4494 5771/6119/4498 5142/6117/4591
f 2962/6120/4592 2966/6121/4593 2967/6122/4594 2963/6123/4595
f 2963/6123/4595 2967/6122/4594 5185/6124/4596 5186/6125/4597
f 2966/6121/4593 5264/6107/4584 5263/6106/4583 2967/6122/4594
f 2967/6122/4594 5263/6106/4583 5783/6109/4586 5185/6124/4596
f 2962/6120/4592 2963/6123/4595 2968/6126/4598 2964/6127/4599
f 2964/6127/4599 2968/6126/4598 5266/6128/4600 5267/6129/4601
f 2963/6123/4595 5186/6125/4597 5187/6130/4602 2968/6126/4598
f 2968/6126/4598 5187/6130/4602 5784/6131/4603 5266/6128/4600
f 2962/6120/4592 2964/6127/4599 2969/6132/4604 2965/6133/4605
f 2965/6133/4605 2969/6132/4604 5202/6134/4519 5201/6135/4515
f 2964/6127/4599 5267/6129/4601 5268/6136/4606 2969/6132/4604
f 2969/6132/4604 5268/6136/4606 5790/6137/4520 5202/6134/4519
f 2962/6120/4592 2965/6133/4605 2970/6138/4607 2966/6121/4593
f 2966/6121/4593 2970/6138/4607 5265/6114/4589 5264/6107/4584
f 2965/6133/4605 5201/6135/4515 5200/6139/4514 2970/6138/4607
f 2970/6138/4607 5200/6139/4514 5789/6115/4504 5265/6114/4589
f 2971/6140/4608 2975/6141/4609 2976/6142/4610 2972/6143/4611
f 2972/6143/4611 2976/6142/4610 5188/6144/4612 5189/6145/4613
f 2975/6141/4609 5270/6146/4614 5269/6147/4615 2976/6142/4610
f 2976/6142/4610 5269/6147/4615 5785/6148/4616 5188/6144/4612
f 2971/6140/4608 2972/6143/4611 2977/6149/4617 2973/6150/4618
f 2973/6150/4618 2977/6149/4617 5272/6151/4619 5273/6152/4620
f 2972/6143/4611 5189/6145/4613 5190/6153/4621 2977/6149/4617
f 2977/6149/4617 5190/6153/4621 5786/6154/4622 5272/6151/4619
f 2971/6140/4608 2973/6150/4618 2978/6155/4623 2974/6156/4624
f 2974/6156/4624 2978/6155/4623 5205/6157/4538 5204/6158/4530
f 2973/6150/4618 5273/6152/4620 5274/6159/4625 2978/6155/4623
f 2978/6155/4623 5274/6159/4625 5792/6160/4539 5205/6157/4538
f 2971/6140/4608 2974/6156/4624 2979/6161/4626 2975/6141/4609
f 2975/6141/4609 2979/6161/4626 5271/6162/4627 5270/6146/4614
f 2974/6156/4624 5204/6158/4530 5203/6163/4529 2979/6161/4626
f 2979/6161/4626 5203/6163/4529 5791/6164/4533 5271/6162/4627
f 2980/6165/4628 2984/6166/4629 2985/6167/4630 2981/6168/4631
f 2981/6168/4631 2985/6167/4630 5191/6169/4632 5192/6170/4633
f 2984/6166/4629 5273/6152/4620 5272/6151/4619 2985/6167/4630
f 2985/6167/4630 5272/6151/4619 5786/6154/4622 5191/6169/4632
f 2980/6165/4628 2981/6168/4631 2986/6171/4634 2982/6172/4635
f 2982/6172/4635 2986/6171/4634 5275/6173/4636 5276/6174/4637
f 2981/6168/4631 5192/6170/4633 5193/6175/4638 2986/6171/4634
f 2986/6171/4634 5193/6175/4638 5787/6176/4639 5275/6173/4636
f 2980/6165/4628 2982/6172/4635 2987/6177/4640 2983/6178/4641
f 2983/6178/4641 2987/6177/4640 5208/6179/4555 5207/6180/4550
f 2982/6172/4635 5276/6174/4637 5277/6181/4642 2987/6177/4640
f 2987/6177/4640 5277/6181/4642 5793/6182/4556 5208/6179/4555
f 2980/6165/4628 2983/6178/4641 2988/6183/4643 2984/6166/4629
f 2984/6166/4629 2988/6183/4643 5274/6159/4625 5273/6152/4620
f 2983/6178/4641 5207/6180/4550 5206/6184/4549 2988/6183/4643
f 2988/6183/4643 5206/6184/4549 5792/6160/4539 5274/6159/4625
f 2989/6185/4644 2993/6186/4645 2994/6187/4646 2990/6188/4647
f 2990/6188/4647 2994/6187/4646 5194/6189/4648 5195/6190/4649
f 2993/6186/4645 5276/6174/4637 5275/6173/4636 2994/6187/4646
f 2994/6187/4646 5275/6173/4636 5787/6176/4639 5194/6189/4648
f 2989/6185/4644 2990/6188/4647 2995/6191/4650 2991/6192/4651
f 2991/6192/4651 2995/6191/4650 5278/5817/4347 5279/5816/4346
f 2990/6188/4647 5195/6190/4649 5196/6193/4652 2995/6191/4650
f 2995/6191/4650 5196/6193/4652 5788/5818/4341 5278/5817/4347
f 2989/6185/4644 2991/6192/4651 2996/6194/4653 2992/6195/4654
f 2992/6195/4654 2996/6194/4653 5211/6196/4569 5210/6197/4566
f 2991/6192/4651 5279/5816/4346 5280/5832/4355 2996/6194/4653
f 2996/6194/4653 5280/5832/4355 5794/5834/4357 5211/6196/4569
f 2989/6185/4644 2992/6195/4654 2997/6198/4655 2993/6186/4645
f 2993/6186/4645 2997/6198/4655 5277/6181/4642 5276/6174/4637
f 2992/6195/4654 5210/6197/4566 5209/6199/4565 2997/6198/4655
f 2997/6198/4655 5209/6199/4565 5793/6182/4556 5277/6181/4642
f 2998/6200/4656 3002/6201/4657 3003/6202/4658 2999/6203/4659
f 2999/6203/4659 3003/6202/4658 5167/6204/4387 5168/6205/4379
f 3002/6201/4657 5132/5740/4277 5131/5739/4276 3003/6202/4658
f 3003/6202/4658 5131/5739/4276 5769/5743/4280 5167/6204/4387
f 2998/6200/4656 2999/6203/4659 3004/6206/4660 3000/6207/4661
f 3000/6207/4661 3004/6206/4660 5281/6208/4662 5282/6209/4663
f 2999/6203/4659 5168/6205/4379 5169/6210/4378 3004/6206/4660
f 3004/6206/4660 5169/6210/4378 5777/6211/4382 5281/6208/4662
f 2998/6200/4656 3000/6207/4661 3005/6212/4664 3001/6213/4665
f 3001/6213/4665 3005/6212/4664 5184/6214/4585 5183/6215/4578
f 3000/6207/4661 5282/6209/4663 5283/6216/4666 3005/6212/4664
f 3005/6212/4664 5283/6216/4666 5783/6217/4586 5184/6214/4585
f 2998/6200/4656 3001/6213/4665 3006/6218/4667 3002/6201/4657
f 3002/6201/4657 3006/6218/4667 5133/5748/4285 5132/5740/4277
f 3001/6213/4665 5183/6215/4578 5182/6219/4577 3006/6218/4667
f 3006/6218/4667 5182/6219/4577 5770/5749/4286 5133/5748/4285
f 3007/6220/4668 3011/6221/4669 3012/6222/4670 3008/6223/4671
f 3008/6223/4671 3012/6222/4670 5170/6224/4481 5171/6225/4475
f 3011/6221/4669 5282/6209/4663 5281/6208/4662 3012/6222/4670
f 3012/6222/4670 5281/6208/4662 5777/6211/4382 5170/6224/4481
f 3007/6220/4668 3008/6223/4671 3013/6226/4672 3009/6227/4673
f 3009/6227/4673 3013/6226/4672 5284/6228/4674 5285/6229/4675
f 3008/6223/4671 5171/6225/4475 5172/6230/4474 3013/6226/4672
f 3013/6226/4672 5172/6230/4474 5778/6231/4478 5284/6228/4674
f 3007/6220/4668 3009/6227/4673 3014/6232/4676 3010/6233/4676
f 3010/6233/4676 3014/6232/4676 5187/6234/4602 5186/6235/4597
f 3009/6227/4673 5285/6229/4675 5286/6236/4677 3014/6232/4676
f 3014/6232/4676 5286/6236/4677 5784/6237/4603 5187/6234/4602
f 3007/6220/4668 3010/6233/4676 3015/6238/4678 3011/6221/4669
f 3011/6221/4669 3015/6238/4678 5283/6216/4666 5282/6209/4663
f 3010/6233/4676 5186/6235/4597 5185/6239/4596 3015/6238/4678
f 3015/6238/4678 5185/6239/4596 5783/6217/4586 5283/6216/4666
f 3016/6240/4679 3020/6241/4680 3021/6242/4681 3017/6243/4682
f 3017/6243/4682 3021/6242/4681 5173/6244/4460 5174/6245/4455
f 3020/6241/4680 5288/6246/4683 5287/6247/4684 3021/6242/4681
f 3021/6242/4681 5287/6247/4684 5779/6248/4461 5173/6244/4460
f 3016/6240/4679 3017/6243/4682 3022/6249/4685 3018/6250/4686
f 3018/6250/4686 3022/6249/4685 5290/6251/4687 5291/6252/4688
f 3017/6243/4682 5174/6245/4455 5175/6253/4454 3022/6249/4685
f 3022/6249/4685 5175/6253/4454 5780/6254/4441 5290/6251/4687
f 3016/6240/4679 3018/6250/4686 3023/6255/4689 3019/6256/4690
f 3019/6256/4690 3023/6255/4689 5190/6257/4621 5189/6258/4613
f 3018/6250/4686 5291/6252/4688 5292/6259/4691 3023/6255/4689
f 3023/6255/4689 5292/6259/4691 5786/6260/4622 5190/6257/4621
f 3016/6240/4679 3019/6256/4690 3024/6261/4692 3020/6241/4680
f 3020/6241/4680 3024/6261/4692 5289/6262/4693 5288/6246/4683
f 3019/6256/4690 5189/6258/4613 5188/6263/4612 3024/6261/4692
f 3024/6261/4692 5188/6263/4612 5785/6264/4616 5289/6262/4693
f 3025/6265/4694 3029/6266/4695 3030/6267/4696 3026/6268/4697
f 3026/6268/4697 3030/6267/4696 5176/6269/4440 5177/6270/4435
f 3029/6266/4695 5291/6252/4688 5290/6251/4687 3030/6267/4696
f 3030/6267/4696 5290/6251/4687 5780/6254/4441 5176/6269/4440
f 3025/6265/4694 3026/6268/4697 3031/6271/4698 3027/6272/4699
f 3027/6272/4699 3031/6271/4698 5293/6273/4700 5294/6274/4701
f 3026/6268/4697 5177/6270/4435 5178/6275/4434 3031/6271/4698
f 3031/6271/4698 5178/6275/4434 5781/6276/4421 5293/6273/4700
f 3025/6265/4694 3027/6272/4699 3032/6277/4702 3028/6278/4703
f 3028/6278/4703 3032/6277/4702 5193/6279/4638 5192/6280/4633
f 3027/6272/4699 5294/6274/4701 5295/6281/4704 3032/6277/4702
f 3032/6277/4702 5295/6281/4704 5787/6282/4639 5193/6279/4638
f 3025/6265/4694 3028/6278/4703 3033/6283/4705 3029/6266/4695
f 3029/6266/4695 3033/6283/4705 5292/6259/4691 5291/6252/4688
f 3028/6278/4703 5192/6280/4633 5191/6284/4632 3033/6283/4705
f 3033/6283/4705 5191/6284/4632 5786/6260/4622 5292/6259/4691
f 3034/6285/4706 3038/6286/4707 3039/6287/4708 3035/6288/4709
f 3035/6288/4709 3039/6287/4708 5179/6289/4420 5180/6290/4415
f 3038/6286/4707 5294/6274/4701 5293/6273/4700 3039/6287/4708
f 3039/6287/4708 5293/6273/4700 5781/6276/4421 5179/6289/4420
f 3034/6285/4706 3035/6288/4709 3040/6291/4710 3036/6292/4711
f 3036/6292/4711 3040/6291/4710 5296/5792/4329 5297/5791/4328
f 3035/6288/4709 5180/6290/4415 5181/6293/4414 3040/6291/4710
f 3040/6291/4710 5181/6293/4414 5782/5793/4330 5296/5792/4329
f 3034/6285/4706 3036/6292/4711 3041/6294/4712 3037/6295/4713
f 3037/6295/4713 3041/6294/4712 5196/6296/4652 5195/6297/4649
f 3036/6292/4711 5297/5791/4328 5298/5807/4339 3041/6294/4712
f 3041/6294/4712 5298/5807/4339 5788/5809/4341 5196/6296/4652
f 3034/6285/4706 3037/6295/4713 3042/6298/4714 3038/6286/4707
f 3038/6286/4707 3042/6298/4714 5295/6281/4704 5294/6274/4701
f 3037/6295/4713 5195/6297/4649 5194/6299/4648 3042/6298/4714
f 3042/6298/4714 5194/6299/4648 5787/6282/4639 5295/6281/4704
f 3043/6300/4715 3047/6301/4716 3048/6302/4717 3044/6303/4718
f 3044/6303/4718 3048/6302/4717 5305/6304/4719 5306/6305/4720
f 3047/6301/4716 5339/6306/4721 5340/6307/4722 3048/6302/4717
f 3048/6302/4717 5340/6307/4722 5802/6308/4292 5305/6304/4719
f 3043/6300/4715 3044/6303/4718 3049/6309/4723 3045/6310/4724
f 3045/6310/4724 3049/6309/4723 5335/6311/4725 5336/6312/4726
f 3044/6303/4718 5306/6305/4720 5307/6313/4727 3049/6309/4723
f 3049/6309/4723 5307/6313/4727 5803/6314/4728 5335/6311/4725
f 3043/6300/4715 3045/6310/4724 3050/6315/4729 3046/6316/4730
f 3046/6316/4730 3050/6315/4729 5331/6317/4731 5330/6318/4732
f 3045/6310/4724 5336/6312/4726 5337/6319/4733 3050/6315/4729
f 3050/6315/4729 5337/6319/4733 5807/6320/4734 5331/6317/4731
f 3043/6300/4715 3046/6316/4730 3051/6321/4735 3047/6301/4716
f 3047/6301/4716 3051/6321/4735 5338/6322/4736 5339/6306/4721
f 3046/6316/4730 5330/6318/4732 5329/6323/4737 3051/6321/4735
f 3051/6321/4735 5329/6323/4737 5806/6324/4738 5338/6322/4736
f 3052/6325/4739 3056/6326/4740 3057/6327/4741 3053/6328/4742
f 3053/6328/4742 3057/6327/4741 5146/5997/4497 5147/5996/4496
f 3056/6326/4740 5321/6329/4743 5322/6330/4744 3057/6327/4741
f 3057/6327/4741 5322/6330/4744 5771/5998/4498 5146/5997/4497
f 3052/6325/4739 3053/6328/4742 3058/6331/4745 3054/6332/4746
f 3054/6332/4746 3058/6331/4745 5317/6333/4747 5318/6334/4748
f 3053/6328/4742 5147/5996/4496 5148/6012/4509 3058/6331/4745
f 3058/6331/4745 5148/6012/4509 5772/6014/4393 5317/6333/4747
f 3052/6325/4739 3054/6332/4746 3059/6335/4749 3055/6336/4750
f 3055/6336/4750 3059/6335/4749 5310/6337/4751 5309/6338/4752
f 3054/6332/4746 5318/6334/4748 5319/6339/4753 3059/6335/4749
f 3059/6335/4749 5319/6339/4753 5804/6340/4754 5310/6337/4751
f 3052/6325/4739 3055/6336/4750 3060/6341/4755 3056/6326/4740
f 3056/6326/4740 3060/6341/4755 5320/6342/4756 5321/6329/4743
f 3055/6336/4750 5309/6338/4752 5308/6343/4757 3060/6341/4755
f 3060/6341/4755 5308/6343/4757 5803/6344/4728 5320/6342/4756
f 3061/6345/4758 3065/6346/4759 3066/6347/4760 3062/6348/4761
f 3062/6348/4761 3066/6347/4760 5140/6349/4580 5141/6350/4579
f 3065/6346/4759 5312/6351/4284 5311/6352/4283 3066/6347/4760
f 3066/6347/4760 5311/6352/4283 5770/6353/4286 5140/6349/4580
f 3061/6345/4758 3062/6348/4761 3067/6354/4762 3063/6355/4763
f 3063/6355/4763 3067/6354/4762 5322/6356/4744 5321/6357/4743
f 3062/6348/4761 5141/6350/4579 5142/6358/4591 3067/6354/4762
f 3067/6354/4762 5142/6358/4591 5771/6359/4498 5322/6356/4744
f 3061/6345/4758 3063/6355/4763 3068/6360/4764 3064/6361/4765
f 3064/6361/4765 3068/6360/4764 5307/6362/4727 5306/6363/4720
f 3063/6355/4763 5321/6357/4743 5320/6364/4756 3068/6360/4764
f 3068/6360/4764 5320/6364/4756 5803/6365/4728 5307/6362/4727
f 3061/6345/4758 3064/6361/4765 3069/6366/4766 3065/6346/4759
f 3065/6346/4759 3069/6366/4766 5313/6367/4291 5312/6351/4284
f 3064/6361/4765 5306/6363/4720 5305/6368/4719 3069/6366/4766
f 3069/6366/4766 5305/6368/4719 5802/6369/4292 5313/6367/4291
f 3070/6370/4767 3074/6371/4768 3075/6372/4769 3071/6373/4770
f 3071/6373/4770 3075/6372/4769 5136/5879/4392 5135/5872/4386
f 3074/6371/4768 5318/6374/4748 5317/6375/4747 3075/6372/4769
f 3075/6372/4769 5317/6375/4747 5772/5880/4393 5136/5879/4392
f 3070/6370/4767 3071/6373/4770 3076/6376/4771 3072/6377/4772
f 3072/6377/4772 3076/6376/4771 5316/6378/4279 5315/6379/4278
f 3071/6373/4770 5135/5872/4386 5134/5871/4385 3076/6376/4771
f 3076/6376/4771 5134/5871/4385 5769/5874/4280 5316/6378/4279
f 3070/6370/4767 3072/6377/4772 3077/6380/4773 3073/6381/4774
f 3073/6381/4774 3077/6380/4773 5302/6382/4775 5303/6383/4776
f 3072/6377/4772 5315/6379/4278 5314/6384/4294 3077/6380/4773
f 3077/6380/4773 5314/6384/4294 5801/6385/4296 5302/6382/4775
f 3070/6370/4767 3073/6381/4774 3078/6386/4777 3074/6371/4768
f 3074/6371/4768 3078/6386/4777 5319/6387/4753 5318/6374/4748
f 3073/6381/4774 5303/6383/4776 5304/6388/4778 3078/6386/4777
f 3078/6386/4777 5304/6388/4778 5804/6389/4754 5319/6387/4753
f 3079/6390/4779 3083/6391/4780 3084/6392/4781 3080/6393/4782
f 3080/6393/4782 3084/6392/4781 5323/6394/4783 5324/6395/4784
f 3083/6391/4780 5327/6396/4785 5326/6397/4786 3084/6392/4781
f 3084/6392/4781 5326/6397/4786 5805/6398/4787 5323/6394/4783
f 3079/6390/4779 3080/6393/4782 3085/6399/4788 3081/6400/4789
f 3081/6400/4789 3085/6399/4788 5329/6401/4737 5330/6402/4732
f 3080/6393/4782 5324/6395/4784 5325/6403/4790 3085/6399/4788
f 3085/6399/4788 5325/6403/4790 5806/6404/4738 5329/6401/4737
f 3079/6390/4779 3081/6400/4789 3086/6405/4791 3082/6406/4792
f 3082/6406/4792 3086/6405/4791 5332/6407/4793 5333/6408/4794
f 3081/6400/4789 5330/6402/4732 5331/6409/4731 3086/6405/4791
f 3086/6405/4791 5331/6409/4731 5807/6410/4734 5332/6407/4793
f 3079/6390/4779 3082/6406/4792 3087/6411/4795 3083/6391/4780
f 3083/6391/4780 3087/6411/4795 5328/6412/4796 5327/6396/4785
f 3082/6406/4792 5333/6408/4794 5334/6413/4797 3087/6411/4795
f 3087/6411/4795 5334/6413/4797 5808/6414/4798 5328/6412/4796
f 3088/6415/4799 3092/6416/4800 3093/6417/4801 3089/6418/4802
f 3089/6418/4802 3093/6417/4801 5299/5758/4295 5300/5753/4290
f 3092/6416/4800 5342/6419/4803 5343/6420/4804 3093/6417/4801
f 3093/6417/4801 5343/6420/4804 5801/5759/4296 5299/5758/4295
f 3088/6415/4799 3089/6418/4802 3094/6421/4805 3090/6422/4806
f 3090/6422/4806 3094/6421/4805 5340/6423/4722 5339/6424/4721
f 3089/6418/4802 5300/5753/4290 5301/5752/4289 3094/6421/4805
f 3094/6421/4805 5301/5752/4289 5802/5755/4292 5340/6423/4722
f 3088/6415/4799 3090/6422/4806 3095/6425/4807 3091/6426/4808
f 3091/6426/4808 3095/6425/4807 5325/6427/4790 5324/6428/4784
f 3090/6422/4806 5339/6424/4721 5338/6429/4736 3095/6425/4807
f 3095/6425/4807 5338/6429/4736 5806/6430/4738 5325/6427/4790
f 3088/6415/4799 3091/6426/4808 3096/6431/4809 3092/6416/4800
f 3092/6416/4800 3096/6431/4809 5341/6432/4810 5342/6419/4803
f 3091/6426/4808 5324/6428/4784 5323/6433/4783 3096/6431/4809
f 3096/6431/4809 5323/6433/4783 5805/6434/4787 5341/6432/4810
f 3097/6435/4811 3101/6436/4812 3102/6437/4813 3098/6438/4814
f 3098/6438/4814 3102/6437/4813 5308/6343/4757 5309/6338/4752
f 3101/6436/4812 5336/6439/4726 5335/6440/4725 3102/6437/4813
f 3102/6437/4813 5335/6440/4725 5803/6344/4728 5308/6343/4757
f 3097/6435/4811 3098/6438/4814 3103/6441/4815 3099/6442/4816
f 3099/6442/4816 3103/6441/4815 5344/6443/4817 5345/6444/4818
f 3098/6438/4814 5309/6338/4752 5310/6337/4751 3103/6441/4815
f 3103/6441/4815 5310/6337/4751 5804/6340/4754 5344/6443/4817
f 3097/6435/4811 3099/6442/4816 3104/6445/4819 3100/6446/4820
f 3100/6446/4820 3104/6445/4819 5334/6447/4797 5333/6448/4794
f 3099/6442/4816 5345/6444/4818 5346/6449/4821 3104/6445/4819
f 3104/6445/4819 5346/6449/4821 5808/6450/4798 5334/6447/4797
f 3097/6435/4811 3100/6446/4820 3105/6451/4822 3101/6436/4812
f 3101/6436/4812 3105/6451/4822 5337/6452/4733 5336/6439/4726
f 3100/6446/4820 5333/6448/4794 5332/6453/4793 3105/6451/4822
f 3105/6451/4822 5332/6453/4793 5807/6454/4734 5337/6452/4733
f 3106/6455/4823 3110/6456/4824 3111/6457/4825 3107/6458/4826
f 3107/6458/4826 3111/6457/4825 5304/6388/4778 5303/6383/4776
f 3110/6456/4824 5345/6459/4818 5344/6460/4817 3111/6457/4825
f 3111/6457/4825 5344/6460/4817 5804/6389/4754 5304/6388/4778
f 3106/6455/4823 3107/6458/4826 3112/6461/4827 3108/6462/4828
f 3108/6462/4828 3112/6461/4827 5343/6463/4804 5342/6464/4803
f 3107/6458/4826 5303/6383/4776 5302/6382/4775 3112/6461/4827
f 3112/6461/4827 5302/6382/4775 5801/6385/4296 5343/6463/4804
f 3106/6455/4823 3108/6462/4828 3113/6465/4829 3109/6466/4830
f 3109/6466/4830 3113/6465/4829 5326/6467/4786 5327/6468/4785
f 3108/6462/4828 5342/6464/4803 5341/6469/4810 3113/6465/4829
f 3113/6465/4829 5341/6469/4810 5805/6470/4787 5326/6467/4786
f 3106/6455/4823 3109/6466/4830 3114/6471/4831 3110/6456/4824
f 3110/6456/4824 3114/6471/4831 5346/6472/4821 5345/6459/4818
f 3109/6466/4830 5327/6468/4785 5328/6473/4796 3114/6471/4831
f 3114/6471/4831 5328/6473/4796 5808/6474/4798 5346/6472/4821
f 3115/6475/4832 3119/6476/4833 3120/6477/4834 3116/6478/4835
f 3116/6478/4835 3120/6477/4834 5352/6479/4836 5351/6480/4837
f 3119/6476/4833 5372/6481/4838 5371/6482/4839 3120/6477/4834
f 3120/6477/4834 5371/6482/4839 5811/6483/4840 5352/6479/4836
f 3115/6475/4832 3116/6478/4835 3121/6484/4841 3117/6485/4842
f 3117/6485/4842 3121/6484/4841 5374/6486/4843 5375/6487/4844
f 3116/6478/4835 5351/6480/4837 5350/6488/4845 3121/6484/4841
f 3121/6484/4841 5350/6488/4845 5810/6489/4846 5374/6486/4843
f 3115/6475/4832 3117/6485/4842 3122/6490/4847 3118/6491/4848
f 3118/6491/4848 3122/6490/4847 5368/6492/4849 5369/6493/4850
f 3117/6485/4842 5375/6487/4844 5376/6494/4851 3122/6490/4847
f 3122/6490/4847 5376/6494/4851 5819/6495/4852 5368/6492/4849
f 3115/6475/4832 3118/6491/4848 3123/6496/4853 3119/6476/4833
f 3119/6476/4833 3123/6496/4853 5373/6497/4854 5372/6481/4838
f 3118/6491/4848 5369/6493/4850 5370/6498/4855 3123/6496/4853
f 3123/6496/4853 5370/6498/4855 5820/6499/4856 5373/6497/4854
f 3124/6500/4857 3128/6501/4858 3129/6502/4859 3125/6503/4860
f 3125/6503/4860 3129/6502/4859 5349/6504/4861 5348/6505/4862
f 3128/6501/4858 5375/6487/4844 5374/6486/4843 3129/6502/4859
f 3129/6502/4859 5374/6486/4843 5810/6489/4846 5349/6504/4861
f 3124/6500/4857 3125/6503/4860 3130/6506/4863 3126/6507/4864
f 3126/6507/4864 3130/6506/4863 5377/6508/4865 5378/6509/4866
f 3125/6503/4860 5348/6505/4862 5347/6510/4867 3130/6506/4863
f 3130/6506/4863 5347/6510/4867 5809/6511/4868 5377/6508/4865
f 3124/6500/4857 3126/6507/4864 3131/6512/4869 3127/6513/4870
f 3127/6513/4870 3131/6512/4869 5365/6514/4871 5366/6515/4872
f 3126/6507/4864 5378/6509/4866 5379/6516/4873 3131/6512/4869
f 3131/6512/4869 5379/6516/4873 5818/6517/4874 5365/6514/4871
f 3124/6500/4857 3127/6513/4870 3132/6518/4875 3128/6501/4858
f 3128/6501/4858 3132/6518/4875 5376/6494/4851 5375/6487/4844
f 3127/6513/4870 5366/6515/4872 5367/6519/4876 3132/6518/4875
f 3132/6518/4875 5367/6519/4876 5819/6495/4852 5376/6494/4851
f 3133/6520/4877 3137/6521/4878 3138/6522/4879 3134/6523/4880
f 3134/6523/4880 3138/6522/4879 5359/6524/4881 5360/6525/4882
f 3137/6521/4878 5381/6526/4883 5380/6527/4884 3138/6522/4879
f 3138/6522/4879 5380/6527/4884 5815/6528/4885 5359/6524/4881
f 3133/6520/4877 3134/6523/4880 3139/6529/4886 3135/6530/4887
f 3135/6530/4887 3139/6529/4886 5383/6531/4888 5384/6532/4889
f 3134/6523/4880 5360/6525/4882 5361/6533/4890 3139/6529/4886
f 3139/6529/4886 5361/6533/4890 5816/6534/4891 5383/6531/4888
f 3133/6520/4877 3135/6530/4887 3140/6535/4892 3136/6536/4893
f 3136/6536/4893 3140/6535/4892 5367/6537/4876 5366/6538/4872
f 3135/6530/4887 5384/6532/4889 5385/6539/4894 3140/6535/4892
f 3140/6535/4892 5385/6539/4894 5819/6540/4852 5367/6537/4876
f 3133/6520/4877 3136/6536/4893 3141/6541/4895 3137/6521/4878
f 3137/6521/4878 3141/6541/4895 5382/6542/4896 5381/6526/4883
f 3136/6536/4893 5366/6538/4872 5365/6543/4871 3141/6541/4895
f 3141/6541/4895 5365/6543/4871 5818/6544/4874 5382/6542/4896
f 3142/6545/4897 3146/6546/4898 3147/6547/4899 3143/6548/4900
f 3143/6548/4900 3147/6547/4899 5362/6549/4901 5363/6550/4902
f 3146/6546/4898 5384/6532/4889 5383/6531/4888 3147/6547/4899
f 3147/6547/4899 5383/6531/4888 5816/6534/4891 5362/6549/4901
f 3142/6545/4897 3143/6548/4900 3148/6551/4903 3144/6552/4904
f 3144/6552/4904 3148/6551/4903 5386/6553/4905 5387/6554/4906
f 3143/6548/4900 5363/6550/4902 5364/6555/4907 3148/6551/4903
f 3148/6551/4903 5364/6555/4907 5817/6556/4908 5386/6553/4905
f 3142/6545/4897 3144/6552/4904 3149/6557/4909 3145/6558/4910
f 3145/6558/4910 3149/6557/4909 5370/6559/4855 5369/6560/4850
f 3144/6552/4904 5387/6554/4906 5388/6561/4911 3149/6557/4909
f 3149/6557/4909 5388/6561/4911 5820/6562/4856 5370/6559/4855
f 3142/6545/4897 3145/6558/4910 3150/6563/4912 3146/6546/4898
f 3146/6546/4898 3150/6563/4912 5385/6539/4894 5384/6532/4889
f 3145/6558/4910 5369/6560/4850 5368/6564/4849 3150/6563/4912
f 3150/6563/4912 5368/6564/4849 5819/6540/4852 5385/6539/4894
f 3151/6565/4913 3155/6566/4914 3156/6567/4915 3152/6568/4916
f 3152/6568/4916 3156/6567/4915 5353/6569/4917 5354/6570/4918
f 3155/6566/4914 5390/6571/4919 5389/6572/4920 3156/6567/4915
f 3156/6567/4915 5389/6572/4920 5812/6573/4921 5353/6569/4917
f 3151/6565/4913 3152/6568/4916 3157/6574/4922 3153/6575/4923
f 3153/6575/4923 3157/6574/4922 5392/6576/4924 5393/6577/4925
f 3152/6568/4916 5354/6570/4918 5355/6578/4926 3157/6574/4922
f 3157/6574/4922 5355/6578/4926 5813/6579/4927 5392/6576/4924
f 3151/6565/4913 3153/6575/4923 3158/6580/4928 3154/6581/4929
f 3154/6581/4929 3158/6580/4928 5361/6582/4890 5360/6583/4882
f 3153/6575/4923 5393/6577/4925 5394/6584/4930 3158/6580/4928
f 3158/6580/4928 5394/6584/4930 5816/6585/4891 5361/6582/4890
f 3151/6565/4913 3154/6581/4929 3159/6586/4931 3155/6566/4914
f 3155/6566/4914 3159/6586/4931 5391/6587/4932 5390/6571/4919
f 3154/6581/4929 5360/6583/4882 5359/6588/4881 3159/6586/4931
f 3159/6586/4931 5359/6588/4881 5815/6589/4885 5391/6587/4932
f 3160/6590/4933 3164/6591/4934 3165/6592/4935 3161/6593/4936
f 3161/6593/4936 3165/6592/4935 5356/6594/4937 5357/6595/4938
f 3164/6591/4934 5393/6577/4925 5392/6576/4924 3165/6592/4935
f 3165/6592/4935 5392/6576/4924 5813/6579/4927 5356/6594/4937
f 3160/6590/4933 3161/6593/4936 3166/6596/4939 3162/6597/4940
f 3162/6597/4940 3166/6596/4939 5395/6598/4941 5396/6599/4942
f 3161/6593/4936 5357/6595/4938 5358/6600/4943 3166/6596/4939
f 3166/6596/4939 5358/6600/4943 5814/6601/4944 5395/6598/4941
f 3160/6590/4933 3162/6597/4940 3167/6602/4945 3163/6603/4946
f 3163/6603/4946 3167/6602/4945 5364/6604/4907 5363/6605/4902
f 3162/6597/4940 5396/6599/4942 5397/6606/4947 3167/6602/4945
f 3167/6602/4945 5397/6606/4947 5817/6607/4908 5364/6604/4907
f 3160/6590/4933 3163/6603/4946 3168/6608/4948 3164/6591/4934
f 3164/6591/4934 3168/6608/4948 5394/6584/4930 5393/6577/4925
f 3163/6603/4946 5363/6605/4902 5362/6609/4901 3168/6608/4948
f 3168/6608/4948 5362/6609/4901 5816/6585/4891 5394/6584/4930
f 3169/6610/4949 3173/6611/4950 3174/6612/4951 3170/6613/4952
f 3170/6613/4952 3174/6612/4951 5347/6614/4867 5348/6615/4862
f 3173/6611/4950 5399/6616/4953 5398/6617/4954 3174/6612/4951
f 3174/6612/4951 5398/6617/4954 5809/6618/4868 5347/6614/4867
f 3169/6610/4949 3170/6613/4952 3175/6619/4955 3171/6620/4956
f 3171/6620/4956 3175/6619/4955 5401/6621/4957 5402/6622/4958
f 3170/6613/4952 5348/6615/4862 5349/6623/4861 3175/6619/4955
f 3175/6619/4955 5349/6623/4861 5810/6624/4846 5401/6621/4957
f 3169/6610/4949 3171/6620/4956 3176/6625/4959 3172/6626/4960
f 3172/6626/4960 3176/6625/4959 5355/6627/4926 5354/6628/4918
f 3171/6620/4956 5402/6622/4958 5403/6629/4961 3176/6625/4959
f 3176/6625/4959 5403/6629/4961 5813/6630/4927 5355/6627/4926
f 3169/6610/4949 3172/6626/4960 3177/6631/4962 3173/6611/4950
f 3173/6611/4950 3177/6631/4962 5400/6632/4963 5399/6616/4953
f 3172/6626/4960 5354/6628/4918 5353/6633/4917 3177/6631/4962
f 3177/6631/4962 5353/6633/4917 5812/6634/4921 5400/6632/4963
f 3178/6635/4964 3182/6636/4965 3183/6637/4966 3179/6638/4967
f 3179/6638/4967 3183/6637/4966 5350/6639/4845 5351/6640/4837
f 3182/6636/4965 5402/6622/4958 5401/6621/4957 3183/6637/4966
f 3183/6637/4966 5401/6621/4957 5810/6624/4846 5350/6639/4845
f 3178/6635/4964 3179/6638/4967 3184/6641/4968 3180/6642/4969
f 3180/6642/4969 3184/6641/4968 5404/6643/4970 5405/6644/4971
f 3179/6638/4967 5351/6640/4837 5352/6645/4836 3184/6641/4968
f 3184/6641/4968 5352/6645/4836 5811/6646/4840 5404/6643/4970
f 3178/6635/4964 3180/6642/4969 3185/6647/4972 3181/6648/4973
f 3181/6648/4973 3185/6647/4972 5358/6649/4943 5357/6650/4938
f 3180/6642/4969 5405/6644/4971 5406/6651/4974 3185/6647/4972
f 3185/6647/4972 5406/6651/4974 5814/6652/4944 5358/6649/4943
f 3178/6635/4964 3181/6648/4973 3186/6653/4975 3182/6636/4965
f 3182/6636/4965 3186/6653/4975 5403/6629/4961 5402/6622/4958
f 3181/6648/4973 5357/6650/4938 5356/6654/4937 3186/6653/4975
f 3186/6653/4975 5356/6654/4937 5813/6630/4927 5403/6629/4961
f 3187/6655/4976 3191/6656/4977 3192/6657/4978 3188/6658/4979
f 3188/6658/4979 3192/6657/4978 5397/6606/4947 5396/6599/4942
f 3191/6656/4977 5420/6659/4980 5421/6660/4981 3192/6657/4978
f 3192/6657/4978 5421/6660/4981 5817/6607/4908 5397/6606/4947
f 3187/6655/4976 3188/6658/4979 3193/6661/4982 3189/6662/4983
f 3189/6662/4983 3193/6661/4982 5422/6663/4984 5423/6664/4985
f 3188/6658/4979 5396/6599/4942 5395/6598/4941 3193/6661/4982
f 3193/6661/4982 5395/6598/4941 5814/6601/4944 5422/6663/4984
f 3187/6655/4976 3189/6662/4983 3194/6665/4986 3190/6666/4987
f 3190/6666/4987 3194/6665/4986 5413/6667/4988 5414/6668/4989
f 3189/6662/4983 5423/6664/4985 5424/6669/4990 3194/6665/4986
f 3194/6665/4986 5424/6669/4990 5822/6670/4991 5413/6667/4988
f 3187/6655/4976 3190/6666/4987 3195/6671/4992 3191/6656/4977
f 3191/6656/4977 3195/6671/4992 5419/6672/4993 5420/6659/4980
f 3190/6666/4987 5414/6668/4989 5415/6673/4994 3195/6671/4992
f 3195/6671/4992 5415/6673/4994 5823/6674/4995 5419/6672/4993
f 3196/6675/4996 3200/6676/4997 3201/6677/4998 3197/6678/4999
f 3197/6678/4999 3201/6677/4998 5371/6482/4839 5372/6481/4838
f 3200/6676/4997 5426/6679/5000 5427/6680/5001 3201/6677/4998
f 3201/6677/4998 5427/6680/5001 5811/6483/4840 5371/6482/4839
f 3196/6675/4996 3197/6678/4999 3202/6681/5002 3198/6682/5003
f 3198/6682/5003 3202/6681/5002 5428/6683/5004 5429/6684/5005
f 3197/6678/4999 5372/6481/4838 5373/6497/4854 3202/6681/5002
f 3202/6681/5002 5373/6497/4854 5820/6499/4856 5428/6683/5004
f 3196/6675/4996 3198/6682/5003 3203/6685/5006 3199/6686/5007
f 3199/6686/5007 3203/6685/5006 5409/6687/5008 5408/6688/5009
f 3198/6682/5003 5429/6684/5005 5430/6689/5010 3203/6685/5006
f 3203/6685/5006 5430/6689/5010 5824/6690/5011 5409/6687/5008
f 3196/6675/4996 3199/6686/5007 3204/6691/5012 3200/6676/4997
f 3200/6676/4997 3204/6691/5012 5425/6692/5013 5426/6679/5000
f 3199/6686/5007 5408/6688/5009 5407/6693/5014 3204/6691/5012
f 3204/6691/5012 5407/6693/5014 5821/6694/5015 5425/6692/5013
f 3205/6695/5016 3209/6696/5017 3210/6697/5018 3206/6698/5019
f 3206/6698/5019 3210/6697/5018 5406/6651/4974 5405/6644/4971
f 3209/6696/5017 5423/6699/4985 5422/6700/4984 3210/6697/5018
f 3210/6697/5018 5422/6700/4984 5814/6652/4944 5406/6651/4974
f 3205/6695/5016 3206/6698/5019 3211/6701/5020 3207/6702/5021
f 3207/6702/5021 3211/6701/5020 5427/6703/5001 5426/6704/5000
f 3206/6698/5019 5405/6644/4971 5404/6643/4970 3211/6701/5020
f 3211/6701/5020 5404/6643/4970 5811/6646/4840 5427/6703/5001
f 3205/6695/5016 3207/6702/5021 3212/6705/5022 3208/6706/5023
f 3208/6706/5023 3212/6705/5022 5416/6707/5024 5417/6708/5025
f 3207/6702/5021 5426/6704/5000 5425/6709/5013 3212/6705/5022
f 3212/6705/5022 5425/6709/5013 5821/6710/5015 5416/6707/5024
f 3205/6695/5016 3208/6706/5023 3213/6711/5026 3209/6696/5017
f 3209/6696/5017 3213/6711/5026 5424/6712/4990 5423/6699/4985
f 3208/6706/5023 5417/6708/5025 5418/6713/5027 3213/6711/5026
f 3213/6711/5026 5418/6713/5027 5822/6714/4991 5424/6712/4990
f 3214/6715/5028 3218/6716/5029 3219/6717/5030 3215/6718/5031
f 3215/6718/5031 3219/6717/5030 5388/6561/4911 5387/6554/4906
f 3218/6716/5029 5429/6719/5005 5428/6720/5004 3219/6717/5030
f 3219/6717/5030 5428/6720/5004 5820/6562/4856 5388/6561/4911
f 3214/6715/5028 3215/6718/5031 3220/6721/5032 3216/6722/5033
f 3216/6722/5033 3220/6721/5032 5421/6723/4981 5420/6724/4980
f 3215/6718/5031 5387/6554/4906 5386/6553/4905 3220/6721/5032
f 3220/6721/5032 5386/6553/4905 5817/6556/4908 5421/6723/4981
f 3214/6715/5028 3216/6722/5033 3221/6725/5034 3217/6726/5035
f 3217/6726/5035 3221/6725/5034 5410/6727/5036 5411/6728/5037
f 3216/6722/5033 5420/6724/4980 5419/6729/4993 3221/6725/5034
f 3221/6725/5034 5419/6729/4993 5823/6730/4995 5410/6727/5036
f 3214/6715/5028 3217/6726/5035 3222/6731/5038 3218/6716/5029
f 3218/6716/5029 3222/6731/5038 5430/6732/5010 5429/6719/5005
f 3217/6726/5035 5411/6728/5037 5412/6733/5039 3222/6731/5038
f 3222/6731/5038 5412/6733/5039 5824/6734/5011 5430/6732/5010
f 3223/6735/5040 3227/6736/5041 3228/6737/5042 3224/6738/5043
f 3224/6738/5043 3228/6737/5042 5389/6572/4920 5390/6571/4919
f 3227/6736/5041 5444/6739/5044 5445/6740/5045 3228/6737/5042
f 3228/6737/5042 5445/6740/5045 5812/6573/4921 5389/6572/4920
f 3223/6735/5040 3224/6738/5043 3229/6741/5046 3225/6742/5047
f 3225/6742/5047 3229/6741/5046 5446/6743/5048 5447/6744/5049
f 3224/6738/5043 5390/6571/4919 5391/6587/4932 3229/6741/5046
f 3229/6741/5046 5391/6587/4932 5815/6589/4885 5446/6743/5048
f 3223/6735/5040 3225/6742/5047 3230/6745/5050 3226/6746/5051
f 3226/6746/5051 3230/6745/5050 5439/6747/5052 5438/6748/5053
f 3225/6742/5047 5447/6744/5049 5448/6749/5054 3230/6745/5050
f 3230/6745/5050 5448/6749/5054 5827/6750/5055 5439/6747/5052
f 3223/6735/5040 3226/6746/5051 3231/6751/5056 3227/6736/5041
f 3227/6736/5041 3231/6751/5056 5443/6752/5057 5444/6739/5044
f 3226/6746/5051 5438/6748/5053 5437/6753/5058 3231/6751/5056
f 3231/6751/5056 5437/6753/5058 5826/6754/5059 5443/6752/5057
f 3232/6755/5060 3236/6756/5061 3237/6757/5062 3233/6758/5063
f 3233/6758/5063 3237/6757/5062 5379/6516/4873 5378/6509/4866
f 3236/6756/5061 5450/6759/5064 5451/6760/5065 3237/6757/5062
f 3237/6757/5062 5451/6760/5065 5818/6517/4874 5379/6516/4873
f 3232/6755/5060 3233/6758/5063 3238/6761/5066 3234/6762/5067
f 3234/6762/5067 3238/6761/5066 5452/6763/5068 5453/6764/5069
f 3233/6758/5063 5378/6509/4866 5377/6508/4865 3238/6761/5066
f 3238/6761/5066 5377/6508/4865 5809/6511/4868 5452/6763/5068
f 3232/6755/5060 3234/6762/5067 3239/6765/5070 3235/6766/5071
f 3235/6766/5071 3239/6765/5070 5431/6767/5072 5432/6768/5073
f 3234/6762/5067 5453/6764/5069 5454/6769/5074 3239/6765/5070
f 3239/6765/5070 5454/6769/5074 5825/6770/5075 5431/6767/5072
f 3232/6755/5060 3235/6766/5071 3240/6771/5076 3236/6756/5061
f 3236/6756/5061 3240/6771/5076 5449/6772/5077 5450/6759/5064
f 3235/6766/5071 5432/6768/5073 5433/6773/5078 3240/6771/5076
f 3240/6771/5076 5433/6773/5078 5828/6774/5079 5449/6772/5077
f 3241/6775/5080 3245/6776/5081 3246/6777/5082 3242/6778/5083
f 3242/6778/5083 3246/6777/5082 5398/6617/4954 5399/6616/4953
f 3245/6776/5081 5453/6779/5069 5452/6780/5068 3246/6777/5082
f 3246/6777/5082 5452/6780/5068 5809/6618/4868 5398/6617/4954
f 3241/6775/5080 3242/6778/5083 3247/6781/5084 3243/6782/5085
f 3243/6782/5085 3247/6781/5084 5445/6783/5045 5444/6784/5044
f 3242/6778/5083 5399/6616/4953 5400/6632/4963 3247/6781/5084
f 3247/6781/5084 5400/6632/4963 5812/6634/4921 5445/6783/5045
f 3241/6775/5080 3243/6782/5085 3248/6785/5086 3244/6786/5087
f 3244/6786/5087 3248/6785/5086 5442/6787/5088 5441/6788/5089
f 3243/6782/5085 5444/6784/5044 5443/6789/5057 3248/6785/5086
f 3248/6785/5086 5443/6789/5057 5826/6790/5059 5442/6787/5088
f 3241/6775/5080 3244/6786/5087 3249/6791/5090 3245/6776/5081
f 3245/6776/5081 3249/6791/5090 5454/6792/5074 5453/6779/5069
f 3244/6786/5087 5441/6788/5089 5440/6793/5091 3249/6791/5090
f 3249/6791/5090 5440/6793/5091 5825/6794/5075 5454/6792/5074
f 3250/6795/5092 3254/6796/5093 3255/6797/5094 3251/6798/5095
f 3251/6798/5095 3255/6797/5094 5380/6527/4884 5381/6526/4883
f 3254/6796/5093 5447/6799/5049 5446/6800/5048 3255/6797/5094
f 3255/6797/5094 5446/6800/5048 5815/6528/4885 5380/6527/4884
f 3250/6795/5092 3251/6798/5095 3256/6801/5096 3252/6802/5097
f 3252/6802/5097 3256/6801/5096 5451/6803/5065 5450/6804/5064
f 3251/6798/5095 5381/6526/4883 5382/6542/4896 3256/6801/5096
f 3256/6801/5096 5382/6542/4896 5818/6544/4874 5451/6803/5065
f 3250/6795/5092 3252/6802/5097 3257/6805/5098 3253/6806/5099
f 3253/6806/5099 3257/6805/5098 5436/6807/5100 5435/6808/5101
f 3252/6802/5097 5450/6804/5064 5449/6809/5077 3257/6805/5098
f 3257/6805/5098 5449/6809/5077 5828/6810/5079 5436/6807/5100
f 3250/6795/5092 3253/6806/5099 3258/6811/5102 3254/6796/5093
f 3254/6796/5093 3258/6811/5102 5448/6812/5054 5447/6799/5049
f 3253/6806/5099 5435/6808/5101 5434/6813/5103 3258/6811/5102
f 3258/6811/5102 5434/6813/5103 5827/6814/5055 5448/6812/5054
